timingDomain,scene,condition,variant,mode,pair,order,metric,count,mean,median,p95,p99,drawCallsMedian,triangleCount,gbufferBytes,cameraSignature,exeSha256,resultPath
gpu,sponza,ssao-off,A,explicit,1,1,GPU Frame,2000,0.807655,0.787424,0.926306,1.013335,397.0,262267,72576000,365C8986189894CC62947B217B199DD61394551C2D6DA18299D04107B49ECA86,DAC2B05BCB69D638BACEB224D3B34E945D5BFDF56A2F78B399C4BB0A84B8D13A,C:\Users\Link\Dev\OpenGL_Learn\OpenGL_Learn\benchmark-results\gbuffer-position-reconstruction\gbuffer-position-formal-20260801-v3\raw\sponza\ssao-off\order-1-pair-1-A.json
gpu,sponza,ssao-off,A,explicit,1,1,G-Buffer Geometry,2000,0.451036,0.449008,0.45216,0.465832,397.0,262267,72576000,365C8986189894CC62947B217B199DD61394551C2D6DA18299D04107B49ECA86,DAC2B05BCB69D638BACEB224D3B34E945D5BFDF56A2F78B399C4BB0A84B8D13A,C:\Users\Link\Dev\OpenGL_Learn\OpenGL_Learn\benchmark-results\gbuffer-position-reconstruction\gbuffer-position-formal-20260801-v3\raw\sponza\ssao-off\order-1-pair-1-A.json
gpu,sponza,ssao-off,A,explicit,1,1,Depth/Stencil Copy,2000,0.05179,0.049312,0.050208,0.105729,397.0,262267,72576000,365C8986189894CC62947B217B199DD61394551C2D6DA18299D04107B49ECA86,DAC2B05BCB69D638BACEB224D3B34E945D5BFDF56A2F78B399C4BB0A84B8D13A,C:\Users\Link\Dev\OpenGL_Learn\OpenGL_Learn\benchmark-results\gbuffer-position-reconstruction\gbuffer-position-formal-20260801-v3\raw\sponza\ssao-off\order-1-pair-1-A.json
gpu,sponza,ssao-off,A,explicit,1,1,SSAO Generate,0,,,,,397.0,262267,72576000,365C8986189894CC62947B217B199DD61394551C2D6DA18299D04107B49ECA86,DAC2B05BCB69D638BACEB224D3B34E945D5BFDF56A2F78B399C4BB0A84B8D13A,C:\Users\Link\Dev\OpenGL_Learn\OpenGL_Learn\benchmark-results\gbuffer-position-reconstruction\gbuffer-position-formal-20260801-v3\raw\sponza\ssao-off\order-1-pair-1-A.json
gpu,sponza,ssao-off,A,explicit,1,1,SSAO Upsample,0,,,,,397.0,262267,72576000,365C8986189894CC62947B217B199DD61394551C2D6DA18299D04107B49ECA86,DAC2B05BCB69D638BACEB224D3B34E945D5BFDF56A2F78B399C4BB0A84B8D13A,C:\Users\Link\Dev\OpenGL_Learn\OpenGL_Learn\benchmark-results\gbuffer-position-reconstruction\gbuffer-position-formal-20260801-v3\raw\sponza\ssao-off\order-1-pair-1-A.json
gpu,sponza,ssao-off,A,explicit,1,1,Deferred Lighting,2000,0.146664,0.137632,0.273184,0.27597,397.0,262267,72576000,365C8986189894CC62947B217B199DD61394551C2D6DA18299D04107B49ECA86,DAC2B05BCB69D638BACEB224D3B34E945D5BFDF56A2F78B399C4BB0A84B8D13A,C:\Users\Link\Dev\OpenGL_Learn\OpenGL_Learn\benchmark-results\gbuffer-position-reconstruction\gbuffer-position-formal-20260801-v3\raw\sponza\ssao-off\order-1-pair-1-A.json
gpu,sponza,ssao-off,A,explicit,1,1,Deferred Pass,2000,0.680081,0.661888,0.798306,0.884293,397.0,262267,72576000,365C8986189894CC62947B217B199DD61394551C2D6DA18299D04107B49ECA86,DAC2B05BCB69D638BACEB224D3B34E945D5BFDF56A2F78B399C4BB0A84B8D13A,C:\Users\Link\Dev\OpenGL_Learn\OpenGL_Learn\benchmark-results\gbuffer-position-reconstruction\gbuffer-position-formal-20260801-v3\raw\sponza\ssao-off\order-1-pair-1-A.json
cpu,sponza,ssao-off,A,explicit,1,1,CPU Frame,2000,2.270419,2.24165,2.64639,2.844377,397.0,262267,72576000,365C8986189894CC62947B217B199DD61394551C2D6DA18299D04107B49ECA86,DAC2B05BCB69D638BACEB224D3B34E945D5BFDF56A2F78B399C4BB0A84B8D13A,C:\Users\Link\Dev\OpenGL_Learn\OpenGL_Learn\benchmark-results\gbuffer-position-reconstruction\gbuffer-position-formal-20260801-v3\raw\sponza\ssao-off\order-1-pair-1-A.json
cpu,sponza,ssao-off,A,explicit,1,1,G-Buffer Geometry,2000,0.105792,0.1013,0.14352,0.197205,397.0,262267,72576000,365C8986189894CC62947B217B199DD61394551C2D6DA18299D04107B49ECA86,DAC2B05BCB69D638BACEB224D3B34E945D5BFDF56A2F78B399C4BB0A84B8D13A,C:\Users\Link\Dev\OpenGL_Learn\OpenGL_Learn\benchmark-results\gbuffer-position-reconstruction\gbuffer-position-formal-20260801-v3\raw\sponza\ssao-off\order-1-pair-1-A.json
cpu,sponza,ssao-off,A,explicit,1,1,Depth/Stencil Copy,2000,0.000475,0.0004,0.0007,0.0011,397.0,262267,72576000,365C8986189894CC62947B217B199DD61394551C2D6DA18299D04107B49ECA86,DAC2B05BCB69D638BACEB224D3B34E945D5BFDF56A2F78B399C4BB0A84B8D13A,C:\Users\Link\Dev\OpenGL_Learn\OpenGL_Learn\benchmark-results\gbuffer-position-reconstruction\gbuffer-position-formal-20260801-v3\raw\sponza\ssao-off\order-1-pair-1-A.json
cpu,sponza,ssao-off,A,explicit,1,1,SSAO Generate,0,,,,,397.0,262267,72576000,365C8986189894CC62947B217B199DD61394551C2D6DA18299D04107B49ECA86,DAC2B05BCB69D638BACEB224D3B34E945D5BFDF56A2F78B399C4BB0A84B8D13A,C:\Users\Link\Dev\OpenGL_Learn\OpenGL_Learn\benchmark-results\gbuffer-position-reconstruction\gbuffer-position-formal-20260801-v3\raw\sponza\ssao-off\order-1-pair-1-A.json
cpu,sponza,ssao-off,A,explicit,1,1,SSAO Upsample,0,,,,,397.0,262267,72576000,365C8986189894CC62947B217B199DD61394551C2D6DA18299D04107B49ECA86,DAC2B05BCB69D638BACEB224D3B34E945D5BFDF56A2F78B399C4BB0A84B8D13A,C:\Users\Link\Dev\OpenGL_Learn\OpenGL_Learn\benchmark-results\gbuffer-position-reconstruction\gbuffer-position-formal-20260801-v3\raw\sponza\ssao-off\order-1-pair-1-A.json
cpu,sponza,ssao-off,A,explicit,1,1,Deferred Lighting,2000,0.010227,0.0097,0.0128,0.020333,397.0,262267,72576000,365C8986189894CC62947B217B199DD61394551C2D6DA18299D04107B49ECA86,DAC2B05BCB69D638BACEB224D3B34E945D5BFDF56A2F78B399C4BB0A84B8D13A,C:\Users\Link\Dev\OpenGL_Learn\OpenGL_Learn\benchmark-results\gbuffer-position-reconstruction\gbuffer-position-formal-20260801-v3\raw\sponza\ssao-off\order-1-pair-1-A.json
cpu,sponza,ssao-off,A,explicit,1,1,Deferred Pass,2000,0.224987,0.21815,0.299215,0.373003,397.0,262267,72576000,365C8986189894CC62947B217B199DD61394551C2D6DA18299D04107B49ECA86,DAC2B05BCB69D638BACEB224D3B34E945D5BFDF56A2F78B399C4BB0A84B8D13A,C:\Users\Link\Dev\OpenGL_Learn\OpenGL_Learn\benchmark-results\gbuffer-position-reconstruction\gbuffer-position-formal-20260801-v3\raw\sponza\ssao-off\order-1-pair-1-A.json
gpu,sponza,ssao-off,B,reconstruct,1,2,GPU Frame,2000,0.710146,0.68272,0.822403,0.94127,397.0,262267,55987200,365C8986189894CC62947B217B199DD61394551C2D6DA18299D04107B49ECA86,DAC2B05BCB69D638BACEB224D3B34E945D5BFDF56A2F78B399C4BB0A84B8D13A,C:\Users\Link\Dev\OpenGL_Learn\OpenGL_Learn\benchmark-results\gbuffer-position-reconstruction\gbuffer-position-formal-20260801-v3\raw\sponza\ssao-off\order-2-pair-1-B.json
gpu,sponza,ssao-off,B,reconstruct,1,2,G-Buffer Geometry,2000,0.356258,0.351712,0.354402,0.524548,397.0,262267,55987200,365C8986189894CC62947B217B199DD61394551C2D6DA18299D04107B49ECA86,DAC2B05BCB69D638BACEB224D3B34E945D5BFDF56A2F78B399C4BB0A84B8D13A,C:\Users\Link\Dev\OpenGL_Learn\OpenGL_Learn\benchmark-results\gbuffer-position-reconstruction\gbuffer-position-formal-20260801-v3\raw\sponza\ssao-off\order-2-pair-1-B.json
gpu,sponza,ssao-off,B,reconstruct,1,2,Depth/Stencil Copy,2000,0.052537,0.048512,0.049666,0.182886,397.0,262267,55987200,365C8986189894CC62947B217B199DD61394551C2D6DA18299D04107B49ECA86,DAC2B05BCB69D638BACEB224D3B34E945D5BFDF56A2F78B399C4BB0A84B8D13A,C:\Users\Link\Dev\OpenGL_Learn\OpenGL_Learn\benchmark-results\gbuffer-position-reconstruction\gbuffer-position-formal-20260801-v3\raw\sponza\ssao-off\order-2-pair-1-B.json
gpu,sponza,ssao-off,B,reconstruct,1,2,SSAO Generate,0,,,,,397.0,262267,55987200,365C8986189894CC62947B217B199DD61394551C2D6DA18299D04107B49ECA86,DAC2B05BCB69D638BACEB224D3B34E945D5BFDF56A2F78B399C4BB0A84B8D13A,C:\Users\Link\Dev\OpenGL_Learn\OpenGL_Learn\benchmark-results\gbuffer-position-reconstruction\gbuffer-position-formal-20260801-v3\raw\sponza\ssao-off\order-2-pair-1-B.json
gpu,sponza,ssao-off,B,reconstruct,1,2,SSAO Upsample,0,,,,,397.0,262267,55987200,365C8986189894CC62947B217B199DD61394551C2D6DA18299D04107B49ECA86,DAC2B05BCB69D638BACEB224D3B34E945D5BFDF56A2F78B399C4BB0A84B8D13A,C:\Users\Link\Dev\OpenGL_Learn\OpenGL_Learn\benchmark-results\gbuffer-position-reconstruction\gbuffer-position-formal-20260801-v3\raw\sponza\ssao-off\order-2-pair-1-B.json
gpu,sponza,ssao-off,B,reconstruct,1,2,Deferred Lighting,2000,0.133082,0.13024,0.131648,0.266817,397.0,262267,55987200,365C8986189894CC62947B217B199DD61394551C2D6DA18299D04107B49ECA86,DAC2B05BCB69D638BACEB224D3B34E945D5BFDF56A2F78B399C4BB0A84B8D13A,C:\Users\Link\Dev\OpenGL_Learn\OpenGL_Learn\benchmark-results\gbuffer-position-reconstruction\gbuffer-position-formal-20260801-v3\raw\sponza\ssao-off\order-2-pair-1-B.json
gpu,sponza,ssao-off,B,reconstruct,1,2,Deferred Pass,2000,0.575642,0.55648,0.691686,0.813976,397.0,262267,55987200,365C8986189894CC62947B217B199DD61394551C2D6DA18299D04107B49ECA86,DAC2B05BCB69D638BACEB224D3B34E945D5BFDF56A2F78B399C4BB0A84B8D13A,C:\Users\Link\Dev\OpenGL_Learn\OpenGL_Learn\benchmark-results\gbuffer-position-reconstruction\gbuffer-position-formal-20260801-v3\raw\sponza\ssao-off\order-2-pair-1-B.json
cpu,sponza,ssao-off,B,reconstruct,1,2,CPU Frame,2000,2.139803,2.09525,2.549375,2.790821,397.0,262267,55987200,365C8986189894CC62947B217B199DD61394551C2D6DA18299D04107B49ECA86,DAC2B05BCB69D638BACEB224D3B34E945D5BFDF56A2F78B399C4BB0A84B8D13A,C:\Users\Link\Dev\OpenGL_Learn\OpenGL_Learn\benchmark-results\gbuffer-position-reconstruction\gbuffer-position-formal-20260801-v3\raw\sponza\ssao-off\order-2-pair-1-B.json
cpu,sponza,ssao-off,B,reconstruct,1,2,G-Buffer Geometry,2000,0.103275,0.0981,0.1415,0.199603,397.0,262267,55987200,365C8986189894CC62947B217B199DD61394551C2D6DA18299D04107B49ECA86,DAC2B05BCB69D638BACEB224D3B34E945D5BFDF56A2F78B399C4BB0A84B8D13A,C:\Users\Link\Dev\OpenGL_Learn\OpenGL_Learn\benchmark-results\gbuffer-position-reconstruction\gbuffer-position-formal-20260801-v3\raw\sponza\ssao-off\order-2-pair-1-B.json
cpu,sponza,ssao-off,B,reconstruct,1,2,Depth/Stencil Copy,2000,0.000492,0.0004,0.0007,0.001001,397.0,262267,55987200,365C8986189894CC62947B217B199DD61394551C2D6DA18299D04107B49ECA86,DAC2B05BCB69D638BACEB224D3B34E945D5BFDF56A2F78B399C4BB0A84B8D13A,C:\Users\Link\Dev\OpenGL_Learn\OpenGL_Learn\benchmark-results\gbuffer-position-reconstruction\gbuffer-position-formal-20260801-v3\raw\sponza\ssao-off\order-2-pair-1-B.json
cpu,sponza,ssao-off,B,reconstruct,1,2,SSAO Generate,0,,,,,397.0,262267,55987200,365C8986189894CC62947B217B199DD61394551C2D6DA18299D04107B49ECA86,DAC2B05BCB69D638BACEB224D3B34E945D5BFDF56A2F78B399C4BB0A84B8D13A,C:\Users\Link\Dev\OpenGL_Learn\OpenGL_Learn\benchmark-results\gbuffer-position-reconstruction\gbuffer-position-formal-20260801-v3\raw\sponza\ssao-off\order-2-pair-1-B.json
cpu,sponza,ssao-off,B,reconstruct,1,2,SSAO Upsample,0,,,,,397.0,262267,55987200,365C8986189894CC62947B217B199DD61394551C2D6DA18299D04107B49ECA86,DAC2B05BCB69D638BACEB224D3B34E945D5BFDF56A2F78B399C4BB0A84B8D13A,C:\Users\Link\Dev\OpenGL_Learn\OpenGL_Learn\benchmark-results\gbuffer-position-reconstruction\gbuffer-position-formal-20260801-v3\raw\sponza\ssao-off\order-2-pair-1-B.json
cpu,sponza,ssao-off,B,reconstruct,1,2,Deferred Lighting,2000,0.010137,0.0096,0.012905,0.022514,397.0,262267,55987200,365C8986189894CC62947B217B199DD61394551C2D6DA18299D04107B49ECA86,DAC2B05BCB69D638BACEB224D3B34E945D5BFDF56A2F78B399C4BB0A84B8D13A,C:\Users\Link\Dev\OpenGL_Learn\OpenGL_Learn\benchmark-results\gbuffer-position-reconstruction\gbuffer-position-formal-20260801-v3\raw\sponza\ssao-off\order-2-pair-1-B.json
cpu,sponza,ssao-off,B,reconstruct,1,2,Deferred Pass,2000,0.219115,0.21015,0.29351,0.370135,397.0,262267,55987200,365C8986189894CC62947B217B199DD61394551C2D6DA18299D04107B49ECA86,DAC2B05BCB69D638BACEB224D3B34E945D5BFDF56A2F78B399C4BB0A84B8D13A,C:\Users\Link\Dev\OpenGL_Learn\OpenGL_Learn\benchmark-results\gbuffer-position-reconstruction\gbuffer-position-formal-20260801-v3\raw\sponza\ssao-off\order-2-pair-1-B.json
gpu,sponza,ssao-off,B,reconstruct,2,3,GPU Frame,2000,0.708154,0.682368,0.823968,0.987321,397.0,262267,55987200,365C8986189894CC62947B217B199DD61394551C2D6DA18299D04107B49ECA86,DAC2B05BCB69D638BACEB224D3B34E945D5BFDF56A2F78B399C4BB0A84B8D13A,C:\Users\Link\Dev\OpenGL_Learn\OpenGL_Learn\benchmark-results\gbuffer-position-reconstruction\gbuffer-position-formal-20260801-v3\raw\sponza\ssao-off\order-3-pair-2-B.json
gpu,sponza,ssao-off,B,reconstruct,2,3,G-Buffer Geometry,2000,0.355091,0.351648,0.353952,0.5201,397.0,262267,55987200,365C8986189894CC62947B217B199DD61394551C2D6DA18299D04107B49ECA86,DAC2B05BCB69D638BACEB224D3B34E945D5BFDF56A2F78B399C4BB0A84B8D13A,C:\Users\Link\Dev\OpenGL_Learn\OpenGL_Learn\benchmark-results\gbuffer-position-reconstruction\gbuffer-position-formal-20260801-v3\raw\sponza\ssao-off\order-3-pair-2-B.json
gpu,sponza,ssao-off,B,reconstruct,2,3,Depth/Stencil Copy,2000,0.055607,0.048512,0.056309,0.285587,397.0,262267,55987200,365C8986189894CC62947B217B199DD61394551C2D6DA18299D04107B49ECA86,DAC2B05BCB69D638BACEB224D3B34E945D5BFDF56A2F78B399C4BB0A84B8D13A,C:\Users\Link\Dev\OpenGL_Learn\OpenGL_Learn\benchmark-results\gbuffer-position-reconstruction\gbuffer-position-formal-20260801-v3\raw\sponza\ssao-off\order-3-pair-2-B.json
gpu,sponza,ssao-off,B,reconstruct,2,3,SSAO Generate,0,,,,,397.0,262267,55987200,365C8986189894CC62947B217B199DD61394551C2D6DA18299D04107B49ECA86,DAC2B05BCB69D638BACEB224D3B34E945D5BFDF56A2F78B399C4BB0A84B8D13A,C:\Users\Link\Dev\OpenGL_Learn\OpenGL_Learn\benchmark-results\gbuffer-position-reconstruction\gbuffer-position-formal-20260801-v3\raw\sponza\ssao-off\order-3-pair-2-B.json
gpu,sponza,ssao-off,B,reconstruct,2,3,SSAO Upsample,0,,,,,397.0,262267,55987200,365C8986189894CC62947B217B199DD61394551C2D6DA18299D04107B49ECA86,DAC2B05BCB69D638BACEB224D3B34E945D5BFDF56A2F78B399C4BB0A84B8D13A,C:\Users\Link\Dev\OpenGL_Learn\OpenGL_Learn\benchmark-results\gbuffer-position-reconstruction\gbuffer-position-formal-20260801-v3\raw\sponza\ssao-off\order-3-pair-2-B.json
gpu,sponza,ssao-off,B,reconstruct,2,3,Deferred Lighting,2000,0.13204,0.130336,0.131552,0.151627,397.0,262267,55987200,365C8986189894CC62947B217B199DD61394551C2D6DA18299D04107B49ECA86,DAC2B05BCB69D638BACEB224D3B34E945D5BFDF56A2F78B399C4BB0A84B8D13A,C:\Users\Link\Dev\OpenGL_Learn\OpenGL_Learn\benchmark-results\gbuffer-position-reconstruction\gbuffer-position-formal-20260801-v3\raw\sponza\ssao-off\order-3-pair-2-B.json
gpu,sponza,ssao-off,B,reconstruct,2,3,Deferred Pass,2000,0.575872,0.556448,0.691616,0.859824,397.0,262267,55987200,365C8986189894CC62947B217B199DD61394551C2D6DA18299D04107B49ECA86,DAC2B05BCB69D638BACEB224D3B34E945D5BFDF56A2F78B399C4BB0A84B8D13A,C:\Users\Link\Dev\OpenGL_Learn\OpenGL_Learn\benchmark-results\gbuffer-position-reconstruction\gbuffer-position-formal-20260801-v3\raw\sponza\ssao-off\order-3-pair-2-B.json
cpu,sponza,ssao-off,B,reconstruct,2,3,CPU Frame,2000,2.159804,2.1128,2.584205,2.91242,397.0,262267,55987200,365C8986189894CC62947B217B199DD61394551C2D6DA18299D04107B49ECA86,DAC2B05BCB69D638BACEB224D3B34E945D5BFDF56A2F78B399C4BB0A84B8D13A,C:\Users\Link\Dev\OpenGL_Learn\OpenGL_Learn\benchmark-results\gbuffer-position-reconstruction\gbuffer-position-formal-20260801-v3\raw\sponza\ssao-off\order-3-pair-2-B.json
cpu,sponza,ssao-off,B,reconstruct,2,3,G-Buffer Geometry,2000,0.105348,0.09985,0.14252,0.201306,397.0,262267,55987200,365C8986189894CC62947B217B199DD61394551C2D6DA18299D04107B49ECA86,DAC2B05BCB69D638BACEB224D3B34E945D5BFDF56A2F78B399C4BB0A84B8D13A,C:\Users\Link\Dev\OpenGL_Learn\OpenGL_Learn\benchmark-results\gbuffer-position-reconstruction\gbuffer-position-formal-20260801-v3\raw\sponza\ssao-off\order-3-pair-2-B.json
cpu,sponza,ssao-off,B,reconstruct,2,3,Depth/Stencil Copy,2000,0.000483,0.0004,0.000705,0.001,397.0,262267,55987200,365C8986189894CC62947B217B199DD61394551C2D6DA18299D04107B49ECA86,DAC2B05BCB69D638BACEB224D3B34E945D5BFDF56A2F78B399C4BB0A84B8D13A,C:\Users\Link\Dev\OpenGL_Learn\OpenGL_Learn\benchmark-results\gbuffer-position-reconstruction\gbuffer-position-formal-20260801-v3\raw\sponza\ssao-off\order-3-pair-2-B.json
cpu,sponza,ssao-off,B,reconstruct,2,3,SSAO Generate,0,,,,,397.0,262267,55987200,365C8986189894CC62947B217B199DD61394551C2D6DA18299D04107B49ECA86,DAC2B05BCB69D638BACEB224D3B34E945D5BFDF56A2F78B399C4BB0A84B8D13A,C:\Users\Link\Dev\OpenGL_Learn\OpenGL_Learn\benchmark-results\gbuffer-position-reconstruction\gbuffer-position-formal-20260801-v3\raw\sponza\ssao-off\order-3-pair-2-B.json
cpu,sponza,ssao-off,B,reconstruct,2,3,SSAO Upsample,0,,,,,397.0,262267,55987200,365C8986189894CC62947B217B199DD61394551C2D6DA18299D04107B49ECA86,DAC2B05BCB69D638BACEB224D3B34E945D5BFDF56A2F78B399C4BB0A84B8D13A,C:\Users\Link\Dev\OpenGL_Learn\OpenGL_Learn\benchmark-results\gbuffer-position-reconstruction\gbuffer-position-formal-20260801-v3\raw\sponza\ssao-off\order-3-pair-2-B.json
cpu,sponza,ssao-off,B,reconstruct,2,3,Deferred Lighting,2000,0.010697,0.0101,0.0146,0.020208,397.0,262267,55987200,365C8986189894CC62947B217B199DD61394551C2D6DA18299D04107B49ECA86,DAC2B05BCB69D638BACEB224D3B34E945D5BFDF56A2F78B399C4BB0A84B8D13A,C:\Users\Link\Dev\OpenGL_Learn\OpenGL_Learn\benchmark-results\gbuffer-position-reconstruction\gbuffer-position-formal-20260801-v3\raw\sponza\ssao-off\order-3-pair-2-B.json
cpu,sponza,ssao-off,B,reconstruct,2,3,Deferred Pass,2000,0.223326,0.2141,0.296605,0.366211,397.0,262267,55987200,365C8986189894CC62947B217B199DD61394551C2D6DA18299D04107B49ECA86,DAC2B05BCB69D638BACEB224D3B34E945D5BFDF56A2F78B399C4BB0A84B8D13A,C:\Users\Link\Dev\OpenGL_Learn\OpenGL_Learn\benchmark-results\gbuffer-position-reconstruction\gbuffer-position-formal-20260801-v3\raw\sponza\ssao-off\order-3-pair-2-B.json
gpu,sponza,ssao-off,A,explicit,2,4,GPU Frame,2000,0.807121,0.78784,0.927234,0.963201,397.0,262267,72576000,365C8986189894CC62947B217B199DD61394551C2D6DA18299D04107B49ECA86,DAC2B05BCB69D638BACEB224D3B34E945D5BFDF56A2F78B399C4BB0A84B8D13A,C:\Users\Link\Dev\OpenGL_Learn\OpenGL_Learn\benchmark-results\gbuffer-position-reconstruction\gbuffer-position-formal-20260801-v3\raw\sponza\ssao-off\order-4-pair-2-A.json
gpu,sponza,ssao-off,A,explicit,2,4,G-Buffer Geometry,2000,0.451047,0.44928,0.452512,0.473194,397.0,262267,72576000,365C8986189894CC62947B217B199DD61394551C2D6DA18299D04107B49ECA86,DAC2B05BCB69D638BACEB224D3B34E945D5BFDF56A2F78B399C4BB0A84B8D13A,C:\Users\Link\Dev\OpenGL_Learn\OpenGL_Learn\benchmark-results\gbuffer-position-reconstruction\gbuffer-position-formal-20260801-v3\raw\sponza\ssao-off\order-4-pair-2-A.json
gpu,sponza,ssao-off,A,explicit,2,4,Depth/Stencil Copy,2000,0.052751,0.049408,0.050208,0.177113,397.0,262267,72576000,365C8986189894CC62947B217B199DD61394551C2D6DA18299D04107B49ECA86,DAC2B05BCB69D638BACEB224D3B34E945D5BFDF56A2F78B399C4BB0A84B8D13A,C:\Users\Link\Dev\OpenGL_Learn\OpenGL_Learn\benchmark-results\gbuffer-position-reconstruction\gbuffer-position-formal-20260801-v3\raw\sponza\ssao-off\order-4-pair-2-A.json
gpu,sponza,ssao-off,A,explicit,2,4,SSAO Generate,0,,,,,397.0,262267,72576000,365C8986189894CC62947B217B199DD61394551C2D6DA18299D04107B49ECA86,DAC2B05BCB69D638BACEB224D3B34E945D5BFDF56A2F78B399C4BB0A84B8D13A,C:\Users\Link\Dev\OpenGL_Learn\OpenGL_Learn\benchmark-results\gbuffer-position-reconstruction\gbuffer-position-formal-20260801-v3\raw\sponza\ssao-off\order-4-pair-2-A.json
gpu,sponza,ssao-off,A,explicit,2,4,SSAO Upsample,0,,,,,397.0,262267,72576000,365C8986189894CC62947B217B199DD61394551C2D6DA18299D04107B49ECA86,DAC2B05BCB69D638BACEB224D3B34E945D5BFDF56A2F78B399C4BB0A84B8D13A,C:\Users\Link\Dev\OpenGL_Learn\OpenGL_Learn\benchmark-results\gbuffer-position-reconstruction\gbuffer-position-formal-20260801-v3\raw\sponza\ssao-off\order-4-pair-2-A.json
gpu,sponza,ssao-off,A,explicit,2,4,Deferred Lighting,2000,0.150185,0.137568,0.273536,0.276903,397.0,262267,72576000,365C8986189894CC62947B217B199DD61394551C2D6DA18299D04107B49ECA86,DAC2B05BCB69D638BACEB224D3B34E945D5BFDF56A2F78B399C4BB0A84B8D13A,C:\Users\Link\Dev\OpenGL_Learn\OpenGL_Learn\benchmark-results\gbuffer-position-reconstruction\gbuffer-position-formal-20260801-v3\raw\sponza\ssao-off\order-4-pair-2-A.json
gpu,sponza,ssao-off,A,explicit,2,4,Deferred Pass,2000,0.682678,0.662144,0.79933,0.834279,397.0,262267,72576000,365C8986189894CC62947B217B199DD61394551C2D6DA18299D04107B49ECA86,DAC2B05BCB69D638BACEB224D3B34E945D5BFDF56A2F78B399C4BB0A84B8D13A,C:\Users\Link\Dev\OpenGL_Learn\OpenGL_Learn\benchmark-results\gbuffer-position-reconstruction\gbuffer-position-formal-20260801-v3\raw\sponza\ssao-off\order-4-pair-2-A.json
cpu,sponza,ssao-off,A,explicit,2,4,CPU Frame,2000,2.229127,2.1991,2.574835,2.813059,397.0,262267,72576000,365C8986189894CC62947B217B199DD61394551C2D6DA18299D04107B49ECA86,DAC2B05BCB69D638BACEB224D3B34E945D5BFDF56A2F78B399C4BB0A84B8D13A,C:\Users\Link\Dev\OpenGL_Learn\OpenGL_Learn\benchmark-results\gbuffer-position-reconstruction\gbuffer-position-formal-20260801-v3\raw\sponza\ssao-off\order-4-pair-2-A.json
cpu,sponza,ssao-off,A,explicit,2,4,G-Buffer Geometry,2000,0.101221,0.0963,0.13751,0.20204,397.0,262267,72576000,365C8986189894CC62947B217B199DD61394551C2D6DA18299D04107B49ECA86,DAC2B05BCB69D638BACEB224D3B34E945D5BFDF56A2F78B399C4BB0A84B8D13A,C:\Users\Link\Dev\OpenGL_Learn\OpenGL_Learn\benchmark-results\gbuffer-position-reconstruction\gbuffer-position-formal-20260801-v3\raw\sponza\ssao-off\order-4-pair-2-A.json
cpu,sponza,ssao-off,A,explicit,2,4,Depth/Stencil Copy,2000,0.000442,0.0004,0.0006,0.0009,397.0,262267,72576000,365C8986189894CC62947B217B199DD61394551C2D6DA18299D04107B49ECA86,DAC2B05BCB69D638BACEB224D3B34E945D5BFDF56A2F78B399C4BB0A84B8D13A,C:\Users\Link\Dev\OpenGL_Learn\OpenGL_Learn\benchmark-results\gbuffer-position-reconstruction\gbuffer-position-formal-20260801-v3\raw\sponza\ssao-off\order-4-pair-2-A.json
cpu,sponza,ssao-off,A,explicit,2,4,SSAO Generate,0,,,,,397.0,262267,72576000,365C8986189894CC62947B217B199DD61394551C2D6DA18299D04107B49ECA86,DAC2B05BCB69D638BACEB224D3B34E945D5BFDF56A2F78B399C4BB0A84B8D13A,C:\Users\Link\Dev\OpenGL_Learn\OpenGL_Learn\benchmark-results\gbuffer-position-reconstruction\gbuffer-position-formal-20260801-v3\raw\sponza\ssao-off\order-4-pair-2-A.json
cpu,sponza,ssao-off,A,explicit,2,4,SSAO Upsample,0,,,,,397.0,262267,72576000,365C8986189894CC62947B217B199DD61394551C2D6DA18299D04107B49ECA86,DAC2B05BCB69D638BACEB224D3B34E945D5BFDF56A2F78B399C4BB0A84B8D13A,C:\Users\Link\Dev\OpenGL_Learn\OpenGL_Learn\benchmark-results\gbuffer-position-reconstruction\gbuffer-position-formal-20260801-v3\raw\sponza\ssao-off\order-4-pair-2-A.json
cpu,sponza,ssao-off,A,explicit,2,4,Deferred Lighting,2000,0.009932,0.0093,0.012205,0.025904,397.0,262267,72576000,365C8986189894CC62947B217B199DD61394551C2D6DA18299D04107B49ECA86,DAC2B05BCB69D638BACEB224D3B34E945D5BFDF56A2F78B399C4BB0A84B8D13A,C:\Users\Link\Dev\OpenGL_Learn\OpenGL_Learn\benchmark-results\gbuffer-position-reconstruction\gbuffer-position-formal-20260801-v3\raw\sponza\ssao-off\order-4-pair-2-A.json
cpu,sponza,ssao-off,A,explicit,2,4,Deferred Pass,2000,0.216666,0.20845,0.290015,0.3704,397.0,262267,72576000,365C8986189894CC62947B217B199DD61394551C2D6DA18299D04107B49ECA86,DAC2B05BCB69D638BACEB224D3B34E945D5BFDF56A2F78B399C4BB0A84B8D13A,C:\Users\Link\Dev\OpenGL_Learn\OpenGL_Learn\benchmark-results\gbuffer-position-reconstruction\gbuffer-position-formal-20260801-v3\raw\sponza\ssao-off\order-4-pair-2-A.json
gpu,sponza,ssao-off,A,explicit,3,5,GPU Frame,2000,0.808138,0.78768,0.927395,0.988766,397.0,262267,72576000,365C8986189894CC62947B217B199DD61394551C2D6DA18299D04107B49ECA86,DAC2B05BCB69D638BACEB224D3B34E945D5BFDF56A2F78B399C4BB0A84B8D13A,C:\Users\Link\Dev\OpenGL_Learn\OpenGL_Learn\benchmark-results\gbuffer-position-reconstruction\gbuffer-position-formal-20260801-v3\raw\sponza\ssao-off\order-5-pair-3-A.json
gpu,sponza,ssao-off,A,explicit,3,5,G-Buffer Geometry,2000,0.450862,0.448416,0.451616,0.609274,397.0,262267,72576000,365C8986189894CC62947B217B199DD61394551C2D6DA18299D04107B49ECA86,DAC2B05BCB69D638BACEB224D3B34E945D5BFDF56A2F78B399C4BB0A84B8D13A,C:\Users\Link\Dev\OpenGL_Learn\OpenGL_Learn\benchmark-results\gbuffer-position-reconstruction\gbuffer-position-formal-20260801-v3\raw\sponza\ssao-off\order-5-pair-3-A.json
gpu,sponza,ssao-off,A,explicit,3,5,Depth/Stencil Copy,2000,0.052357,0.049408,0.050272,0.180574,397.0,262267,72576000,365C8986189894CC62947B217B199DD61394551C2D6DA18299D04107B49ECA86,DAC2B05BCB69D638BACEB224D3B34E945D5BFDF56A2F78B399C4BB0A84B8D13A,C:\Users\Link\Dev\OpenGL_Learn\OpenGL_Learn\benchmark-results\gbuffer-position-reconstruction\gbuffer-position-formal-20260801-v3\raw\sponza\ssao-off\order-5-pair-3-A.json
gpu,sponza,ssao-off,A,explicit,3,5,SSAO Generate,0,,,,,397.0,262267,72576000,365C8986189894CC62947B217B199DD61394551C2D6DA18299D04107B49ECA86,DAC2B05BCB69D638BACEB224D3B34E945D5BFDF56A2F78B399C4BB0A84B8D13A,C:\Users\Link\Dev\OpenGL_Learn\OpenGL_Learn\benchmark-results\gbuffer-position-reconstruction\gbuffer-position-formal-20260801-v3\raw\sponza\ssao-off\order-5-pair-3-A.json
gpu,sponza,ssao-off,A,explicit,3,5,SSAO Upsample,0,,,,,397.0,262267,72576000,365C8986189894CC62947B217B199DD61394551C2D6DA18299D04107B49ECA86,DAC2B05BCB69D638BACEB224D3B34E945D5BFDF56A2F78B399C4BB0A84B8D13A,C:\Users\Link\Dev\OpenGL_Learn\OpenGL_Learn\benchmark-results\gbuffer-position-reconstruction\gbuffer-position-formal-20260801-v3\raw\sponza\ssao-off\order-5-pair-3-A.json
gpu,sponza,ssao-off,A,explicit,3,5,Deferred Lighting,2000,0.150571,0.137472,0.273858,0.276449,397.0,262267,72576000,365C8986189894CC62947B217B199DD61394551C2D6DA18299D04107B49ECA86,DAC2B05BCB69D638BACEB224D3B34E945D5BFDF56A2F78B399C4BB0A84B8D13A,C:\Users\Link\Dev\OpenGL_Learn\OpenGL_Learn\benchmark-results\gbuffer-position-reconstruction\gbuffer-position-formal-20260801-v3\raw\sponza\ssao-off\order-5-pair-3-A.json
gpu,sponza,ssao-off,A,explicit,3,5,Deferred Pass,2000,0.682503,0.661216,0.799048,0.863847,397.0,262267,72576000,365C8986189894CC62947B217B199DD61394551C2D6DA18299D04107B49ECA86,DAC2B05BCB69D638BACEB224D3B34E945D5BFDF56A2F78B399C4BB0A84B8D13A,C:\Users\Link\Dev\OpenGL_Learn\OpenGL_Learn\benchmark-results\gbuffer-position-reconstruction\gbuffer-position-formal-20260801-v3\raw\sponza\ssao-off\order-5-pair-3-A.json
cpu,sponza,ssao-off,A,explicit,3,5,CPU Frame,2000,2.220875,2.1915,2.56663,2.71909,397.0,262267,72576000,365C8986189894CC62947B217B199DD61394551C2D6DA18299D04107B49ECA86,DAC2B05BCB69D638BACEB224D3B34E945D5BFDF56A2F78B399C4BB0A84B8D13A,C:\Users\Link\Dev\OpenGL_Learn\OpenGL_Learn\benchmark-results\gbuffer-position-reconstruction\gbuffer-position-formal-20260801-v3\raw\sponza\ssao-off\order-5-pair-3-A.json
cpu,sponza,ssao-off,A,explicit,3,5,G-Buffer Geometry,2000,0.099442,0.0944,0.134305,0.189324,397.0,262267,72576000,365C8986189894CC62947B217B199DD61394551C2D6DA18299D04107B49ECA86,DAC2B05BCB69D638BACEB224D3B34E945D5BFDF56A2F78B399C4BB0A84B8D13A,C:\Users\Link\Dev\OpenGL_Learn\OpenGL_Learn\benchmark-results\gbuffer-position-reconstruction\gbuffer-position-formal-20260801-v3\raw\sponza\ssao-off\order-5-pair-3-A.json
cpu,sponza,ssao-off,A,explicit,3,5,Depth/Stencil Copy,2000,0.000448,0.0004,0.0006,0.0009,397.0,262267,72576000,365C8986189894CC62947B217B199DD61394551C2D6DA18299D04107B49ECA86,DAC2B05BCB69D638BACEB224D3B34E945D5BFDF56A2F78B399C4BB0A84B8D13A,C:\Users\Link\Dev\OpenGL_Learn\OpenGL_Learn\benchmark-results\gbuffer-position-reconstruction\gbuffer-position-formal-20260801-v3\raw\sponza\ssao-off\order-5-pair-3-A.json
cpu,sponza,ssao-off,A,explicit,3,5,SSAO Generate,0,,,,,397.0,262267,72576000,365C8986189894CC62947B217B199DD61394551C2D6DA18299D04107B49ECA86,DAC2B05BCB69D638BACEB224D3B34E945D5BFDF56A2F78B399C4BB0A84B8D13A,C:\Users\Link\Dev\OpenGL_Learn\OpenGL_Learn\benchmark-results\gbuffer-position-reconstruction\gbuffer-position-formal-20260801-v3\raw\sponza\ssao-off\order-5-pair-3-A.json
cpu,sponza,ssao-off,A,explicit,3,5,SSAO Upsample,0,,,,,397.0,262267,72576000,365C8986189894CC62947B217B199DD61394551C2D6DA18299D04107B49ECA86,DAC2B05BCB69D638BACEB224D3B34E945D5BFDF56A2F78B399C4BB0A84B8D13A,C:\Users\Link\Dev\OpenGL_Learn\OpenGL_Learn\benchmark-results\gbuffer-position-reconstruction\gbuffer-position-formal-20260801-v3\raw\sponza\ssao-off\order-5-pair-3-A.json
cpu,sponza,ssao-off,A,explicit,3,5,Deferred Lighting,2000,0.009826,0.0095,0.0122,0.019412,397.0,262267,72576000,365C8986189894CC62947B217B199DD61394551C2D6DA18299D04107B49ECA86,DAC2B05BCB69D638BACEB224D3B34E945D5BFDF56A2F78B399C4BB0A84B8D13A,C:\Users\Link\Dev\OpenGL_Learn\OpenGL_Learn\benchmark-results\gbuffer-position-reconstruction\gbuffer-position-formal-20260801-v3\raw\sponza\ssao-off\order-5-pair-3-A.json
cpu,sponza,ssao-off,A,explicit,3,5,Deferred Pass,2000,0.21328,0.20625,0.281715,0.354619,397.0,262267,72576000,365C8986189894CC62947B217B199DD61394551C2D6DA18299D04107B49ECA86,DAC2B05BCB69D638BACEB224D3B34E945D5BFDF56A2F78B399C4BB0A84B8D13A,C:\Users\Link\Dev\OpenGL_Learn\OpenGL_Learn\benchmark-results\gbuffer-position-reconstruction\gbuffer-position-formal-20260801-v3\raw\sponza\ssao-off\order-5-pair-3-A.json
gpu,sponza,ssao-off,B,reconstruct,3,6,GPU Frame,2000,0.705948,0.68208,0.822754,0.885173,397.0,262267,55987200,365C8986189894CC62947B217B199DD61394551C2D6DA18299D04107B49ECA86,DAC2B05BCB69D638BACEB224D3B34E945D5BFDF56A2F78B399C4BB0A84B8D13A,C:\Users\Link\Dev\OpenGL_Learn\OpenGL_Learn\benchmark-results\gbuffer-position-reconstruction\gbuffer-position-formal-20260801-v3\raw\sponza\ssao-off\order-6-pair-3-B.json
gpu,sponza,ssao-off,B,reconstruct,3,6,G-Buffer Geometry,2000,0.355174,0.351616,0.354178,0.519178,397.0,262267,55987200,365C8986189894CC62947B217B199DD61394551C2D6DA18299D04107B49ECA86,DAC2B05BCB69D638BACEB224D3B34E945D5BFDF56A2F78B399C4BB0A84B8D13A,C:\Users\Link\Dev\OpenGL_Learn\OpenGL_Learn\benchmark-results\gbuffer-position-reconstruction\gbuffer-position-formal-20260801-v3\raw\sponza\ssao-off\order-6-pair-3-B.json
gpu,sponza,ssao-off,B,reconstruct,3,6,Depth/Stencil Copy,2000,0.052018,0.04848,0.049699,0.184057,397.0,262267,55987200,365C8986189894CC62947B217B199DD61394551C2D6DA18299D04107B49ECA86,DAC2B05BCB69D638BACEB224D3B34E945D5BFDF56A2F78B399C4BB0A84B8D13A,C:\Users\Link\Dev\OpenGL_Learn\OpenGL_Learn\benchmark-results\gbuffer-position-reconstruction\gbuffer-position-formal-20260801-v3\raw\sponza\ssao-off\order-6-pair-3-B.json
gpu,sponza,ssao-off,B,reconstruct,3,6,SSAO Generate,0,,,,,397.0,262267,55987200,365C8986189894CC62947B217B199DD61394551C2D6DA18299D04107B49ECA86,DAC2B05BCB69D638BACEB224D3B34E945D5BFDF56A2F78B399C4BB0A84B8D13A,C:\Users\Link\Dev\OpenGL_Learn\OpenGL_Learn\benchmark-results\gbuffer-position-reconstruction\gbuffer-position-formal-20260801-v3\raw\sponza\ssao-off\order-6-pair-3-B.json
gpu,sponza,ssao-off,B,reconstruct,3,6,SSAO Upsample,0,,,,,397.0,262267,55987200,365C8986189894CC62947B217B199DD61394551C2D6DA18299D04107B49ECA86,DAC2B05BCB69D638BACEB224D3B34E945D5BFDF56A2F78B399C4BB0A84B8D13A,C:\Users\Link\Dev\OpenGL_Learn\OpenGL_Learn\benchmark-results\gbuffer-position-reconstruction\gbuffer-position-formal-20260801-v3\raw\sponza\ssao-off\order-6-pair-3-B.json
gpu,sponza,ssao-off,B,reconstruct,3,6,Deferred Lighting,2000,0.132862,0.130336,0.131552,0.267328,397.0,262267,55987200,365C8986189894CC62947B217B199DD61394551C2D6DA18299D04107B49ECA86,DAC2B05BCB69D638BACEB224D3B34E945D5BFDF56A2F78B399C4BB0A84B8D13A,C:\Users\Link\Dev\OpenGL_Learn\OpenGL_Learn\benchmark-results\gbuffer-position-reconstruction\gbuffer-position-formal-20260801-v3\raw\sponza\ssao-off\order-6-pair-3-B.json
gpu,sponza,ssao-off,B,reconstruct,3,6,Deferred Pass,2000,0.573305,0.556384,0.691394,0.762443,397.0,262267,55987200,365C8986189894CC62947B217B199DD61394551C2D6DA18299D04107B49ECA86,DAC2B05BCB69D638BACEB224D3B34E945D5BFDF56A2F78B399C4BB0A84B8D13A,C:\Users\Link\Dev\OpenGL_Learn\OpenGL_Learn\benchmark-results\gbuffer-position-reconstruction\gbuffer-position-formal-20260801-v3\raw\sponza\ssao-off\order-6-pair-3-B.json
cpu,sponza,ssao-off,B,reconstruct,3,6,CPU Frame,2000,2.12666,2.0873,2.528525,2.69461,397.0,262267,55987200,365C8986189894CC62947B217B199DD61394551C2D6DA18299D04107B49ECA86,DAC2B05BCB69D638BACEB224D3B34E945D5BFDF56A2F78B399C4BB0A84B8D13A,C:\Users\Link\Dev\OpenGL_Learn\OpenGL_Learn\benchmark-results\gbuffer-position-reconstruction\gbuffer-position-formal-20260801-v3\raw\sponza\ssao-off\order-6-pair-3-B.json
cpu,sponza,ssao-off,B,reconstruct,3,6,G-Buffer Geometry,2000,0.103211,0.0977,0.14333,0.212139,397.0,262267,55987200,365C8986189894CC62947B217B199DD61394551C2D6DA18299D04107B49ECA86,DAC2B05BCB69D638BACEB224D3B34E945D5BFDF56A2F78B399C4BB0A84B8D13A,C:\Users\Link\Dev\OpenGL_Learn\OpenGL_Learn\benchmark-results\gbuffer-position-reconstruction\gbuffer-position-formal-20260801-v3\raw\sponza\ssao-off\order-6-pair-3-B.json
cpu,sponza,ssao-off,B,reconstruct,3,6,Depth/Stencil Copy,2000,0.000488,0.0004,0.0007,0.000801,397.0,262267,55987200,365C8986189894CC62947B217B199DD61394551C2D6DA18299D04107B49ECA86,DAC2B05BCB69D638BACEB224D3B34E945D5BFDF56A2F78B399C4BB0A84B8D13A,C:\Users\Link\Dev\OpenGL_Learn\OpenGL_Learn\benchmark-results\gbuffer-position-reconstruction\gbuffer-position-formal-20260801-v3\raw\sponza\ssao-off\order-6-pair-3-B.json
cpu,sponza,ssao-off,B,reconstruct,3,6,SSAO Generate,0,,,,,397.0,262267,55987200,365C8986189894CC62947B217B199DD61394551C2D6DA18299D04107B49ECA86,DAC2B05BCB69D638BACEB224D3B34E945D5BFDF56A2F78B399C4BB0A84B8D13A,C:\Users\Link\Dev\OpenGL_Learn\OpenGL_Learn\benchmark-results\gbuffer-position-reconstruction\gbuffer-position-formal-20260801-v3\raw\sponza\ssao-off\order-6-pair-3-B.json
cpu,sponza,ssao-off,B,reconstruct,3,6,SSAO Upsample,0,,,,,397.0,262267,55987200,365C8986189894CC62947B217B199DD61394551C2D6DA18299D04107B49ECA86,DAC2B05BCB69D638BACEB224D3B34E945D5BFDF56A2F78B399C4BB0A84B8D13A,C:\Users\Link\Dev\OpenGL_Learn\OpenGL_Learn\benchmark-results\gbuffer-position-reconstruction\gbuffer-position-formal-20260801-v3\raw\sponza\ssao-off\order-6-pair-3-B.json
cpu,sponza,ssao-off,B,reconstruct,3,6,Deferred Lighting,2000,0.009852,0.0094,0.0124,0.018902,397.0,262267,55987200,365C8986189894CC62947B217B199DD61394551C2D6DA18299D04107B49ECA86,DAC2B05BCB69D638BACEB224D3B34E945D5BFDF56A2F78B399C4BB0A84B8D13A,C:\Users\Link\Dev\OpenGL_Learn\OpenGL_Learn\benchmark-results\gbuffer-position-reconstruction\gbuffer-position-formal-20260801-v3\raw\sponza\ssao-off\order-6-pair-3-B.json
cpu,sponza,ssao-off,B,reconstruct,3,6,Deferred Pass,2000,0.217182,0.2087,0.29513,0.376737,397.0,262267,55987200,365C8986189894CC62947B217B199DD61394551C2D6DA18299D04107B49ECA86,DAC2B05BCB69D638BACEB224D3B34E945D5BFDF56A2F78B399C4BB0A84B8D13A,C:\Users\Link\Dev\OpenGL_Learn\OpenGL_Learn\benchmark-results\gbuffer-position-reconstruction\gbuffer-position-formal-20260801-v3\raw\sponza\ssao-off\order-6-pair-3-B.json
gpu,sponza,ssao-on,A,explicit,1,1,GPU Frame,2000,3.185488,3.151344,3.484624,3.644,398.0,262267,72576000,365C8986189894CC62947B217B199DD61394551C2D6DA18299D04107B49ECA86,DAC2B05BCB69D638BACEB224D3B34E945D5BFDF56A2F78B399C4BB0A84B8D13A,C:\Users\Link\Dev\OpenGL_Learn\OpenGL_Learn\benchmark-results\gbuffer-position-reconstruction\gbuffer-position-formal-20260801-v3\raw\sponza\ssao-on\order-1-pair-1-A.json
gpu,sponza,ssao-on,A,explicit,1,1,G-Buffer Geometry,2000,0.454479,0.450368,0.454048,0.621721,398.0,262267,72576000,365C8986189894CC62947B217B199DD61394551C2D6DA18299D04107B49ECA86,DAC2B05BCB69D638BACEB224D3B34E945D5BFDF56A2F78B399C4BB0A84B8D13A,C:\Users\Link\Dev\OpenGL_Learn\OpenGL_Learn\benchmark-results\gbuffer-position-reconstruction\gbuffer-position-formal-20260801-v3\raw\sponza\ssao-on\order-1-pair-1-A.json
gpu,sponza,ssao-on,A,explicit,1,1,Depth/Stencil Copy,2000,0.057344,0.056,0.057888,0.061765,398.0,262267,72576000,365C8986189894CC62947B217B199DD61394551C2D6DA18299D04107B49ECA86,DAC2B05BCB69D638BACEB224D3B34E945D5BFDF56A2F78B399C4BB0A84B8D13A,C:\Users\Link\Dev\OpenGL_Learn\OpenGL_Learn\benchmark-results\gbuffer-position-reconstruction\gbuffer-position-formal-20260801-v3\raw\sponza\ssao-on\order-1-pair-1-A.json
gpu,sponza,ssao-on,A,explicit,1,1,SSAO Generate,2000,2.395913,2.381248,2.686474,2.860265,398.0,262267,72576000,365C8986189894CC62947B217B199DD61394551C2D6DA18299D04107B49ECA86,DAC2B05BCB69D638BACEB224D3B34E945D5BFDF56A2F78B399C4BB0A84B8D13A,C:\Users\Link\Dev\OpenGL_Learn\OpenGL_Learn\benchmark-results\gbuffer-position-reconstruction\gbuffer-position-formal-20260801-v3\raw\sponza\ssao-on\order-1-pair-1-A.json
gpu,sponza,ssao-on,A,explicit,1,1,SSAO Upsample,0,,,,,398.0,262267,72576000,365C8986189894CC62947B217B199DD61394551C2D6DA18299D04107B49ECA86,DAC2B05BCB69D638BACEB224D3B34E945D5BFDF56A2F78B399C4BB0A84B8D13A,C:\Users\Link\Dev\OpenGL_Learn\OpenGL_Learn\benchmark-results\gbuffer-position-reconstruction\gbuffer-position-formal-20260801-v3\raw\sponza\ssao-on\order-1-pair-1-A.json
gpu,sponza,ssao-on,A,explicit,1,1,Deferred Lighting,2000,0.146121,0.144848,0.148072,0.155916,398.0,262267,72576000,365C8986189894CC62947B217B199DD61394551C2D6DA18299D04107B49ECA86,DAC2B05BCB69D638BACEB224D3B34E945D5BFDF56A2F78B399C4BB0A84B8D13A,C:\Users\Link\Dev\OpenGL_Learn\OpenGL_Learn\benchmark-results\gbuffer-position-reconstruction\gbuffer-position-formal-20260801-v3\raw\sponza\ssao-on\order-1-pair-1-A.json
gpu,sponza,ssao-on,A,explicit,1,1,Deferred Pass,2000,3.099457,3.065776,3.397325,3.559133,398.0,262267,72576000,365C8986189894CC62947B217B199DD61394551C2D6DA18299D04107B49ECA86,DAC2B05BCB69D638BACEB224D3B34E945D5BFDF56A2F78B399C4BB0A84B8D13A,C:\Users\Link\Dev\OpenGL_Learn\OpenGL_Learn\benchmark-results\gbuffer-position-reconstruction\gbuffer-position-formal-20260801-v3\raw\sponza\ssao-on\order-1-pair-1-A.json
cpu,sponza,ssao-on,A,explicit,1,1,CPU Frame,2000,4.528218,4.48945,5.033955,5.256734,398.0,262267,72576000,365C8986189894CC62947B217B199DD61394551C2D6DA18299D04107B49ECA86,DAC2B05BCB69D638BACEB224D3B34E945D5BFDF56A2F78B399C4BB0A84B8D13A,C:\Users\Link\Dev\OpenGL_Learn\OpenGL_Learn\benchmark-results\gbuffer-position-reconstruction\gbuffer-position-formal-20260801-v3\raw\sponza\ssao-on\order-1-pair-1-A.json
cpu,sponza,ssao-on,A,explicit,1,1,G-Buffer Geometry,2000,0.121288,0.10995,0.191405,0.256523,398.0,262267,72576000,365C8986189894CC62947B217B199DD61394551C2D6DA18299D04107B49ECA86,DAC2B05BCB69D638BACEB224D3B34E945D5BFDF56A2F78B399C4BB0A84B8D13A,C:\Users\Link\Dev\OpenGL_Learn\OpenGL_Learn\benchmark-results\gbuffer-position-reconstruction\gbuffer-position-formal-20260801-v3\raw\sponza\ssao-on\order-1-pair-1-A.json
cpu,sponza,ssao-on,A,explicit,1,1,Depth/Stencil Copy,2000,0.000564,0.0005,0.0009,0.0015,398.0,262267,72576000,365C8986189894CC62947B217B199DD61394551C2D6DA18299D04107B49ECA86,DAC2B05BCB69D638BACEB224D3B34E945D5BFDF56A2F78B399C4BB0A84B8D13A,C:\Users\Link\Dev\OpenGL_Learn\OpenGL_Learn\benchmark-results\gbuffer-position-reconstruction\gbuffer-position-formal-20260801-v3\raw\sponza\ssao-on\order-1-pair-1-A.json
cpu,sponza,ssao-on,A,explicit,1,1,SSAO Generate,2000,0.007032,0.0064,0.0087,0.024602,398.0,262267,72576000,365C8986189894CC62947B217B199DD61394551C2D6DA18299D04107B49ECA86,DAC2B05BCB69D638BACEB224D3B34E945D5BFDF56A2F78B399C4BB0A84B8D13A,C:\Users\Link\Dev\OpenGL_Learn\OpenGL_Learn\benchmark-results\gbuffer-position-reconstruction\gbuffer-position-formal-20260801-v3\raw\sponza\ssao-on\order-1-pair-1-A.json
cpu,sponza,ssao-on,A,explicit,1,1,SSAO Upsample,0,,,,,398.0,262267,72576000,365C8986189894CC62947B217B199DD61394551C2D6DA18299D04107B49ECA86,DAC2B05BCB69D638BACEB224D3B34E945D5BFDF56A2F78B399C4BB0A84B8D13A,C:\Users\Link\Dev\OpenGL_Learn\OpenGL_Learn\benchmark-results\gbuffer-position-reconstruction\gbuffer-position-formal-20260801-v3\raw\sponza\ssao-on\order-1-pair-1-A.json
cpu,sponza,ssao-on,A,explicit,1,1,Deferred Lighting,2000,0.011002,0.0101,0.0147,0.034606,398.0,262267,72576000,365C8986189894CC62947B217B199DD61394551C2D6DA18299D04107B49ECA86,DAC2B05BCB69D638BACEB224D3B34E945D5BFDF56A2F78B399C4BB0A84B8D13A,C:\Users\Link\Dev\OpenGL_Learn\OpenGL_Learn\benchmark-results\gbuffer-position-reconstruction\gbuffer-position-formal-20260801-v3\raw\sponza\ssao-on\order-1-pair-1-A.json
cpu,sponza,ssao-on,A,explicit,1,1,Deferred Pass,2000,0.266014,0.24875,0.386345,0.456913,398.0,262267,72576000,365C8986189894CC62947B217B199DD61394551C2D6DA18299D04107B49ECA86,DAC2B05BCB69D638BACEB224D3B34E945D5BFDF56A2F78B399C4BB0A84B8D13A,C:\Users\Link\Dev\OpenGL_Learn\OpenGL_Learn\benchmark-results\gbuffer-position-reconstruction\gbuffer-position-formal-20260801-v3\raw\sponza\ssao-on\order-1-pair-1-A.json
gpu,sponza,ssao-on,B,reconstruct,1,2,GPU Frame,2000,3.84897,3.854496,4.21824,4.374972,398.0,262267,55987200,365C8986189894CC62947B217B199DD61394551C2D6DA18299D04107B49ECA86,DAC2B05BCB69D638BACEB224D3B34E945D5BFDF56A2F78B399C4BB0A84B8D13A,C:\Users\Link\Dev\OpenGL_Learn\OpenGL_Learn\benchmark-results\gbuffer-position-reconstruction\gbuffer-position-formal-20260801-v3\raw\sponza\ssao-on\order-2-pair-1-B.json
gpu,sponza,ssao-on,B,reconstruct,1,2,G-Buffer Geometry,2000,0.358012,0.357664,0.359776,0.375913,398.0,262267,55987200,365C8986189894CC62947B217B199DD61394551C2D6DA18299D04107B49ECA86,DAC2B05BCB69D638BACEB224D3B34E945D5BFDF56A2F78B399C4BB0A84B8D13A,C:\Users\Link\Dev\OpenGL_Learn\OpenGL_Learn\benchmark-results\gbuffer-position-reconstruction\gbuffer-position-formal-20260801-v3\raw\sponza\ssao-on\order-2-pair-1-B.json
gpu,sponza,ssao-on,B,reconstruct,1,2,Depth/Stencil Copy,2000,0.05047,0.049312,0.055392,0.055872,398.0,262267,55987200,365C8986189894CC62947B217B199DD61394551C2D6DA18299D04107B49ECA86,DAC2B05BCB69D638BACEB224D3B34E945D5BFDF56A2F78B399C4BB0A84B8D13A,C:\Users\Link\Dev\OpenGL_Learn\OpenGL_Learn\benchmark-results\gbuffer-position-reconstruction\gbuffer-position-formal-20260801-v3\raw\sponza\ssao-on\order-2-pair-1-B.json
gpu,sponza,ssao-on,B,reconstruct,1,2,SSAO Generate,2000,3.190514,3.198848,3.552872,3.701104,398.0,262267,55987200,365C8986189894CC62947B217B199DD61394551C2D6DA18299D04107B49ECA86,DAC2B05BCB69D638BACEB224D3B34E945D5BFDF56A2F78B399C4BB0A84B8D13A,C:\Users\Link\Dev\OpenGL_Learn\OpenGL_Learn\benchmark-results\gbuffer-position-reconstruction\gbuffer-position-formal-20260801-v3\raw\sponza\ssao-on\order-2-pair-1-B.json
gpu,sponza,ssao-on,B,reconstruct,1,2,SSAO Upsample,0,,,,,398.0,262267,55987200,365C8986189894CC62947B217B199DD61394551C2D6DA18299D04107B49ECA86,DAC2B05BCB69D638BACEB224D3B34E945D5BFDF56A2F78B399C4BB0A84B8D13A,C:\Users\Link\Dev\OpenGL_Learn\OpenGL_Learn\benchmark-results\gbuffer-position-reconstruction\gbuffer-position-formal-20260801-v3\raw\sponza\ssao-on\order-2-pair-1-B.json
gpu,sponza,ssao-on,B,reconstruct,1,2,Deferred Lighting,2000,0.138767,0.138208,0.140802,0.142848,398.0,262267,55987200,365C8986189894CC62947B217B199DD61394551C2D6DA18299D04107B49ECA86,DAC2B05BCB69D638BACEB224D3B34E945D5BFDF56A2F78B399C4BB0A84B8D13A,C:\Users\Link\Dev\OpenGL_Learn\OpenGL_Learn\benchmark-results\gbuffer-position-reconstruction\gbuffer-position-formal-20260801-v3\raw\sponza\ssao-on\order-2-pair-1-B.json
gpu,sponza,ssao-on,B,reconstruct,1,2,Deferred Pass,2000,3.763749,3.769376,4.133315,4.29001,398.0,262267,55987200,365C8986189894CC62947B217B199DD61394551C2D6DA18299D04107B49ECA86,DAC2B05BCB69D638BACEB224D3B34E945D5BFDF56A2F78B399C4BB0A84B8D13A,C:\Users\Link\Dev\OpenGL_Learn\OpenGL_Learn\benchmark-results\gbuffer-position-reconstruction\gbuffer-position-formal-20260801-v3\raw\sponza\ssao-on\order-2-pair-1-B.json
cpu,sponza,ssao-on,B,reconstruct,1,2,CPU Frame,2000,5.214745,5.1788,5.704345,5.976861,398.0,262267,55987200,365C8986189894CC62947B217B199DD61394551C2D6DA18299D04107B49ECA86,DAC2B05BCB69D638BACEB224D3B34E945D5BFDF56A2F78B399C4BB0A84B8D13A,C:\Users\Link\Dev\OpenGL_Learn\OpenGL_Learn\benchmark-results\gbuffer-position-reconstruction\gbuffer-position-formal-20260801-v3\raw\sponza\ssao-on\order-2-pair-1-B.json
cpu,sponza,ssao-on,B,reconstruct,1,2,G-Buffer Geometry,2000,0.131966,0.121,0.200305,0.267838,398.0,262267,55987200,365C8986189894CC62947B217B199DD61394551C2D6DA18299D04107B49ECA86,DAC2B05BCB69D638BACEB224D3B34E945D5BFDF56A2F78B399C4BB0A84B8D13A,C:\Users\Link\Dev\OpenGL_Learn\OpenGL_Learn\benchmark-results\gbuffer-position-reconstruction\gbuffer-position-formal-20260801-v3\raw\sponza\ssao-on\order-2-pair-1-B.json
cpu,sponza,ssao-on,B,reconstruct,1,2,Depth/Stencil Copy,2000,0.000651,0.0006,0.001,0.0016,398.0,262267,55987200,365C8986189894CC62947B217B199DD61394551C2D6DA18299D04107B49ECA86,DAC2B05BCB69D638BACEB224D3B34E945D5BFDF56A2F78B399C4BB0A84B8D13A,C:\Users\Link\Dev\OpenGL_Learn\OpenGL_Learn\benchmark-results\gbuffer-position-reconstruction\gbuffer-position-formal-20260801-v3\raw\sponza\ssao-on\order-2-pair-1-B.json
cpu,sponza,ssao-on,B,reconstruct,1,2,SSAO Generate,2000,0.007793,0.007,0.0109,0.027633,398.0,262267,55987200,365C8986189894CC62947B217B199DD61394551C2D6DA18299D04107B49ECA86,DAC2B05BCB69D638BACEB224D3B34E945D5BFDF56A2F78B399C4BB0A84B8D13A,C:\Users\Link\Dev\OpenGL_Learn\OpenGL_Learn\benchmark-results\gbuffer-position-reconstruction\gbuffer-position-formal-20260801-v3\raw\sponza\ssao-on\order-2-pair-1-B.json
cpu,sponza,ssao-on,B,reconstruct,1,2,SSAO Upsample,0,,,,,398.0,262267,55987200,365C8986189894CC62947B217B199DD61394551C2D6DA18299D04107B49ECA86,DAC2B05BCB69D638BACEB224D3B34E945D5BFDF56A2F78B399C4BB0A84B8D13A,C:\Users\Link\Dev\OpenGL_Learn\OpenGL_Learn\benchmark-results\gbuffer-position-reconstruction\gbuffer-position-formal-20260801-v3\raw\sponza\ssao-on\order-2-pair-1-B.json
cpu,sponza,ssao-on,B,reconstruct,1,2,Deferred Lighting,2000,0.011908,0.011,0.0174,0.032914,398.0,262267,55987200,365C8986189894CC62947B217B199DD61394551C2D6DA18299D04107B49ECA86,DAC2B05BCB69D638BACEB224D3B34E945D5BFDF56A2F78B399C4BB0A84B8D13A,C:\Users\Link\Dev\OpenGL_Learn\OpenGL_Learn\benchmark-results\gbuffer-position-reconstruction\gbuffer-position-formal-20260801-v3\raw\sponza\ssao-on\order-2-pair-1-B.json
cpu,sponza,ssao-on,B,reconstruct,1,2,Deferred Pass,2000,0.283446,0.26635,0.39264,0.48204,398.0,262267,55987200,365C8986189894CC62947B217B199DD61394551C2D6DA18299D04107B49ECA86,DAC2B05BCB69D638BACEB224D3B34E945D5BFDF56A2F78B399C4BB0A84B8D13A,C:\Users\Link\Dev\OpenGL_Learn\OpenGL_Learn\benchmark-results\gbuffer-position-reconstruction\gbuffer-position-formal-20260801-v3\raw\sponza\ssao-on\order-2-pair-1-B.json
gpu,sponza,ssao-on,B,reconstruct,2,3,GPU Frame,2000,3.856106,3.858144,4.236155,4.394564,398.0,262267,55987200,365C8986189894CC62947B217B199DD61394551C2D6DA18299D04107B49ECA86,DAC2B05BCB69D638BACEB224D3B34E945D5BFDF56A2F78B399C4BB0A84B8D13A,C:\Users\Link\Dev\OpenGL_Learn\OpenGL_Learn\benchmark-results\gbuffer-position-reconstruction\gbuffer-position-formal-20260801-v3\raw\sponza\ssao-on\order-3-pair-2-B.json
gpu,sponza,ssao-on,B,reconstruct,2,3,G-Buffer Geometry,2000,0.358026,0.357824,0.359938,0.364387,398.0,262267,55987200,365C8986189894CC62947B217B199DD61394551C2D6DA18299D04107B49ECA86,DAC2B05BCB69D638BACEB224D3B34E945D5BFDF56A2F78B399C4BB0A84B8D13A,C:\Users\Link\Dev\OpenGL_Learn\OpenGL_Learn\benchmark-results\gbuffer-position-reconstruction\gbuffer-position-formal-20260801-v3\raw\sponza\ssao-on\order-3-pair-2-B.json
gpu,sponza,ssao-on,B,reconstruct,2,3,Depth/Stencil Copy,2000,0.050577,0.049312,0.05536,0.055936,398.0,262267,55987200,365C8986189894CC62947B217B199DD61394551C2D6DA18299D04107B49ECA86,DAC2B05BCB69D638BACEB224D3B34E945D5BFDF56A2F78B399C4BB0A84B8D13A,C:\Users\Link\Dev\OpenGL_Learn\OpenGL_Learn\benchmark-results\gbuffer-position-reconstruction\gbuffer-position-formal-20260801-v3\raw\sponza\ssao-on\order-3-pair-2-B.json
gpu,sponza,ssao-on,B,reconstruct,2,3,SSAO Generate,2000,3.197611,3.201152,3.570842,3.73325,398.0,262267,55987200,365C8986189894CC62947B217B199DD61394551C2D6DA18299D04107B49ECA86,DAC2B05BCB69D638BACEB224D3B34E945D5BFDF56A2F78B399C4BB0A84B8D13A,C:\Users\Link\Dev\OpenGL_Learn\OpenGL_Learn\benchmark-results\gbuffer-position-reconstruction\gbuffer-position-formal-20260801-v3\raw\sponza\ssao-on\order-3-pair-2-B.json
gpu,sponza,ssao-on,B,reconstruct,2,3,SSAO Upsample,0,,,,,398.0,262267,55987200,365C8986189894CC62947B217B199DD61394551C2D6DA18299D04107B49ECA86,DAC2B05BCB69D638BACEB224D3B34E945D5BFDF56A2F78B399C4BB0A84B8D13A,C:\Users\Link\Dev\OpenGL_Learn\OpenGL_Learn\benchmark-results\gbuffer-position-reconstruction\gbuffer-position-formal-20260801-v3\raw\sponza\ssao-on\order-3-pair-2-B.json
gpu,sponza,ssao-on,B,reconstruct,2,3,Deferred Lighting,2000,0.13864,0.137952,0.140704,0.142848,398.0,262267,55987200,365C8986189894CC62947B217B199DD61394551C2D6DA18299D04107B49ECA86,DAC2B05BCB69D638BACEB224D3B34E945D5BFDF56A2F78B399C4BB0A84B8D13A,C:\Users\Link\Dev\OpenGL_Learn\OpenGL_Learn\benchmark-results\gbuffer-position-reconstruction\gbuffer-position-formal-20260801-v3\raw\sponza\ssao-on\order-3-pair-2-B.json
gpu,sponza,ssao-on,B,reconstruct,2,3,Deferred Pass,2000,3.770861,3.773088,4.151118,4.309633,398.0,262267,55987200,365C8986189894CC62947B217B199DD61394551C2D6DA18299D04107B49ECA86,DAC2B05BCB69D638BACEB224D3B34E945D5BFDF56A2F78B399C4BB0A84B8D13A,C:\Users\Link\Dev\OpenGL_Learn\OpenGL_Learn\benchmark-results\gbuffer-position-reconstruction\gbuffer-position-formal-20260801-v3\raw\sponza\ssao-on\order-3-pair-2-B.json
cpu,sponza,ssao-on,B,reconstruct,2,3,CPU Frame,2000,5.196994,5.1584,5.663485,5.92653,398.0,262267,55987200,365C8986189894CC62947B217B199DD61394551C2D6DA18299D04107B49ECA86,DAC2B05BCB69D638BACEB224D3B34E945D5BFDF56A2F78B399C4BB0A84B8D13A,C:\Users\Link\Dev\OpenGL_Learn\OpenGL_Learn\benchmark-results\gbuffer-position-reconstruction\gbuffer-position-formal-20260801-v3\raw\sponza\ssao-on\order-3-pair-2-B.json
cpu,sponza,ssao-on,B,reconstruct,2,3,G-Buffer Geometry,2000,0.126651,0.1182,0.18601,0.243419,398.0,262267,55987200,365C8986189894CC62947B217B199DD61394551C2D6DA18299D04107B49ECA86,DAC2B05BCB69D638BACEB224D3B34E945D5BFDF56A2F78B399C4BB0A84B8D13A,C:\Users\Link\Dev\OpenGL_Learn\OpenGL_Learn\benchmark-results\gbuffer-position-reconstruction\gbuffer-position-formal-20260801-v3\raw\sponza\ssao-on\order-3-pair-2-B.json
cpu,sponza,ssao-on,B,reconstruct,2,3,Depth/Stencil Copy,2000,0.000587,0.0005,0.0009,0.001401,398.0,262267,55987200,365C8986189894CC62947B217B199DD61394551C2D6DA18299D04107B49ECA86,DAC2B05BCB69D638BACEB224D3B34E945D5BFDF56A2F78B399C4BB0A84B8D13A,C:\Users\Link\Dev\OpenGL_Learn\OpenGL_Learn\benchmark-results\gbuffer-position-reconstruction\gbuffer-position-formal-20260801-v3\raw\sponza\ssao-on\order-3-pair-2-B.json
cpu,sponza,ssao-on,B,reconstruct,2,3,SSAO Generate,2000,0.007827,0.0073,0.0097,0.021201,398.0,262267,55987200,365C8986189894CC62947B217B199DD61394551C2D6DA18299D04107B49ECA86,DAC2B05BCB69D638BACEB224D3B34E945D5BFDF56A2F78B399C4BB0A84B8D13A,C:\Users\Link\Dev\OpenGL_Learn\OpenGL_Learn\benchmark-results\gbuffer-position-reconstruction\gbuffer-position-formal-20260801-v3\raw\sponza\ssao-on\order-3-pair-2-B.json
cpu,sponza,ssao-on,B,reconstruct,2,3,SSAO Upsample,0,,,,,398.0,262267,55987200,365C8986189894CC62947B217B199DD61394551C2D6DA18299D04107B49ECA86,DAC2B05BCB69D638BACEB224D3B34E945D5BFDF56A2F78B399C4BB0A84B8D13A,C:\Users\Link\Dev\OpenGL_Learn\OpenGL_Learn\benchmark-results\gbuffer-position-reconstruction\gbuffer-position-formal-20260801-v3\raw\sponza\ssao-on\order-3-pair-2-B.json
cpu,sponza,ssao-on,B,reconstruct,2,3,Deferred Lighting,2000,0.011704,0.0109,0.0147,0.035702,398.0,262267,55987200,365C8986189894CC62947B217B199DD61394551C2D6DA18299D04107B49ECA86,DAC2B05BCB69D638BACEB224D3B34E945D5BFDF56A2F78B399C4BB0A84B8D13A,C:\Users\Link\Dev\OpenGL_Learn\OpenGL_Learn\benchmark-results\gbuffer-position-reconstruction\gbuffer-position-formal-20260801-v3\raw\sponza\ssao-on\order-3-pair-2-B.json
cpu,sponza,ssao-on,B,reconstruct,2,3,Deferred Pass,2000,0.278525,0.2653,0.3804,0.468005,398.0,262267,55987200,365C8986189894CC62947B217B199DD61394551C2D6DA18299D04107B49ECA86,DAC2B05BCB69D638BACEB224D3B34E945D5BFDF56A2F78B399C4BB0A84B8D13A,C:\Users\Link\Dev\OpenGL_Learn\OpenGL_Learn\benchmark-results\gbuffer-position-reconstruction\gbuffer-position-formal-20260801-v3\raw\sponza\ssao-on\order-3-pair-2-B.json
gpu,sponza,ssao-on,A,explicit,2,4,GPU Frame,2000,3.194706,3.158288,3.488875,3.64892,398.0,262267,72576000,365C8986189894CC62947B217B199DD61394551C2D6DA18299D04107B49ECA86,DAC2B05BCB69D638BACEB224D3B34E945D5BFDF56A2F78B399C4BB0A84B8D13A,C:\Users\Link\Dev\OpenGL_Learn\OpenGL_Learn\benchmark-results\gbuffer-position-reconstruction\gbuffer-position-formal-20260801-v3\raw\sponza\ssao-on\order-4-pair-2-A.json
gpu,sponza,ssao-on,A,explicit,2,4,G-Buffer Geometry,2000,0.455629,0.450336,0.454144,0.652048,398.0,262267,72576000,365C8986189894CC62947B217B199DD61394551C2D6DA18299D04107B49ECA86,DAC2B05BCB69D638BACEB224D3B34E945D5BFDF56A2F78B399C4BB0A84B8D13A,C:\Users\Link\Dev\OpenGL_Learn\OpenGL_Learn\benchmark-results\gbuffer-position-reconstruction\gbuffer-position-formal-20260801-v3\raw\sponza\ssao-on\order-4-pair-2-A.json
gpu,sponza,ssao-on,A,explicit,2,4,Depth/Stencil Copy,2000,0.057261,0.055968,0.05808,0.059008,398.0,262267,72576000,365C8986189894CC62947B217B199DD61394551C2D6DA18299D04107B49ECA86,DAC2B05BCB69D638BACEB224D3B34E945D5BFDF56A2F78B399C4BB0A84B8D13A,C:\Users\Link\Dev\OpenGL_Learn\OpenGL_Learn\benchmark-results\gbuffer-position-reconstruction\gbuffer-position-formal-20260801-v3\raw\sponza\ssao-on\order-4-pair-2-A.json
gpu,sponza,ssao-on,A,explicit,2,4,SSAO Generate,2000,2.407228,2.384032,2.694258,2.856555,398.0,262267,72576000,365C8986189894CC62947B217B199DD61394551C2D6DA18299D04107B49ECA86,DAC2B05BCB69D638BACEB224D3B34E945D5BFDF56A2F78B399C4BB0A84B8D13A,C:\Users\Link\Dev\OpenGL_Learn\OpenGL_Learn\benchmark-results\gbuffer-position-reconstruction\gbuffer-position-formal-20260801-v3\raw\sponza\ssao-on\order-4-pair-2-A.json
gpu,sponza,ssao-on,A,explicit,2,4,SSAO Upsample,0,,,,,398.0,262267,72576000,365C8986189894CC62947B217B199DD61394551C2D6DA18299D04107B49ECA86,DAC2B05BCB69D638BACEB224D3B34E945D5BFDF56A2F78B399C4BB0A84B8D13A,C:\Users\Link\Dev\OpenGL_Learn\OpenGL_Learn\benchmark-results\gbuffer-position-reconstruction\gbuffer-position-formal-20260801-v3\raw\sponza\ssao-on\order-4-pair-2-A.json
gpu,sponza,ssao-on,A,explicit,2,4,Deferred Lighting,2000,0.146601,0.144736,0.147075,0.153205,398.0,262267,72576000,365C8986189894CC62947B217B199DD61394551C2D6DA18299D04107B49ECA86,DAC2B05BCB69D638BACEB224D3B34E945D5BFDF56A2F78B399C4BB0A84B8D13A,C:\Users\Link\Dev\OpenGL_Learn\OpenGL_Learn\benchmark-results\gbuffer-position-reconstruction\gbuffer-position-formal-20260801-v3\raw\sponza\ssao-on\order-4-pair-2-A.json
gpu,sponza,ssao-on,A,explicit,2,4,Deferred Pass,2000,3.10878,3.072032,3.403054,3.564017,398.0,262267,72576000,365C8986189894CC62947B217B199DD61394551C2D6DA18299D04107B49ECA86,DAC2B05BCB69D638BACEB224D3B34E945D5BFDF56A2F78B399C4BB0A84B8D13A,C:\Users\Link\Dev\OpenGL_Learn\OpenGL_Learn\benchmark-results\gbuffer-position-reconstruction\gbuffer-position-formal-20260801-v3\raw\sponza\ssao-on\order-4-pair-2-A.json
cpu,sponza,ssao-on,A,explicit,2,4,CPU Frame,2000,4.547061,4.5208,4.997015,5.230508,398.0,262267,72576000,365C8986189894CC62947B217B199DD61394551C2D6DA18299D04107B49ECA86,DAC2B05BCB69D638BACEB224D3B34E945D5BFDF56A2F78B399C4BB0A84B8D13A,C:\Users\Link\Dev\OpenGL_Learn\OpenGL_Learn\benchmark-results\gbuffer-position-reconstruction\gbuffer-position-formal-20260801-v3\raw\sponza\ssao-on\order-4-pair-2-A.json
cpu,sponza,ssao-on,A,explicit,2,4,G-Buffer Geometry,2000,0.119002,0.1095,0.17905,0.260413,398.0,262267,72576000,365C8986189894CC62947B217B199DD61394551C2D6DA18299D04107B49ECA86,DAC2B05BCB69D638BACEB224D3B34E945D5BFDF56A2F78B399C4BB0A84B8D13A,C:\Users\Link\Dev\OpenGL_Learn\OpenGL_Learn\benchmark-results\gbuffer-position-reconstruction\gbuffer-position-formal-20260801-v3\raw\sponza\ssao-on\order-4-pair-2-A.json
cpu,sponza,ssao-on,A,explicit,2,4,Depth/Stencil Copy,2000,0.000617,0.0005,0.0009,0.0014,398.0,262267,72576000,365C8986189894CC62947B217B199DD61394551C2D6DA18299D04107B49ECA86,DAC2B05BCB69D638BACEB224D3B34E945D5BFDF56A2F78B399C4BB0A84B8D13A,C:\Users\Link\Dev\OpenGL_Learn\OpenGL_Learn\benchmark-results\gbuffer-position-reconstruction\gbuffer-position-formal-20260801-v3\raw\sponza\ssao-on\order-4-pair-2-A.json
cpu,sponza,ssao-on,A,explicit,2,4,SSAO Generate,2000,0.006998,0.0064,0.0086,0.022833,398.0,262267,72576000,365C8986189894CC62947B217B199DD61394551C2D6DA18299D04107B49ECA86,DAC2B05BCB69D638BACEB224D3B34E945D5BFDF56A2F78B399C4BB0A84B8D13A,C:\Users\Link\Dev\OpenGL_Learn\OpenGL_Learn\benchmark-results\gbuffer-position-reconstruction\gbuffer-position-formal-20260801-v3\raw\sponza\ssao-on\order-4-pair-2-A.json
cpu,sponza,ssao-on,A,explicit,2,4,SSAO Upsample,0,,,,,398.0,262267,72576000,365C8986189894CC62947B217B199DD61394551C2D6DA18299D04107B49ECA86,DAC2B05BCB69D638BACEB224D3B34E945D5BFDF56A2F78B399C4BB0A84B8D13A,C:\Users\Link\Dev\OpenGL_Learn\OpenGL_Learn\benchmark-results\gbuffer-position-reconstruction\gbuffer-position-formal-20260801-v3\raw\sponza\ssao-on\order-4-pair-2-A.json
cpu,sponza,ssao-on,A,explicit,2,4,Deferred Lighting,2000,0.011256,0.0106,0.0138,0.037404,398.0,262267,72576000,365C8986189894CC62947B217B199DD61394551C2D6DA18299D04107B49ECA86,DAC2B05BCB69D638BACEB224D3B34E945D5BFDF56A2F78B399C4BB0A84B8D13A,C:\Users\Link\Dev\OpenGL_Learn\OpenGL_Learn\benchmark-results\gbuffer-position-reconstruction\gbuffer-position-formal-20260801-v3\raw\sponza\ssao-on\order-4-pair-2-A.json
cpu,sponza,ssao-on,A,explicit,2,4,Deferred Pass,2000,0.266274,0.2533,0.369015,0.453728,398.0,262267,72576000,365C8986189894CC62947B217B199DD61394551C2D6DA18299D04107B49ECA86,DAC2B05BCB69D638BACEB224D3B34E945D5BFDF56A2F78B399C4BB0A84B8D13A,C:\Users\Link\Dev\OpenGL_Learn\OpenGL_Learn\benchmark-results\gbuffer-position-reconstruction\gbuffer-position-formal-20260801-v3\raw\sponza\ssao-on\order-4-pair-2-A.json
gpu,sponza,ssao-on,A,explicit,3,5,GPU Frame,2000,3.172502,3.142736,3.443693,3.607354,398.0,262267,72576000,365C8986189894CC62947B217B199DD61394551C2D6DA18299D04107B49ECA86,DAC2B05BCB69D638BACEB224D3B34E945D5BFDF56A2F78B399C4BB0A84B8D13A,C:\Users\Link\Dev\OpenGL_Learn\OpenGL_Learn\benchmark-results\gbuffer-position-reconstruction\gbuffer-position-formal-20260801-v3\raw\sponza\ssao-on\order-5-pair-3-A.json
gpu,sponza,ssao-on,A,explicit,3,5,G-Buffer Geometry,2000,0.454926,0.450272,0.45421,0.619064,398.0,262267,72576000,365C8986189894CC62947B217B199DD61394551C2D6DA18299D04107B49ECA86,DAC2B05BCB69D638BACEB224D3B34E945D5BFDF56A2F78B399C4BB0A84B8D13A,C:\Users\Link\Dev\OpenGL_Learn\OpenGL_Learn\benchmark-results\gbuffer-position-reconstruction\gbuffer-position-formal-20260801-v3\raw\sponza\ssao-on\order-5-pair-3-A.json
gpu,sponza,ssao-on,A,explicit,3,5,Depth/Stencil Copy,2000,0.056553,0.055904,0.057824,0.05888,398.0,262267,72576000,365C8986189894CC62947B217B199DD61394551C2D6DA18299D04107B49ECA86,DAC2B05BCB69D638BACEB224D3B34E945D5BFDF56A2F78B399C4BB0A84B8D13A,C:\Users\Link\Dev\OpenGL_Learn\OpenGL_Learn\benchmark-results\gbuffer-position-reconstruction\gbuffer-position-formal-20260801-v3\raw\sponza\ssao-on\order-5-pair-3-A.json
gpu,sponza,ssao-on,A,explicit,3,5,SSAO Generate,2000,2.383215,2.374496,2.646155,2.836188,398.0,262267,72576000,365C8986189894CC62947B217B199DD61394551C2D6DA18299D04107B49ECA86,DAC2B05BCB69D638BACEB224D3B34E945D5BFDF56A2F78B399C4BB0A84B8D13A,C:\Users\Link\Dev\OpenGL_Learn\OpenGL_Learn\benchmark-results\gbuffer-position-reconstruction\gbuffer-position-formal-20260801-v3\raw\sponza\ssao-on\order-5-pair-3-A.json
gpu,sponza,ssao-on,A,explicit,3,5,SSAO Upsample,0,,,,,398.0,262267,72576000,365C8986189894CC62947B217B199DD61394551C2D6DA18299D04107B49ECA86,DAC2B05BCB69D638BACEB224D3B34E945D5BFDF56A2F78B399C4BB0A84B8D13A,C:\Users\Link\Dev\OpenGL_Learn\OpenGL_Learn\benchmark-results\gbuffer-position-reconstruction\gbuffer-position-formal-20260801-v3\raw\sponza\ssao-on\order-5-pair-3-A.json
gpu,sponza,ssao-on,A,explicit,3,5,Deferred Lighting,2000,0.146212,0.14464,0.147107,0.153281,398.0,262267,72576000,365C8986189894CC62947B217B199DD61394551C2D6DA18299D04107B49ECA86,DAC2B05BCB69D638BACEB224D3B34E945D5BFDF56A2F78B399C4BB0A84B8D13A,C:\Users\Link\Dev\OpenGL_Learn\OpenGL_Learn\benchmark-results\gbuffer-position-reconstruction\gbuffer-position-formal-20260801-v3\raw\sponza\ssao-on\order-5-pair-3-A.json
gpu,sponza,ssao-on,A,explicit,3,5,Deferred Pass,2000,3.086514,3.057136,3.356954,3.522132,398.0,262267,72576000,365C8986189894CC62947B217B199DD61394551C2D6DA18299D04107B49ECA86,DAC2B05BCB69D638BACEB224D3B34E945D5BFDF56A2F78B399C4BB0A84B8D13A,C:\Users\Link\Dev\OpenGL_Learn\OpenGL_Learn\benchmark-results\gbuffer-position-reconstruction\gbuffer-position-formal-20260801-v3\raw\sponza\ssao-on\order-5-pair-3-A.json
cpu,sponza,ssao-on,A,explicit,3,5,CPU Frame,2000,4.517384,4.4901,4.978465,5.202736,398.0,262267,72576000,365C8986189894CC62947B217B199DD61394551C2D6DA18299D04107B49ECA86,DAC2B05BCB69D638BACEB224D3B34E945D5BFDF56A2F78B399C4BB0A84B8D13A,C:\Users\Link\Dev\OpenGL_Learn\OpenGL_Learn\benchmark-results\gbuffer-position-reconstruction\gbuffer-position-formal-20260801-v3\raw\sponza\ssao-on\order-5-pair-3-A.json
cpu,sponza,ssao-on,A,explicit,3,5,G-Buffer Geometry,2000,0.121637,0.1106,0.189505,0.258242,398.0,262267,72576000,365C8986189894CC62947B217B199DD61394551C2D6DA18299D04107B49ECA86,DAC2B05BCB69D638BACEB224D3B34E945D5BFDF56A2F78B399C4BB0A84B8D13A,C:\Users\Link\Dev\OpenGL_Learn\OpenGL_Learn\benchmark-results\gbuffer-position-reconstruction\gbuffer-position-formal-20260801-v3\raw\sponza\ssao-on\order-5-pair-3-A.json
cpu,sponza,ssao-on,A,explicit,3,5,Depth/Stencil Copy,2000,0.000548,0.0005,0.0008,0.0013,398.0,262267,72576000,365C8986189894CC62947B217B199DD61394551C2D6DA18299D04107B49ECA86,DAC2B05BCB69D638BACEB224D3B34E945D5BFDF56A2F78B399C4BB0A84B8D13A,C:\Users\Link\Dev\OpenGL_Learn\OpenGL_Learn\benchmark-results\gbuffer-position-reconstruction\gbuffer-position-formal-20260801-v3\raw\sponza\ssao-on\order-5-pair-3-A.json
cpu,sponza,ssao-on,A,explicit,3,5,SSAO Generate,2000,0.007374,0.0066,0.0089,0.022313,398.0,262267,72576000,365C8986189894CC62947B217B199DD61394551C2D6DA18299D04107B49ECA86,DAC2B05BCB69D638BACEB224D3B34E945D5BFDF56A2F78B399C4BB0A84B8D13A,C:\Users\Link\Dev\OpenGL_Learn\OpenGL_Learn\benchmark-results\gbuffer-position-reconstruction\gbuffer-position-formal-20260801-v3\raw\sponza\ssao-on\order-5-pair-3-A.json
cpu,sponza,ssao-on,A,explicit,3,5,SSAO Upsample,0,,,,,398.0,262267,72576000,365C8986189894CC62947B217B199DD61394551C2D6DA18299D04107B49ECA86,DAC2B05BCB69D638BACEB224D3B34E945D5BFDF56A2F78B399C4BB0A84B8D13A,C:\Users\Link\Dev\OpenGL_Learn\OpenGL_Learn\benchmark-results\gbuffer-position-reconstruction\gbuffer-position-formal-20260801-v3\raw\sponza\ssao-on\order-5-pair-3-A.json
cpu,sponza,ssao-on,A,explicit,3,5,Deferred Lighting,2000,0.011249,0.0104,0.013805,0.0367,398.0,262267,72576000,365C8986189894CC62947B217B199DD61394551C2D6DA18299D04107B49ECA86,DAC2B05BCB69D638BACEB224D3B34E945D5BFDF56A2F78B399C4BB0A84B8D13A,C:\Users\Link\Dev\OpenGL_Learn\OpenGL_Learn\benchmark-results\gbuffer-position-reconstruction\gbuffer-position-formal-20260801-v3\raw\sponza\ssao-on\order-5-pair-3-A.json
cpu,sponza,ssao-on,A,explicit,3,5,Deferred Pass,2000,0.27437,0.2599,0.393515,0.492915,398.0,262267,72576000,365C8986189894CC62947B217B199DD61394551C2D6DA18299D04107B49ECA86,DAC2B05BCB69D638BACEB224D3B34E945D5BFDF56A2F78B399C4BB0A84B8D13A,C:\Users\Link\Dev\OpenGL_Learn\OpenGL_Learn\benchmark-results\gbuffer-position-reconstruction\gbuffer-position-formal-20260801-v3\raw\sponza\ssao-on\order-5-pair-3-A.json
gpu,sponza,ssao-on,B,reconstruct,3,6,GPU Frame,2000,3.856436,3.8588,4.225214,4.335264,398.0,262267,55987200,365C8986189894CC62947B217B199DD61394551C2D6DA18299D04107B49ECA86,DAC2B05BCB69D638BACEB224D3B34E945D5BFDF56A2F78B399C4BB0A84B8D13A,C:\Users\Link\Dev\OpenGL_Learn\OpenGL_Learn\benchmark-results\gbuffer-position-reconstruction\gbuffer-position-formal-20260801-v3\raw\sponza\ssao-on\order-6-pair-3-B.json
gpu,sponza,ssao-on,B,reconstruct,3,6,G-Buffer Geometry,2000,0.357984,0.357792,0.359872,0.362721,398.0,262267,55987200,365C8986189894CC62947B217B199DD61394551C2D6DA18299D04107B49ECA86,DAC2B05BCB69D638BACEB224D3B34E945D5BFDF56A2F78B399C4BB0A84B8D13A,C:\Users\Link\Dev\OpenGL_Learn\OpenGL_Learn\benchmark-results\gbuffer-position-reconstruction\gbuffer-position-formal-20260801-v3\raw\sponza\ssao-on\order-6-pair-3-B.json
gpu,sponza,ssao-on,B,reconstruct,3,6,Depth/Stencil Copy,2000,0.050593,0.049376,0.055424,0.05584,398.0,262267,55987200,365C8986189894CC62947B217B199DD61394551C2D6DA18299D04107B49ECA86,DAC2B05BCB69D638BACEB224D3B34E945D5BFDF56A2F78B399C4BB0A84B8D13A,C:\Users\Link\Dev\OpenGL_Learn\OpenGL_Learn\benchmark-results\gbuffer-position-reconstruction\gbuffer-position-formal-20260801-v3\raw\sponza\ssao-on\order-6-pair-3-B.json
gpu,sponza,ssao-on,B,reconstruct,3,6,SSAO Generate,2000,3.198181,3.203392,3.560752,3.670772,398.0,262267,55987200,365C8986189894CC62947B217B199DD61394551C2D6DA18299D04107B49ECA86,DAC2B05BCB69D638BACEB224D3B34E945D5BFDF56A2F78B399C4BB0A84B8D13A,C:\Users\Link\Dev\OpenGL_Learn\OpenGL_Learn\benchmark-results\gbuffer-position-reconstruction\gbuffer-position-formal-20260801-v3\raw\sponza\ssao-on\order-6-pair-3-B.json
gpu,sponza,ssao-on,B,reconstruct,3,6,SSAO Upsample,0,,,,,398.0,262267,55987200,365C8986189894CC62947B217B199DD61394551C2D6DA18299D04107B49ECA86,DAC2B05BCB69D638BACEB224D3B34E945D5BFDF56A2F78B399C4BB0A84B8D13A,C:\Users\Link\Dev\OpenGL_Learn\OpenGL_Learn\benchmark-results\gbuffer-position-reconstruction\gbuffer-position-formal-20260801-v3\raw\sponza\ssao-on\order-6-pair-3-B.json
gpu,sponza,ssao-on,B,reconstruct,3,6,Deferred Lighting,2000,0.138378,0.137824,0.140352,0.140996,398.0,262267,55987200,365C8986189894CC62947B217B199DD61394551C2D6DA18299D04107B49ECA86,DAC2B05BCB69D638BACEB224D3B34E945D5BFDF56A2F78B399C4BB0A84B8D13A,C:\Users\Link\Dev\OpenGL_Learn\OpenGL_Learn\benchmark-results\gbuffer-position-reconstruction\gbuffer-position-formal-20260801-v3\raw\sponza\ssao-on\order-6-pair-3-B.json
gpu,sponza,ssao-on,B,reconstruct,3,6,Deferred Pass,2000,3.771115,3.773728,4.140008,4.24992,398.0,262267,55987200,365C8986189894CC62947B217B199DD61394551C2D6DA18299D04107B49ECA86,DAC2B05BCB69D638BACEB224D3B34E945D5BFDF56A2F78B399C4BB0A84B8D13A,C:\Users\Link\Dev\OpenGL_Learn\OpenGL_Learn\benchmark-results\gbuffer-position-reconstruction\gbuffer-position-formal-20260801-v3\raw\sponza\ssao-on\order-6-pair-3-B.json
cpu,sponza,ssao-on,B,reconstruct,3,6,CPU Frame,2000,5.213478,5.177,5.670655,5.990954,398.0,262267,55987200,365C8986189894CC62947B217B199DD61394551C2D6DA18299D04107B49ECA86,DAC2B05BCB69D638BACEB224D3B34E945D5BFDF56A2F78B399C4BB0A84B8D13A,C:\Users\Link\Dev\OpenGL_Learn\OpenGL_Learn\benchmark-results\gbuffer-position-reconstruction\gbuffer-position-formal-20260801-v3\raw\sponza\ssao-on\order-6-pair-3-B.json
cpu,sponza,ssao-on,B,reconstruct,3,6,G-Buffer Geometry,2000,0.13474,0.12155,0.20972,0.308021,398.0,262267,55987200,365C8986189894CC62947B217B199DD61394551C2D6DA18299D04107B49ECA86,DAC2B05BCB69D638BACEB224D3B34E945D5BFDF56A2F78B399C4BB0A84B8D13A,C:\Users\Link\Dev\OpenGL_Learn\OpenGL_Learn\benchmark-results\gbuffer-position-reconstruction\gbuffer-position-formal-20260801-v3\raw\sponza\ssao-on\order-6-pair-3-B.json
cpu,sponza,ssao-on,B,reconstruct,3,6,Depth/Stencil Copy,2000,0.000602,0.0005,0.0009,0.0013,398.0,262267,55987200,365C8986189894CC62947B217B199DD61394551C2D6DA18299D04107B49ECA86,DAC2B05BCB69D638BACEB224D3B34E945D5BFDF56A2F78B399C4BB0A84B8D13A,C:\Users\Link\Dev\OpenGL_Learn\OpenGL_Learn\benchmark-results\gbuffer-position-reconstruction\gbuffer-position-formal-20260801-v3\raw\sponza\ssao-on\order-6-pair-3-B.json
cpu,sponza,ssao-on,B,reconstruct,3,6,SSAO Generate,2000,0.007792,0.007,0.00941,0.021508,398.0,262267,55987200,365C8986189894CC62947B217B199DD61394551C2D6DA18299D04107B49ECA86,DAC2B05BCB69D638BACEB224D3B34E945D5BFDF56A2F78B399C4BB0A84B8D13A,C:\Users\Link\Dev\OpenGL_Learn\OpenGL_Learn\benchmark-results\gbuffer-position-reconstruction\gbuffer-position-formal-20260801-v3\raw\sponza\ssao-on\order-6-pair-3-B.json
cpu,sponza,ssao-on,B,reconstruct,3,6,SSAO Upsample,0,,,,,398.0,262267,55987200,365C8986189894CC62947B217B199DD61394551C2D6DA18299D04107B49ECA86,DAC2B05BCB69D638BACEB224D3B34E945D5BFDF56A2F78B399C4BB0A84B8D13A,C:\Users\Link\Dev\OpenGL_Learn\OpenGL_Learn\benchmark-results\gbuffer-position-reconstruction\gbuffer-position-formal-20260801-v3\raw\sponza\ssao-on\order-6-pair-3-B.json
cpu,sponza,ssao-on,B,reconstruct,3,6,Deferred Lighting,2000,0.011777,0.0107,0.015905,0.037612,398.0,262267,55987200,365C8986189894CC62947B217B199DD61394551C2D6DA18299D04107B49ECA86,DAC2B05BCB69D638BACEB224D3B34E945D5BFDF56A2F78B399C4BB0A84B8D13A,C:\Users\Link\Dev\OpenGL_Learn\OpenGL_Learn\benchmark-results\gbuffer-position-reconstruction\gbuffer-position-formal-20260801-v3\raw\sponza\ssao-on\order-6-pair-3-B.json
cpu,sponza,ssao-on,B,reconstruct,3,6,Deferred Pass,2000,0.295726,0.27725,0.432235,0.53001,398.0,262267,55987200,365C8986189894CC62947B217B199DD61394551C2D6DA18299D04107B49ECA86,DAC2B05BCB69D638BACEB224D3B34E945D5BFDF56A2F78B399C4BB0A84B8D13A,C:\Users\Link\Dev\OpenGL_Learn\OpenGL_Learn\benchmark-results\gbuffer-position-reconstruction\gbuffer-position-formal-20260801-v3\raw\sponza\ssao-on\order-6-pair-3-B.json
gpu,san-miguel,ssao-off,A,explicit,1,1,GPU Frame,2000,2.826476,2.79192,3.107771,3.239254,1606.0,5617451,72576000,8731DFBF748DA65AAC6F3E2C739E606E2F0A1DBB032EC48ACCFA56755567A5B1,DAC2B05BCB69D638BACEB224D3B34E945D5BFDF56A2F78B399C4BB0A84B8D13A,C:\Users\Link\Dev\OpenGL_Learn\OpenGL_Learn\benchmark-results\gbuffer-position-reconstruction\gbuffer-position-formal-20260801-v3\raw\san-miguel\ssao-off\order-1-pair-1-A.json
gpu,san-miguel,ssao-off,A,explicit,1,1,G-Buffer Geometry,2000,2.432625,2.416288,2.71833,2.860509,1606.0,5617451,72576000,8731DFBF748DA65AAC6F3E2C739E606E2F0A1DBB032EC48ACCFA56755567A5B1,DAC2B05BCB69D638BACEB224D3B34E945D5BFDF56A2F78B399C4BB0A84B8D13A,C:\Users\Link\Dev\OpenGL_Learn\OpenGL_Learn\benchmark-results\gbuffer-position-reconstruction\gbuffer-position-formal-20260801-v3\raw\san-miguel\ssao-off\order-1-pair-1-A.json
gpu,san-miguel,ssao-off,A,explicit,1,1,Depth/Stencil Copy,2000,0.061347,0.050208,0.158024,0.254723,1606.0,5617451,72576000,8731DFBF748DA65AAC6F3E2C739E606E2F0A1DBB032EC48ACCFA56755567A5B1,DAC2B05BCB69D638BACEB224D3B34E945D5BFDF56A2F78B399C4BB0A84B8D13A,C:\Users\Link\Dev\OpenGL_Learn\OpenGL_Learn\benchmark-results\gbuffer-position-reconstruction\gbuffer-position-formal-20260801-v3\raw\san-miguel\ssao-off\order-1-pair-1-A.json
gpu,san-miguel,ssao-off,A,explicit,1,1,SSAO Generate,0,,,,,1606.0,5617451,72576000,8731DFBF748DA65AAC6F3E2C739E606E2F0A1DBB032EC48ACCFA56755567A5B1,DAC2B05BCB69D638BACEB224D3B34E945D5BFDF56A2F78B399C4BB0A84B8D13A,C:\Users\Link\Dev\OpenGL_Learn\OpenGL_Learn\benchmark-results\gbuffer-position-reconstruction\gbuffer-position-formal-20260801-v3\raw\san-miguel\ssao-off\order-1-pair-1-A.json
gpu,san-miguel,ssao-off,A,explicit,1,1,SSAO Upsample,0,,,,,1606.0,5617451,72576000,8731DFBF748DA65AAC6F3E2C739E606E2F0A1DBB032EC48ACCFA56755567A5B1,DAC2B05BCB69D638BACEB224D3B34E945D5BFDF56A2F78B399C4BB0A84B8D13A,C:\Users\Link\Dev\OpenGL_Learn\OpenGL_Learn\benchmark-results\gbuffer-position-reconstruction\gbuffer-position-formal-20260801-v3\raw\san-miguel\ssao-off\order-1-pair-1-A.json
gpu,san-miguel,ssao-off,A,explicit,1,1,Deferred Lighting,2000,0.177119,0.164352,0.301248,0.381443,1606.0,5617451,72576000,8731DFBF748DA65AAC6F3E2C739E606E2F0A1DBB032EC48ACCFA56755567A5B1,DAC2B05BCB69D638BACEB224D3B34E945D5BFDF56A2F78B399C4BB0A84B8D13A,C:\Users\Link\Dev\OpenGL_Learn\OpenGL_Learn\benchmark-results\gbuffer-position-reconstruction\gbuffer-position-formal-20260801-v3\raw\san-miguel\ssao-off\order-1-pair-1-A.json
gpu,san-miguel,ssao-off,A,explicit,1,1,Deferred Pass,2000,2.698793,2.66496,2.976926,3.112082,1606.0,5617451,72576000,8731DFBF748DA65AAC6F3E2C739E606E2F0A1DBB032EC48ACCFA56755567A5B1,DAC2B05BCB69D638BACEB224D3B34E945D5BFDF56A2F78B399C4BB0A84B8D13A,C:\Users\Link\Dev\OpenGL_Learn\OpenGL_Learn\benchmark-results\gbuffer-position-reconstruction\gbuffer-position-formal-20260801-v3\raw\san-miguel\ssao-off\order-1-pair-1-A.json
cpu,san-miguel,ssao-off,A,explicit,1,1,CPU Frame,2000,5.241242,5.27875,5.992505,6.357367,1606.0,5617451,72576000,8731DFBF748DA65AAC6F3E2C739E606E2F0A1DBB032EC48ACCFA56755567A5B1,DAC2B05BCB69D638BACEB224D3B34E945D5BFDF56A2F78B399C4BB0A84B8D13A,C:\Users\Link\Dev\OpenGL_Learn\OpenGL_Learn\benchmark-results\gbuffer-position-reconstruction\gbuffer-position-formal-20260801-v3\raw\san-miguel\ssao-off\order-1-pair-1-A.json
cpu,san-miguel,ssao-off,A,explicit,1,1,G-Buffer Geometry,2000,0.886818,0.85575,1.12161,1.319671,1606.0,5617451,72576000,8731DFBF748DA65AAC6F3E2C739E606E2F0A1DBB032EC48ACCFA56755567A5B1,DAC2B05BCB69D638BACEB224D3B34E945D5BFDF56A2F78B399C4BB0A84B8D13A,C:\Users\Link\Dev\OpenGL_Learn\OpenGL_Learn\benchmark-results\gbuffer-position-reconstruction\gbuffer-position-formal-20260801-v3\raw\san-miguel\ssao-off\order-1-pair-1-A.json
cpu,san-miguel,ssao-off,A,explicit,1,1,Depth/Stencil Copy,2000,0.000723,0.0006,0.0011,0.0015,1606.0,5617451,72576000,8731DFBF748DA65AAC6F3E2C739E606E2F0A1DBB032EC48ACCFA56755567A5B1,DAC2B05BCB69D638BACEB224D3B34E945D5BFDF56A2F78B399C4BB0A84B8D13A,C:\Users\Link\Dev\OpenGL_Learn\OpenGL_Learn\benchmark-results\gbuffer-position-reconstruction\gbuffer-position-formal-20260801-v3\raw\san-miguel\ssao-off\order-1-pair-1-A.json
cpu,san-miguel,ssao-off,A,explicit,1,1,SSAO Generate,0,,,,,1606.0,5617451,72576000,8731DFBF748DA65AAC6F3E2C739E606E2F0A1DBB032EC48ACCFA56755567A5B1,DAC2B05BCB69D638BACEB224D3B34E945D5BFDF56A2F78B399C4BB0A84B8D13A,C:\Users\Link\Dev\OpenGL_Learn\OpenGL_Learn\benchmark-results\gbuffer-position-reconstruction\gbuffer-position-formal-20260801-v3\raw\san-miguel\ssao-off\order-1-pair-1-A.json
cpu,san-miguel,ssao-off,A,explicit,1,1,SSAO Upsample,0,,,,,1606.0,5617451,72576000,8731DFBF748DA65AAC6F3E2C739E606E2F0A1DBB032EC48ACCFA56755567A5B1,DAC2B05BCB69D638BACEB224D3B34E945D5BFDF56A2F78B399C4BB0A84B8D13A,C:\Users\Link\Dev\OpenGL_Learn\OpenGL_Learn\benchmark-results\gbuffer-position-reconstruction\gbuffer-position-formal-20260801-v3\raw\san-miguel\ssao-off\order-1-pair-1-A.json
cpu,san-miguel,ssao-off,A,explicit,1,1,Deferred Lighting,2000,0.013143,0.0126,0.0169,0.027742,1606.0,5617451,72576000,8731DFBF748DA65AAC6F3E2C739E606E2F0A1DBB032EC48ACCFA56755567A5B1,DAC2B05BCB69D638BACEB224D3B34E945D5BFDF56A2F78B399C4BB0A84B8D13A,C:\Users\Link\Dev\OpenGL_Learn\OpenGL_Learn\benchmark-results\gbuffer-position-reconstruction\gbuffer-position-formal-20260801-v3\raw\san-miguel\ssao-off\order-1-pair-1-A.json
cpu,san-miguel,ssao-off,A,explicit,1,1,Deferred Pass,2000,1.395514,1.362,1.703055,1.946762,1606.0,5617451,72576000,8731DFBF748DA65AAC6F3E2C739E606E2F0A1DBB032EC48ACCFA56755567A5B1,DAC2B05BCB69D638BACEB224D3B34E945D5BFDF56A2F78B399C4BB0A84B8D13A,C:\Users\Link\Dev\OpenGL_Learn\OpenGL_Learn\benchmark-results\gbuffer-position-reconstruction\gbuffer-position-formal-20260801-v3\raw\san-miguel\ssao-off\order-1-pair-1-A.json
gpu,san-miguel,ssao-off,B,reconstruct,1,2,GPU Frame,2000,2.600364,2.600576,2.844192,2.983887,1606.0,5617451,55987200,8731DFBF748DA65AAC6F3E2C739E606E2F0A1DBB032EC48ACCFA56755567A5B1,DAC2B05BCB69D638BACEB224D3B34E945D5BFDF56A2F78B399C4BB0A84B8D13A,C:\Users\Link\Dev\OpenGL_Learn\OpenGL_Learn\benchmark-results\gbuffer-position-reconstruction\gbuffer-position-formal-20260801-v3\raw\san-miguel\ssao-off\order-2-pair-1-B.json
gpu,san-miguel,ssao-off,B,reconstruct,1,2,G-Buffer Geometry,2000,2.129128,2.108288,2.43221,2.593896,1606.0,5617451,55987200,8731DFBF748DA65AAC6F3E2C739E606E2F0A1DBB032EC48ACCFA56755567A5B1,DAC2B05BCB69D638BACEB224D3B34E945D5BFDF56A2F78B399C4BB0A84B8D13A,C:\Users\Link\Dev\OpenGL_Learn\OpenGL_Learn\benchmark-results\gbuffer-position-reconstruction\gbuffer-position-formal-20260801-v3\raw\san-miguel\ssao-off\order-2-pair-1-B.json
gpu,san-miguel,ssao-off,B,reconstruct,1,2,Depth/Stencil Copy,2000,0.148326,0.056816,0.42396,0.596285,1606.0,5617451,55987200,8731DFBF748DA65AAC6F3E2C739E606E2F0A1DBB032EC48ACCFA56755567A5B1,DAC2B05BCB69D638BACEB224D3B34E945D5BFDF56A2F78B399C4BB0A84B8D13A,C:\Users\Link\Dev\OpenGL_Learn\OpenGL_Learn\benchmark-results\gbuffer-position-reconstruction\gbuffer-position-formal-20260801-v3\raw\san-miguel\ssao-off\order-2-pair-1-B.json
gpu,san-miguel,ssao-off,B,reconstruct,1,2,SSAO Generate,0,,,,,1606.0,5617451,55987200,8731DFBF748DA65AAC6F3E2C739E606E2F0A1DBB032EC48ACCFA56755567A5B1,DAC2B05BCB69D638BACEB224D3B34E945D5BFDF56A2F78B399C4BB0A84B8D13A,C:\Users\Link\Dev\OpenGL_Learn\OpenGL_Learn\benchmark-results\gbuffer-position-reconstruction\gbuffer-position-formal-20260801-v3\raw\san-miguel\ssao-off\order-2-pair-1-B.json
gpu,san-miguel,ssao-off,B,reconstruct,1,2,SSAO Upsample,0,,,,,1606.0,5617451,55987200,8731DFBF748DA65AAC6F3E2C739E606E2F0A1DBB032EC48ACCFA56755567A5B1,DAC2B05BCB69D638BACEB224D3B34E945D5BFDF56A2F78B399C4BB0A84B8D13A,C:\Users\Link\Dev\OpenGL_Learn\OpenGL_Learn\benchmark-results\gbuffer-position-reconstruction\gbuffer-position-formal-20260801-v3\raw\san-miguel\ssao-off\order-2-pair-1-B.json
gpu,san-miguel,ssao-off,B,reconstruct,1,2,Deferred Lighting,2000,0.168106,0.162496,0.165666,0.385569,1606.0,5617451,55987200,8731DFBF748DA65AAC6F3E2C739E606E2F0A1DBB032EC48ACCFA56755567A5B1,DAC2B05BCB69D638BACEB224D3B34E945D5BFDF56A2F78B399C4BB0A84B8D13A,C:\Users\Link\Dev\OpenGL_Learn\OpenGL_Learn\benchmark-results\gbuffer-position-reconstruction\gbuffer-position-formal-20260801-v3\raw\san-miguel\ssao-off\order-2-pair-1-B.json
gpu,san-miguel,ssao-off,B,reconstruct,1,2,Deferred Pass,2000,2.472458,2.474544,2.718789,2.855752,1606.0,5617451,55987200,8731DFBF748DA65AAC6F3E2C739E606E2F0A1DBB032EC48ACCFA56755567A5B1,DAC2B05BCB69D638BACEB224D3B34E945D5BFDF56A2F78B399C4BB0A84B8D13A,C:\Users\Link\Dev\OpenGL_Learn\OpenGL_Learn\benchmark-results\gbuffer-position-reconstruction\gbuffer-position-formal-20260801-v3\raw\san-miguel\ssao-off\order-2-pair-1-B.json
cpu,san-miguel,ssao-off,B,reconstruct,1,2,CPU Frame,2000,5.028712,5.0488,5.78558,6.247046,1606.0,5617451,55987200,8731DFBF748DA65AAC6F3E2C739E606E2F0A1DBB032EC48ACCFA56755567A5B1,DAC2B05BCB69D638BACEB224D3B34E945D5BFDF56A2F78B399C4BB0A84B8D13A,C:\Users\Link\Dev\OpenGL_Learn\OpenGL_Learn\benchmark-results\gbuffer-position-reconstruction\gbuffer-position-formal-20260801-v3\raw\san-miguel\ssao-off\order-2-pair-1-B.json
cpu,san-miguel,ssao-off,B,reconstruct,1,2,G-Buffer Geometry,2000,0.889084,0.85175,1.19113,1.391553,1606.0,5617451,55987200,8731DFBF748DA65AAC6F3E2C739E606E2F0A1DBB032EC48ACCFA56755567A5B1,DAC2B05BCB69D638BACEB224D3B34E945D5BFDF56A2F78B399C4BB0A84B8D13A,C:\Users\Link\Dev\OpenGL_Learn\OpenGL_Learn\benchmark-results\gbuffer-position-reconstruction\gbuffer-position-formal-20260801-v3\raw\san-miguel\ssao-off\order-2-pair-1-B.json
cpu,san-miguel,ssao-off,B,reconstruct,1,2,Depth/Stencil Copy,2000,0.000761,0.0007,0.0012,0.0017,1606.0,5617451,55987200,8731DFBF748DA65AAC6F3E2C739E606E2F0A1DBB032EC48ACCFA56755567A5B1,DAC2B05BCB69D638BACEB224D3B34E945D5BFDF56A2F78B399C4BB0A84B8D13A,C:\Users\Link\Dev\OpenGL_Learn\OpenGL_Learn\benchmark-results\gbuffer-position-reconstruction\gbuffer-position-formal-20260801-v3\raw\san-miguel\ssao-off\order-2-pair-1-B.json
cpu,san-miguel,ssao-off,B,reconstruct,1,2,SSAO Generate,0,,,,,1606.0,5617451,55987200,8731DFBF748DA65AAC6F3E2C739E606E2F0A1DBB032EC48ACCFA56755567A5B1,DAC2B05BCB69D638BACEB224D3B34E945D5BFDF56A2F78B399C4BB0A84B8D13A,C:\Users\Link\Dev\OpenGL_Learn\OpenGL_Learn\benchmark-results\gbuffer-position-reconstruction\gbuffer-position-formal-20260801-v3\raw\san-miguel\ssao-off\order-2-pair-1-B.json
cpu,san-miguel,ssao-off,B,reconstruct,1,2,SSAO Upsample,0,,,,,1606.0,5617451,55987200,8731DFBF748DA65AAC6F3E2C739E606E2F0A1DBB032EC48ACCFA56755567A5B1,DAC2B05BCB69D638BACEB224D3B34E945D5BFDF56A2F78B399C4BB0A84B8D13A,C:\Users\Link\Dev\OpenGL_Learn\OpenGL_Learn\benchmark-results\gbuffer-position-reconstruction\gbuffer-position-formal-20260801-v3\raw\san-miguel\ssao-off\order-2-pair-1-B.json
cpu,san-miguel,ssao-off,B,reconstruct,1,2,Deferred Lighting,2000,0.01352,0.0127,0.0183,0.032507,1606.0,5617451,55987200,8731DFBF748DA65AAC6F3E2C739E606E2F0A1DBB032EC48ACCFA56755567A5B1,DAC2B05BCB69D638BACEB224D3B34E945D5BFDF56A2F78B399C4BB0A84B8D13A,C:\Users\Link\Dev\OpenGL_Learn\OpenGL_Learn\benchmark-results\gbuffer-position-reconstruction\gbuffer-position-formal-20260801-v3\raw\san-miguel\ssao-off\order-2-pair-1-B.json
cpu,san-miguel,ssao-off,B,reconstruct,1,2,Deferred Pass,2000,1.389163,1.3463,1.767025,2.03232,1606.0,5617451,55987200,8731DFBF748DA65AAC6F3E2C739E606E2F0A1DBB032EC48ACCFA56755567A5B1,DAC2B05BCB69D638BACEB224D3B34E945D5BFDF56A2F78B399C4BB0A84B8D13A,C:\Users\Link\Dev\OpenGL_Learn\OpenGL_Learn\benchmark-results\gbuffer-position-reconstruction\gbuffer-position-formal-20260801-v3\raw\san-miguel\ssao-off\order-2-pair-1-B.json
gpu,san-miguel,ssao-off,B,reconstruct,2,3,GPU Frame,2000,2.595313,2.591312,2.830189,2.980589,1606.0,5617451,55987200,8731DFBF748DA65AAC6F3E2C739E606E2F0A1DBB032EC48ACCFA56755567A5B1,DAC2B05BCB69D638BACEB224D3B34E945D5BFDF56A2F78B399C4BB0A84B8D13A,C:\Users\Link\Dev\OpenGL_Learn\OpenGL_Learn\benchmark-results\gbuffer-position-reconstruction\gbuffer-position-formal-20260801-v3\raw\san-miguel\ssao-off\order-3-pair-2-B.json
gpu,san-miguel,ssao-off,B,reconstruct,2,3,G-Buffer Geometry,2000,2.126754,2.108016,2.427179,2.585252,1606.0,5617451,55987200,8731DFBF748DA65AAC6F3E2C739E606E2F0A1DBB032EC48ACCFA56755567A5B1,DAC2B05BCB69D638BACEB224D3B34E945D5BFDF56A2F78B399C4BB0A84B8D13A,C:\Users\Link\Dev\OpenGL_Learn\OpenGL_Learn\benchmark-results\gbuffer-position-reconstruction\gbuffer-position-formal-20260801-v3\raw\san-miguel\ssao-off\order-3-pair-2-B.json
gpu,san-miguel,ssao-off,B,reconstruct,2,3,Depth/Stencil Copy,2000,0.1455,0.05432,0.423646,0.583303,1606.0,5617451,55987200,8731DFBF748DA65AAC6F3E2C739E606E2F0A1DBB032EC48ACCFA56755567A5B1,DAC2B05BCB69D638BACEB224D3B34E945D5BFDF56A2F78B399C4BB0A84B8D13A,C:\Users\Link\Dev\OpenGL_Learn\OpenGL_Learn\benchmark-results\gbuffer-position-reconstruction\gbuffer-position-formal-20260801-v3\raw\san-miguel\ssao-off\order-3-pair-2-B.json
gpu,san-miguel,ssao-off,B,reconstruct,2,3,SSAO Generate,0,,,,,1606.0,5617451,55987200,8731DFBF748DA65AAC6F3E2C739E606E2F0A1DBB032EC48ACCFA56755567A5B1,DAC2B05BCB69D638BACEB224D3B34E945D5BFDF56A2F78B399C4BB0A84B8D13A,C:\Users\Link\Dev\OpenGL_Learn\OpenGL_Learn\benchmark-results\gbuffer-position-reconstruction\gbuffer-position-formal-20260801-v3\raw\san-miguel\ssao-off\order-3-pair-2-B.json
gpu,san-miguel,ssao-off,B,reconstruct,2,3,SSAO Upsample,0,,,,,1606.0,5617451,55987200,8731DFBF748DA65AAC6F3E2C739E606E2F0A1DBB032EC48ACCFA56755567A5B1,DAC2B05BCB69D638BACEB224D3B34E945D5BFDF56A2F78B399C4BB0A84B8D13A,C:\Users\Link\Dev\OpenGL_Learn\OpenGL_Learn\benchmark-results\gbuffer-position-reconstruction\gbuffer-position-formal-20260801-v3\raw\san-miguel\ssao-off\order-3-pair-2-B.json
gpu,san-miguel,ssao-off,B,reconstruct,2,3,Deferred Lighting,2000,0.168232,0.162464,0.165984,0.383395,1606.0,5617451,55987200,8731DFBF748DA65AAC6F3E2C739E606E2F0A1DBB032EC48ACCFA56755567A5B1,DAC2B05BCB69D638BACEB224D3B34E945D5BFDF56A2F78B399C4BB0A84B8D13A,C:\Users\Link\Dev\OpenGL_Learn\OpenGL_Learn\benchmark-results\gbuffer-position-reconstruction\gbuffer-position-formal-20260801-v3\raw\san-miguel\ssao-off\order-3-pair-2-B.json
gpu,san-miguel,ssao-off,B,reconstruct,2,3,Deferred Pass,2000,2.46801,2.460096,2.70251,2.849178,1606.0,5617451,55987200,8731DFBF748DA65AAC6F3E2C739E606E2F0A1DBB032EC48ACCFA56755567A5B1,DAC2B05BCB69D638BACEB224D3B34E945D5BFDF56A2F78B399C4BB0A84B8D13A,C:\Users\Link\Dev\OpenGL_Learn\OpenGL_Learn\benchmark-results\gbuffer-position-reconstruction\gbuffer-position-formal-20260801-v3\raw\san-miguel\ssao-off\order-3-pair-2-B.json
cpu,san-miguel,ssao-off,B,reconstruct,2,3,CPU Frame,2000,5.043872,5.07085,5.779235,6.180576,1606.0,5617451,55987200,8731DFBF748DA65AAC6F3E2C739E606E2F0A1DBB032EC48ACCFA56755567A5B1,DAC2B05BCB69D638BACEB224D3B34E945D5BFDF56A2F78B399C4BB0A84B8D13A,C:\Users\Link\Dev\OpenGL_Learn\OpenGL_Learn\benchmark-results\gbuffer-position-reconstruction\gbuffer-position-formal-20260801-v3\raw\san-miguel\ssao-off\order-3-pair-2-B.json
cpu,san-miguel,ssao-off,B,reconstruct,2,3,G-Buffer Geometry,2000,0.915012,0.872,1.228475,1.511033,1606.0,5617451,55987200,8731DFBF748DA65AAC6F3E2C739E606E2F0A1DBB032EC48ACCFA56755567A5B1,DAC2B05BCB69D638BACEB224D3B34E945D5BFDF56A2F78B399C4BB0A84B8D13A,C:\Users\Link\Dev\OpenGL_Learn\OpenGL_Learn\benchmark-results\gbuffer-position-reconstruction\gbuffer-position-formal-20260801-v3\raw\san-miguel\ssao-off\order-3-pair-2-B.json
cpu,san-miguel,ssao-off,B,reconstruct,2,3,Depth/Stencil Copy,2000,0.000806,0.0007,0.0013,0.0017,1606.0,5617451,55987200,8731DFBF748DA65AAC6F3E2C739E606E2F0A1DBB032EC48ACCFA56755567A5B1,DAC2B05BCB69D638BACEB224D3B34E945D5BFDF56A2F78B399C4BB0A84B8D13A,C:\Users\Link\Dev\OpenGL_Learn\OpenGL_Learn\benchmark-results\gbuffer-position-reconstruction\gbuffer-position-formal-20260801-v3\raw\san-miguel\ssao-off\order-3-pair-2-B.json
cpu,san-miguel,ssao-off,B,reconstruct,2,3,SSAO Generate,0,,,,,1606.0,5617451,55987200,8731DFBF748DA65AAC6F3E2C739E606E2F0A1DBB032EC48ACCFA56755567A5B1,DAC2B05BCB69D638BACEB224D3B34E945D5BFDF56A2F78B399C4BB0A84B8D13A,C:\Users\Link\Dev\OpenGL_Learn\OpenGL_Learn\benchmark-results\gbuffer-position-reconstruction\gbuffer-position-formal-20260801-v3\raw\san-miguel\ssao-off\order-3-pair-2-B.json
cpu,san-miguel,ssao-off,B,reconstruct,2,3,SSAO Upsample,0,,,,,1606.0,5617451,55987200,8731DFBF748DA65AAC6F3E2C739E606E2F0A1DBB032EC48ACCFA56755567A5B1,DAC2B05BCB69D638BACEB224D3B34E945D5BFDF56A2F78B399C4BB0A84B8D13A,C:\Users\Link\Dev\OpenGL_Learn\OpenGL_Learn\benchmark-results\gbuffer-position-reconstruction\gbuffer-position-formal-20260801-v3\raw\san-miguel\ssao-off\order-3-pair-2-B.json
cpu,san-miguel,ssao-off,B,reconstruct,2,3,Deferred Lighting,2000,0.013649,0.01275,0.019205,0.030606,1606.0,5617451,55987200,8731DFBF748DA65AAC6F3E2C739E606E2F0A1DBB032EC48ACCFA56755567A5B1,DAC2B05BCB69D638BACEB224D3B34E945D5BFDF56A2F78B399C4BB0A84B8D13A,C:\Users\Link\Dev\OpenGL_Learn\OpenGL_Learn\benchmark-results\gbuffer-position-reconstruction\gbuffer-position-formal-20260801-v3\raw\san-miguel\ssao-off\order-3-pair-2-B.json
cpu,san-miguel,ssao-off,B,reconstruct,2,3,Deferred Pass,2000,1.425958,1.3728,1.842665,2.245304,1606.0,5617451,55987200,8731DFBF748DA65AAC6F3E2C739E606E2F0A1DBB032EC48ACCFA56755567A5B1,DAC2B05BCB69D638BACEB224D3B34E945D5BFDF56A2F78B399C4BB0A84B8D13A,C:\Users\Link\Dev\OpenGL_Learn\OpenGL_Learn\benchmark-results\gbuffer-position-reconstruction\gbuffer-position-formal-20260801-v3\raw\san-miguel\ssao-off\order-3-pair-2-B.json
gpu,san-miguel,ssao-off,A,explicit,2,4,GPU Frame,2000,2.818592,2.791424,3.062856,3.24136,1606.0,5617451,72576000,8731DFBF748DA65AAC6F3E2C739E606E2F0A1DBB032EC48ACCFA56755567A5B1,DAC2B05BCB69D638BACEB224D3B34E945D5BFDF56A2F78B399C4BB0A84B8D13A,C:\Users\Link\Dev\OpenGL_Learn\OpenGL_Learn\benchmark-results\gbuffer-position-reconstruction\gbuffer-position-formal-20260801-v3\raw\san-miguel\ssao-off\order-4-pair-2-A.json
gpu,san-miguel,ssao-off,A,explicit,2,4,G-Buffer Geometry,2000,2.423075,2.414976,2.666269,2.824276,1606.0,5617451,72576000,8731DFBF748DA65AAC6F3E2C739E606E2F0A1DBB032EC48ACCFA56755567A5B1,DAC2B05BCB69D638BACEB224D3B34E945D5BFDF56A2F78B399C4BB0A84B8D13A,C:\Users\Link\Dev\OpenGL_Learn\OpenGL_Learn\benchmark-results\gbuffer-position-reconstruction\gbuffer-position-formal-20260801-v3\raw\san-miguel\ssao-off\order-4-pair-2-A.json
gpu,san-miguel,ssao-off,A,explicit,2,4,Depth/Stencil Copy,2000,0.061582,0.050208,0.165002,0.25818,1606.0,5617451,72576000,8731DFBF748DA65AAC6F3E2C739E606E2F0A1DBB032EC48ACCFA56755567A5B1,DAC2B05BCB69D638BACEB224D3B34E945D5BFDF56A2F78B399C4BB0A84B8D13A,C:\Users\Link\Dev\OpenGL_Learn\OpenGL_Learn\benchmark-results\gbuffer-position-reconstruction\gbuffer-position-formal-20260801-v3\raw\san-miguel\ssao-off\order-4-pair-2-A.json
gpu,san-miguel,ssao-off,A,explicit,2,4,SSAO Generate,0,,,,,1606.0,5617451,72576000,8731DFBF748DA65AAC6F3E2C739E606E2F0A1DBB032EC48ACCFA56755567A5B1,DAC2B05BCB69D638BACEB224D3B34E945D5BFDF56A2F78B399C4BB0A84B8D13A,C:\Users\Link\Dev\OpenGL_Learn\OpenGL_Learn\benchmark-results\gbuffer-position-reconstruction\gbuffer-position-formal-20260801-v3\raw\san-miguel\ssao-off\order-4-pair-2-A.json
gpu,san-miguel,ssao-off,A,explicit,2,4,SSAO Upsample,0,,,,,1606.0,5617451,72576000,8731DFBF748DA65AAC6F3E2C739E606E2F0A1DBB032EC48ACCFA56755567A5B1,DAC2B05BCB69D638BACEB224D3B34E945D5BFDF56A2F78B399C4BB0A84B8D13A,C:\Users\Link\Dev\OpenGL_Learn\OpenGL_Learn\benchmark-results\gbuffer-position-reconstruction\gbuffer-position-formal-20260801-v3\raw\san-miguel\ssao-off\order-4-pair-2-A.json
gpu,san-miguel,ssao-off,A,explicit,2,4,Deferred Lighting,2000,0.17852,0.16448,0.301638,0.40075,1606.0,5617451,72576000,8731DFBF748DA65AAC6F3E2C739E606E2F0A1DBB032EC48ACCFA56755567A5B1,DAC2B05BCB69D638BACEB224D3B34E945D5BFDF56A2F78B399C4BB0A84B8D13A,C:\Users\Link\Dev\OpenGL_Learn\OpenGL_Learn\benchmark-results\gbuffer-position-reconstruction\gbuffer-position-formal-20260801-v3\raw\san-miguel\ssao-off\order-4-pair-2-A.json
gpu,san-miguel,ssao-off,A,explicit,2,4,Deferred Pass,2000,2.691487,2.6636,2.933966,3.111307,1606.0,5617451,72576000,8731DFBF748DA65AAC6F3E2C739E606E2F0A1DBB032EC48ACCFA56755567A5B1,DAC2B05BCB69D638BACEB224D3B34E945D5BFDF56A2F78B399C4BB0A84B8D13A,C:\Users\Link\Dev\OpenGL_Learn\OpenGL_Learn\benchmark-results\gbuffer-position-reconstruction\gbuffer-position-formal-20260801-v3\raw\san-miguel\ssao-off\order-4-pair-2-A.json
cpu,san-miguel,ssao-off,A,explicit,2,4,CPU Frame,2000,5.208877,5.263,5.892445,6.223708,1606.0,5617451,72576000,8731DFBF748DA65AAC6F3E2C739E606E2F0A1DBB032EC48ACCFA56755567A5B1,DAC2B05BCB69D638BACEB224D3B34E945D5BFDF56A2F78B399C4BB0A84B8D13A,C:\Users\Link\Dev\OpenGL_Learn\OpenGL_Learn\benchmark-results\gbuffer-position-reconstruction\gbuffer-position-formal-20260801-v3\raw\san-miguel\ssao-off\order-4-pair-2-A.json
cpu,san-miguel,ssao-off,A,explicit,2,4,G-Buffer Geometry,2000,0.865399,0.8305,1.108825,1.318725,1606.0,5617451,72576000,8731DFBF748DA65AAC6F3E2C739E606E2F0A1DBB032EC48ACCFA56755567A5B1,DAC2B05BCB69D638BACEB224D3B34E945D5BFDF56A2F78B399C4BB0A84B8D13A,C:\Users\Link\Dev\OpenGL_Learn\OpenGL_Learn\benchmark-results\gbuffer-position-reconstruction\gbuffer-position-formal-20260801-v3\raw\san-miguel\ssao-off\order-4-pair-2-A.json
cpu,san-miguel,ssao-off,A,explicit,2,4,Depth/Stencil Copy,2000,0.000722,0.0007,0.0011,0.0014,1606.0,5617451,72576000,8731DFBF748DA65AAC6F3E2C739E606E2F0A1DBB032EC48ACCFA56755567A5B1,DAC2B05BCB69D638BACEB224D3B34E945D5BFDF56A2F78B399C4BB0A84B8D13A,C:\Users\Link\Dev\OpenGL_Learn\OpenGL_Learn\benchmark-results\gbuffer-position-reconstruction\gbuffer-position-formal-20260801-v3\raw\san-miguel\ssao-off\order-4-pair-2-A.json
cpu,san-miguel,ssao-off,A,explicit,2,4,SSAO Generate,0,,,,,1606.0,5617451,72576000,8731DFBF748DA65AAC6F3E2C739E606E2F0A1DBB032EC48ACCFA56755567A5B1,DAC2B05BCB69D638BACEB224D3B34E945D5BFDF56A2F78B399C4BB0A84B8D13A,C:\Users\Link\Dev\OpenGL_Learn\OpenGL_Learn\benchmark-results\gbuffer-position-reconstruction\gbuffer-position-formal-20260801-v3\raw\san-miguel\ssao-off\order-4-pair-2-A.json
cpu,san-miguel,ssao-off,A,explicit,2,4,SSAO Upsample,0,,,,,1606.0,5617451,72576000,8731DFBF748DA65AAC6F3E2C739E606E2F0A1DBB032EC48ACCFA56755567A5B1,DAC2B05BCB69D638BACEB224D3B34E945D5BFDF56A2F78B399C4BB0A84B8D13A,C:\Users\Link\Dev\OpenGL_Learn\OpenGL_Learn\benchmark-results\gbuffer-position-reconstruction\gbuffer-position-formal-20260801-v3\raw\san-miguel\ssao-off\order-4-pair-2-A.json
cpu,san-miguel,ssao-off,A,explicit,2,4,Deferred Lighting,2000,0.013292,0.0126,0.0171,0.031101,1606.0,5617451,72576000,8731DFBF748DA65AAC6F3E2C739E606E2F0A1DBB032EC48ACCFA56755567A5B1,DAC2B05BCB69D638BACEB224D3B34E945D5BFDF56A2F78B399C4BB0A84B8D13A,C:\Users\Link\Dev\OpenGL_Learn\OpenGL_Learn\benchmark-results\gbuffer-position-reconstruction\gbuffer-position-formal-20260801-v3\raw\san-miguel\ssao-off\order-4-pair-2-A.json
cpu,san-miguel,ssao-off,A,explicit,2,4,Deferred Pass,2000,1.362503,1.3239,1.676085,1.945644,1606.0,5617451,72576000,8731DFBF748DA65AAC6F3E2C739E606E2F0A1DBB032EC48ACCFA56755567A5B1,DAC2B05BCB69D638BACEB224D3B34E945D5BFDF56A2F78B399C4BB0A84B8D13A,C:\Users\Link\Dev\OpenGL_Learn\OpenGL_Learn\benchmark-results\gbuffer-position-reconstruction\gbuffer-position-formal-20260801-v3\raw\san-miguel\ssao-off\order-4-pair-2-A.json
gpu,san-miguel,ssao-off,A,explicit,3,5,GPU Frame,2000,2.817483,2.789216,3.072235,3.223448,1606.0,5617451,72576000,8731DFBF748DA65AAC6F3E2C739E606E2F0A1DBB032EC48ACCFA56755567A5B1,DAC2B05BCB69D638BACEB224D3B34E945D5BFDF56A2F78B399C4BB0A84B8D13A,C:\Users\Link\Dev\OpenGL_Learn\OpenGL_Learn\benchmark-results\gbuffer-position-reconstruction\gbuffer-position-formal-20260801-v3\raw\san-miguel\ssao-off\order-5-pair-3-A.json
gpu,san-miguel,ssao-off,A,explicit,3,5,G-Buffer Geometry,2000,2.421637,2.41392,2.674787,2.830114,1606.0,5617451,72576000,8731DFBF748DA65AAC6F3E2C739E606E2F0A1DBB032EC48ACCFA56755567A5B1,DAC2B05BCB69D638BACEB224D3B34E945D5BFDF56A2F78B399C4BB0A84B8D13A,C:\Users\Link\Dev\OpenGL_Learn\OpenGL_Learn\benchmark-results\gbuffer-position-reconstruction\gbuffer-position-formal-20260801-v3\raw\san-miguel\ssao-off\order-5-pair-3-A.json
gpu,san-miguel,ssao-off,A,explicit,3,5,Depth/Stencil Copy,2000,0.062351,0.050208,0.181422,0.25751,1606.0,5617451,72576000,8731DFBF748DA65AAC6F3E2C739E606E2F0A1DBB032EC48ACCFA56755567A5B1,DAC2B05BCB69D638BACEB224D3B34E945D5BFDF56A2F78B399C4BB0A84B8D13A,C:\Users\Link\Dev\OpenGL_Learn\OpenGL_Learn\benchmark-results\gbuffer-position-reconstruction\gbuffer-position-formal-20260801-v3\raw\san-miguel\ssao-off\order-5-pair-3-A.json
gpu,san-miguel,ssao-off,A,explicit,3,5,SSAO Generate,0,,,,,1606.0,5617451,72576000,8731DFBF748DA65AAC6F3E2C739E606E2F0A1DBB032EC48ACCFA56755567A5B1,DAC2B05BCB69D638BACEB224D3B34E945D5BFDF56A2F78B399C4BB0A84B8D13A,C:\Users\Link\Dev\OpenGL_Learn\OpenGL_Learn\benchmark-results\gbuffer-position-reconstruction\gbuffer-position-formal-20260801-v3\raw\san-miguel\ssao-off\order-5-pair-3-A.json
gpu,san-miguel,ssao-off,A,explicit,3,5,SSAO Upsample,0,,,,,1606.0,5617451,72576000,8731DFBF748DA65AAC6F3E2C739E606E2F0A1DBB032EC48ACCFA56755567A5B1,DAC2B05BCB69D638BACEB224D3B34E945D5BFDF56A2F78B399C4BB0A84B8D13A,C:\Users\Link\Dev\OpenGL_Learn\OpenGL_Learn\benchmark-results\gbuffer-position-reconstruction\gbuffer-position-formal-20260801-v3\raw\san-miguel\ssao-off\order-5-pair-3-A.json
gpu,san-miguel,ssao-off,A,explicit,3,5,Deferred Lighting,2000,0.177927,0.164192,0.300962,0.379813,1606.0,5617451,72576000,8731DFBF748DA65AAC6F3E2C739E606E2F0A1DBB032EC48ACCFA56755567A5B1,DAC2B05BCB69D638BACEB224D3B34E945D5BFDF56A2F78B399C4BB0A84B8D13A,C:\Users\Link\Dev\OpenGL_Learn\OpenGL_Learn\benchmark-results\gbuffer-position-reconstruction\gbuffer-position-formal-20260801-v3\raw\san-miguel\ssao-off\order-5-pair-3-A.json
gpu,san-miguel,ssao-off,A,explicit,3,5,Deferred Pass,2000,2.68996,2.662688,2.946739,3.097233,1606.0,5617451,72576000,8731DFBF748DA65AAC6F3E2C739E606E2F0A1DBB032EC48ACCFA56755567A5B1,DAC2B05BCB69D638BACEB224D3B34E945D5BFDF56A2F78B399C4BB0A84B8D13A,C:\Users\Link\Dev\OpenGL_Learn\OpenGL_Learn\benchmark-results\gbuffer-position-reconstruction\gbuffer-position-formal-20260801-v3\raw\san-miguel\ssao-off\order-5-pair-3-A.json
cpu,san-miguel,ssao-off,A,explicit,3,5,CPU Frame,2000,5.198856,5.24335,5.887905,6.245914,1606.0,5617451,72576000,8731DFBF748DA65AAC6F3E2C739E606E2F0A1DBB032EC48ACCFA56755567A5B1,DAC2B05BCB69D638BACEB224D3B34E945D5BFDF56A2F78B399C4BB0A84B8D13A,C:\Users\Link\Dev\OpenGL_Learn\OpenGL_Learn\benchmark-results\gbuffer-position-reconstruction\gbuffer-position-formal-20260801-v3\raw\san-miguel\ssao-off\order-5-pair-3-A.json
cpu,san-miguel,ssao-off,A,explicit,3,5,G-Buffer Geometry,2000,0.864417,0.8341,1.0973,1.33666,1606.0,5617451,72576000,8731DFBF748DA65AAC6F3E2C739E606E2F0A1DBB032EC48ACCFA56755567A5B1,DAC2B05BCB69D638BACEB224D3B34E945D5BFDF56A2F78B399C4BB0A84B8D13A,C:\Users\Link\Dev\OpenGL_Learn\OpenGL_Learn\benchmark-results\gbuffer-position-reconstruction\gbuffer-position-formal-20260801-v3\raw\san-miguel\ssao-off\order-5-pair-3-A.json
cpu,san-miguel,ssao-off,A,explicit,3,5,Depth/Stencil Copy,2000,0.00068,0.0006,0.0011,0.0013,1606.0,5617451,72576000,8731DFBF748DA65AAC6F3E2C739E606E2F0A1DBB032EC48ACCFA56755567A5B1,DAC2B05BCB69D638BACEB224D3B34E945D5BFDF56A2F78B399C4BB0A84B8D13A,C:\Users\Link\Dev\OpenGL_Learn\OpenGL_Learn\benchmark-results\gbuffer-position-reconstruction\gbuffer-position-formal-20260801-v3\raw\san-miguel\ssao-off\order-5-pair-3-A.json
cpu,san-miguel,ssao-off,A,explicit,3,5,SSAO Generate,0,,,,,1606.0,5617451,72576000,8731DFBF748DA65AAC6F3E2C739E606E2F0A1DBB032EC48ACCFA56755567A5B1,DAC2B05BCB69D638BACEB224D3B34E945D5BFDF56A2F78B399C4BB0A84B8D13A,C:\Users\Link\Dev\OpenGL_Learn\OpenGL_Learn\benchmark-results\gbuffer-position-reconstruction\gbuffer-position-formal-20260801-v3\raw\san-miguel\ssao-off\order-5-pair-3-A.json
cpu,san-miguel,ssao-off,A,explicit,3,5,SSAO Upsample,0,,,,,1606.0,5617451,72576000,8731DFBF748DA65AAC6F3E2C739E606E2F0A1DBB032EC48ACCFA56755567A5B1,DAC2B05BCB69D638BACEB224D3B34E945D5BFDF56A2F78B399C4BB0A84B8D13A,C:\Users\Link\Dev\OpenGL_Learn\OpenGL_Learn\benchmark-results\gbuffer-position-reconstruction\gbuffer-position-formal-20260801-v3\raw\san-miguel\ssao-off\order-5-pair-3-A.json
cpu,san-miguel,ssao-off,A,explicit,3,5,Deferred Lighting,2000,0.013352,0.0127,0.0171,0.030026,1606.0,5617451,72576000,8731DFBF748DA65AAC6F3E2C739E606E2F0A1DBB032EC48ACCFA56755567A5B1,DAC2B05BCB69D638BACEB224D3B34E945D5BFDF56A2F78B399C4BB0A84B8D13A,C:\Users\Link\Dev\OpenGL_Learn\OpenGL_Learn\benchmark-results\gbuffer-position-reconstruction\gbuffer-position-formal-20260801-v3\raw\san-miguel\ssao-off\order-5-pair-3-A.json
cpu,san-miguel,ssao-off,A,explicit,3,5,Deferred Pass,2000,1.363021,1.3256,1.675885,1.968009,1606.0,5617451,72576000,8731DFBF748DA65AAC6F3E2C739E606E2F0A1DBB032EC48ACCFA56755567A5B1,DAC2B05BCB69D638BACEB224D3B34E945D5BFDF56A2F78B399C4BB0A84B8D13A,C:\Users\Link\Dev\OpenGL_Learn\OpenGL_Learn\benchmark-results\gbuffer-position-reconstruction\gbuffer-position-formal-20260801-v3\raw\san-miguel\ssao-off\order-5-pair-3-A.json
gpu,san-miguel,ssao-off,B,reconstruct,3,6,GPU Frame,2000,2.603086,2.60104,2.844632,3.015919,1606.0,5617451,55987200,8731DFBF748DA65AAC6F3E2C739E606E2F0A1DBB032EC48ACCFA56755567A5B1,DAC2B05BCB69D638BACEB224D3B34E945D5BFDF56A2F78B399C4BB0A84B8D13A,C:\Users\Link\Dev\OpenGL_Learn\OpenGL_Learn\benchmark-results\gbuffer-position-reconstruction\gbuffer-position-formal-20260801-v3\raw\san-miguel\ssao-off\order-6-pair-3-B.json
gpu,san-miguel,ssao-off,B,reconstruct,3,6,G-Buffer Geometry,2000,2.12906,2.10816,2.436168,2.597547,1606.0,5617451,55987200,8731DFBF748DA65AAC6F3E2C739E606E2F0A1DBB032EC48ACCFA56755567A5B1,DAC2B05BCB69D638BACEB224D3B34E945D5BFDF56A2F78B399C4BB0A84B8D13A,C:\Users\Link\Dev\OpenGL_Learn\OpenGL_Learn\benchmark-results\gbuffer-position-reconstruction\gbuffer-position-formal-20260801-v3\raw\san-miguel\ssao-off\order-6-pair-3-B.json
gpu,san-miguel,ssao-off,B,reconstruct,3,6,Depth/Stencil Copy,2000,0.148473,0.058144,0.431498,0.589683,1606.0,5617451,55987200,8731DFBF748DA65AAC6F3E2C739E606E2F0A1DBB032EC48ACCFA56755567A5B1,DAC2B05BCB69D638BACEB224D3B34E945D5BFDF56A2F78B399C4BB0A84B8D13A,C:\Users\Link\Dev\OpenGL_Learn\OpenGL_Learn\benchmark-results\gbuffer-position-reconstruction\gbuffer-position-formal-20260801-v3\raw\san-miguel\ssao-off\order-6-pair-3-B.json
gpu,san-miguel,ssao-off,B,reconstruct,3,6,SSAO Generate,0,,,,,1606.0,5617451,55987200,8731DFBF748DA65AAC6F3E2C739E606E2F0A1DBB032EC48ACCFA56755567A5B1,DAC2B05BCB69D638BACEB224D3B34E945D5BFDF56A2F78B399C4BB0A84B8D13A,C:\Users\Link\Dev\OpenGL_Learn\OpenGL_Learn\benchmark-results\gbuffer-position-reconstruction\gbuffer-position-formal-20260801-v3\raw\san-miguel\ssao-off\order-6-pair-3-B.json
gpu,san-miguel,ssao-off,B,reconstruct,3,6,SSAO Upsample,0,,,,,1606.0,5617451,55987200,8731DFBF748DA65AAC6F3E2C739E606E2F0A1DBB032EC48ACCFA56755567A5B1,DAC2B05BCB69D638BACEB224D3B34E945D5BFDF56A2F78B399C4BB0A84B8D13A,C:\Users\Link\Dev\OpenGL_Learn\OpenGL_Learn\benchmark-results\gbuffer-position-reconstruction\gbuffer-position-formal-20260801-v3\raw\san-miguel\ssao-off\order-6-pair-3-B.json
gpu,san-miguel,ssao-off,B,reconstruct,3,6,Deferred Lighting,2000,0.168655,0.1632,0.166917,0.383019,1606.0,5617451,55987200,8731DFBF748DA65AAC6F3E2C739E606E2F0A1DBB032EC48ACCFA56755567A5B1,DAC2B05BCB69D638BACEB224D3B34E945D5BFDF56A2F78B399C4BB0A84B8D13A,C:\Users\Link\Dev\OpenGL_Learn\OpenGL_Learn\benchmark-results\gbuffer-position-reconstruction\gbuffer-position-formal-20260801-v3\raw\san-miguel\ssao-off\order-6-pair-3-B.json
gpu,san-miguel,ssao-off,B,reconstruct,3,6,Deferred Pass,2000,2.473291,2.474288,2.708856,2.888547,1606.0,5617451,55987200,8731DFBF748DA65AAC6F3E2C739E606E2F0A1DBB032EC48ACCFA56755567A5B1,DAC2B05BCB69D638BACEB224D3B34E945D5BFDF56A2F78B399C4BB0A84B8D13A,C:\Users\Link\Dev\OpenGL_Learn\OpenGL_Learn\benchmark-results\gbuffer-position-reconstruction\gbuffer-position-formal-20260801-v3\raw\san-miguel\ssao-off\order-6-pair-3-B.json
cpu,san-miguel,ssao-off,B,reconstruct,3,6,CPU Frame,2000,4.99734,5.0343,5.71699,6.047507,1606.0,5617451,55987200,8731DFBF748DA65AAC6F3E2C739E606E2F0A1DBB032EC48ACCFA56755567A5B1,DAC2B05BCB69D638BACEB224D3B34E945D5BFDF56A2F78B399C4BB0A84B8D13A,C:\Users\Link\Dev\OpenGL_Learn\OpenGL_Learn\benchmark-results\gbuffer-position-reconstruction\gbuffer-position-formal-20260801-v3\raw\san-miguel\ssao-off\order-6-pair-3-B.json
cpu,san-miguel,ssao-off,B,reconstruct,3,6,G-Buffer Geometry,2000,0.842268,0.81725,1.04724,1.222413,1606.0,5617451,55987200,8731DFBF748DA65AAC6F3E2C739E606E2F0A1DBB032EC48ACCFA56755567A5B1,DAC2B05BCB69D638BACEB224D3B34E945D5BFDF56A2F78B399C4BB0A84B8D13A,C:\Users\Link\Dev\OpenGL_Learn\OpenGL_Learn\benchmark-results\gbuffer-position-reconstruction\gbuffer-position-formal-20260801-v3\raw\san-miguel\ssao-off\order-6-pair-3-B.json
cpu,san-miguel,ssao-off,B,reconstruct,3,6,Depth/Stencil Copy,2000,0.000678,0.0006,0.001,0.0013,1606.0,5617451,55987200,8731DFBF748DA65AAC6F3E2C739E606E2F0A1DBB032EC48ACCFA56755567A5B1,DAC2B05BCB69D638BACEB224D3B34E945D5BFDF56A2F78B399C4BB0A84B8D13A,C:\Users\Link\Dev\OpenGL_Learn\OpenGL_Learn\benchmark-results\gbuffer-position-reconstruction\gbuffer-position-formal-20260801-v3\raw\san-miguel\ssao-off\order-6-pair-3-B.json
cpu,san-miguel,ssao-off,B,reconstruct,3,6,SSAO Generate,0,,,,,1606.0,5617451,55987200,8731DFBF748DA65AAC6F3E2C739E606E2F0A1DBB032EC48ACCFA56755567A5B1,DAC2B05BCB69D638BACEB224D3B34E945D5BFDF56A2F78B399C4BB0A84B8D13A,C:\Users\Link\Dev\OpenGL_Learn\OpenGL_Learn\benchmark-results\gbuffer-position-reconstruction\gbuffer-position-formal-20260801-v3\raw\san-miguel\ssao-off\order-6-pair-3-B.json
cpu,san-miguel,ssao-off,B,reconstruct,3,6,SSAO Upsample,0,,,,,1606.0,5617451,55987200,8731DFBF748DA65AAC6F3E2C739E606E2F0A1DBB032EC48ACCFA56755567A5B1,DAC2B05BCB69D638BACEB224D3B34E945D5BFDF56A2F78B399C4BB0A84B8D13A,C:\Users\Link\Dev\OpenGL_Learn\OpenGL_Learn\benchmark-results\gbuffer-position-reconstruction\gbuffer-position-formal-20260801-v3\raw\san-miguel\ssao-off\order-6-pair-3-B.json
cpu,san-miguel,ssao-off,B,reconstruct,3,6,Deferred Lighting,2000,0.013021,0.0125,0.015905,0.027802,1606.0,5617451,55987200,8731DFBF748DA65AAC6F3E2C739E606E2F0A1DBB032EC48ACCFA56755567A5B1,DAC2B05BCB69D638BACEB224D3B34E945D5BFDF56A2F78B399C4BB0A84B8D13A,C:\Users\Link\Dev\OpenGL_Learn\OpenGL_Learn\benchmark-results\gbuffer-position-reconstruction\gbuffer-position-formal-20260801-v3\raw\san-miguel\ssao-off\order-6-pair-3-B.json
cpu,san-miguel,ssao-off,B,reconstruct,3,6,Deferred Pass,2000,1.326481,1.2982,1.594805,1.809565,1606.0,5617451,55987200,8731DFBF748DA65AAC6F3E2C739E606E2F0A1DBB032EC48ACCFA56755567A5B1,DAC2B05BCB69D638BACEB224D3B34E945D5BFDF56A2F78B399C4BB0A84B8D13A,C:\Users\Link\Dev\OpenGL_Learn\OpenGL_Learn\benchmark-results\gbuffer-position-reconstruction\gbuffer-position-formal-20260801-v3\raw\san-miguel\ssao-off\order-6-pair-3-B.json
gpu,san-miguel,ssao-on,A,explicit,1,1,GPU Frame,2000,5.713559,5.71224,6.038946,6.193792,1607.0,5617451,72576000,8731DFBF748DA65AAC6F3E2C739E606E2F0A1DBB032EC48ACCFA56755567A5B1,DAC2B05BCB69D638BACEB224D3B34E945D5BFDF56A2F78B399C4BB0A84B8D13A,C:\Users\Link\Dev\OpenGL_Learn\OpenGL_Learn\benchmark-results\gbuffer-position-reconstruction\gbuffer-position-formal-20260801-v3\raw\san-miguel\ssao-on\order-1-pair-1-A.json
gpu,san-miguel,ssao-on,A,explicit,1,1,G-Buffer Geometry,2000,2.412834,2.417712,2.655168,2.790785,1607.0,5617451,72576000,8731DFBF748DA65AAC6F3E2C739E606E2F0A1DBB032EC48ACCFA56755567A5B1,DAC2B05BCB69D638BACEB224D3B34E945D5BFDF56A2F78B399C4BB0A84B8D13A,C:\Users\Link\Dev\OpenGL_Learn\OpenGL_Learn\benchmark-results\gbuffer-position-reconstruction\gbuffer-position-formal-20260801-v3\raw\san-miguel\ssao-on\order-1-pair-1-A.json
gpu,san-miguel,ssao-on,A,explicit,1,1,Depth/Stencil Copy,2000,0.063483,0.059744,0.06205,0.217413,1607.0,5617451,72576000,8731DFBF748DA65AAC6F3E2C739E606E2F0A1DBB032EC48ACCFA56755567A5B1,DAC2B05BCB69D638BACEB224D3B34E945D5BFDF56A2F78B399C4BB0A84B8D13A,C:\Users\Link\Dev\OpenGL_Learn\OpenGL_Learn\benchmark-results\gbuffer-position-reconstruction\gbuffer-position-formal-20260801-v3\raw\san-miguel\ssao-on\order-1-pair-1-A.json
gpu,san-miguel,ssao-on,A,explicit,1,1,SSAO Generate,2000,2.910501,2.871856,3.177904,3.341852,1607.0,5617451,72576000,8731DFBF748DA65AAC6F3E2C739E606E2F0A1DBB032EC48ACCFA56755567A5B1,DAC2B05BCB69D638BACEB224D3B34E945D5BFDF56A2F78B399C4BB0A84B8D13A,C:\Users\Link\Dev\OpenGL_Learn\OpenGL_Learn\benchmark-results\gbuffer-position-reconstruction\gbuffer-position-formal-20260801-v3\raw\san-miguel\ssao-on\order-1-pair-1-A.json
gpu,san-miguel,ssao-on,A,explicit,1,1,SSAO Upsample,0,,,,,1607.0,5617451,72576000,8731DFBF748DA65AAC6F3E2C739E606E2F0A1DBB032EC48ACCFA56755567A5B1,DAC2B05BCB69D638BACEB224D3B34E945D5BFDF56A2F78B399C4BB0A84B8D13A,C:\Users\Link\Dev\OpenGL_Learn\OpenGL_Learn\benchmark-results\gbuffer-position-reconstruction\gbuffer-position-formal-20260801-v3\raw\san-miguel\ssao-on\order-1-pair-1-A.json
gpu,san-miguel,ssao-on,A,explicit,1,1,Deferred Lighting,2000,0.175306,0.171712,0.177171,0.33057,1607.0,5617451,72576000,8731DFBF748DA65AAC6F3E2C739E606E2F0A1DBB032EC48ACCFA56755567A5B1,DAC2B05BCB69D638BACEB224D3B34E945D5BFDF56A2F78B399C4BB0A84B8D13A,C:\Users\Link\Dev\OpenGL_Learn\OpenGL_Learn\benchmark-results\gbuffer-position-reconstruction\gbuffer-position-formal-20260801-v3\raw\san-miguel\ssao-on\order-1-pair-1-A.json
gpu,san-miguel,ssao-on,A,explicit,1,1,Deferred Pass,2000,5.622814,5.621392,5.950014,6.104964,1607.0,5617451,72576000,8731DFBF748DA65AAC6F3E2C739E606E2F0A1DBB032EC48ACCFA56755567A5B1,DAC2B05BCB69D638BACEB224D3B34E945D5BFDF56A2F78B399C4BB0A84B8D13A,C:\Users\Link\Dev\OpenGL_Learn\OpenGL_Learn\benchmark-results\gbuffer-position-reconstruction\gbuffer-position-formal-20260801-v3\raw\san-miguel\ssao-on\order-1-pair-1-A.json
cpu,san-miguel,ssao-on,A,explicit,1,1,CPU Frame,2000,7.841002,7.76525,8.602015,9.028421,1607.0,5617451,72576000,8731DFBF748DA65AAC6F3E2C739E606E2F0A1DBB032EC48ACCFA56755567A5B1,DAC2B05BCB69D638BACEB224D3B34E945D5BFDF56A2F78B399C4BB0A84B8D13A,C:\Users\Link\Dev\OpenGL_Learn\OpenGL_Learn\benchmark-results\gbuffer-position-reconstruction\gbuffer-position-formal-20260801-v3\raw\san-miguel\ssao-on\order-1-pair-1-A.json
cpu,san-miguel,ssao-on,A,explicit,1,1,G-Buffer Geometry,2000,0.878519,0.84955,1.140405,1.33093,1607.0,5617451,72576000,8731DFBF748DA65AAC6F3E2C739E606E2F0A1DBB032EC48ACCFA56755567A5B1,DAC2B05BCB69D638BACEB224D3B34E945D5BFDF56A2F78B399C4BB0A84B8D13A,C:\Users\Link\Dev\OpenGL_Learn\OpenGL_Learn\benchmark-results\gbuffer-position-reconstruction\gbuffer-position-formal-20260801-v3\raw\san-miguel\ssao-on\order-1-pair-1-A.json
cpu,san-miguel,ssao-on,A,explicit,1,1,Depth/Stencil Copy,2000,0.000762,0.0007,0.0011,0.0014,1607.0,5617451,72576000,8731DFBF748DA65AAC6F3E2C739E606E2F0A1DBB032EC48ACCFA56755567A5B1,DAC2B05BCB69D638BACEB224D3B34E945D5BFDF56A2F78B399C4BB0A84B8D13A,C:\Users\Link\Dev\OpenGL_Learn\OpenGL_Learn\benchmark-results\gbuffer-position-reconstruction\gbuffer-position-formal-20260801-v3\raw\san-miguel\ssao-on\order-1-pair-1-A.json
cpu,san-miguel,ssao-on,A,explicit,1,1,SSAO Generate,2000,0.008092,0.0078,0.0096,0.015207,1607.0,5617451,72576000,8731DFBF748DA65AAC6F3E2C739E606E2F0A1DBB032EC48ACCFA56755567A5B1,DAC2B05BCB69D638BACEB224D3B34E945D5BFDF56A2F78B399C4BB0A84B8D13A,C:\Users\Link\Dev\OpenGL_Learn\OpenGL_Learn\benchmark-results\gbuffer-position-reconstruction\gbuffer-position-formal-20260801-v3\raw\san-miguel\ssao-on\order-1-pair-1-A.json
cpu,san-miguel,ssao-on,A,explicit,1,1,SSAO Upsample,0,,,,,1607.0,5617451,72576000,8731DFBF748DA65AAC6F3E2C739E606E2F0A1DBB032EC48ACCFA56755567A5B1,DAC2B05BCB69D638BACEB224D3B34E945D5BFDF56A2F78B399C4BB0A84B8D13A,C:\Users\Link\Dev\OpenGL_Learn\OpenGL_Learn\benchmark-results\gbuffer-position-reconstruction\gbuffer-position-formal-20260801-v3\raw\san-miguel\ssao-on\order-1-pair-1-A.json
cpu,san-miguel,ssao-on,A,explicit,1,1,Deferred Lighting,2000,0.012239,0.0118,0.0149,0.024,1607.0,5617451,72576000,8731DFBF748DA65AAC6F3E2C739E606E2F0A1DBB032EC48ACCFA56755567A5B1,DAC2B05BCB69D638BACEB224D3B34E945D5BFDF56A2F78B399C4BB0A84B8D13A,C:\Users\Link\Dev\OpenGL_Learn\OpenGL_Learn\benchmark-results\gbuffer-position-reconstruction\gbuffer-position-formal-20260801-v3\raw\san-miguel\ssao-on\order-1-pair-1-A.json
cpu,san-miguel,ssao-on,A,explicit,1,1,Deferred Pass,2000,1.418232,1.3841,1.748545,2.066417,1607.0,5617451,72576000,8731DFBF748DA65AAC6F3E2C739E606E2F0A1DBB032EC48ACCFA56755567A5B1,DAC2B05BCB69D638BACEB224D3B34E945D5BFDF56A2F78B399C4BB0A84B8D13A,C:\Users\Link\Dev\OpenGL_Learn\OpenGL_Learn\benchmark-results\gbuffer-position-reconstruction\gbuffer-position-formal-20260801-v3\raw\san-miguel\ssao-on\order-1-pair-1-A.json
gpu,san-miguel,ssao-on,B,reconstruct,1,2,GPU Frame,2000,6.052647,6.037392,6.420861,6.672627,1607.0,5617451,55987200,8731DFBF748DA65AAC6F3E2C739E606E2F0A1DBB032EC48ACCFA56755567A5B1,DAC2B05BCB69D638BACEB224D3B34E945D5BFDF56A2F78B399C4BB0A84B8D13A,C:\Users\Link\Dev\OpenGL_Learn\OpenGL_Learn\benchmark-results\gbuffer-position-reconstruction\gbuffer-position-formal-20260801-v3\raw\san-miguel\ssao-on\order-2-pair-1-B.json
gpu,san-miguel,ssao-on,B,reconstruct,1,2,G-Buffer Geometry,2000,2.199368,2.199472,2.481722,2.625395,1607.0,5617451,55987200,8731DFBF748DA65AAC6F3E2C739E606E2F0A1DBB032EC48ACCFA56755567A5B1,DAC2B05BCB69D638BACEB224D3B34E945D5BFDF56A2F78B399C4BB0A84B8D13A,C:\Users\Link\Dev\OpenGL_Learn\OpenGL_Learn\benchmark-results\gbuffer-position-reconstruction\gbuffer-position-formal-20260801-v3\raw\san-miguel\ssao-on\order-2-pair-1-B.json
gpu,san-miguel,ssao-on,B,reconstruct,1,2,Depth/Stencil Copy,2000,0.052228,0.049536,0.057472,0.062209,1607.0,5617451,55987200,8731DFBF748DA65AAC6F3E2C739E606E2F0A1DBB032EC48ACCFA56755567A5B1,DAC2B05BCB69D638BACEB224D3B34E945D5BFDF56A2F78B399C4BB0A84B8D13A,C:\Users\Link\Dev\OpenGL_Learn\OpenGL_Learn\benchmark-results\gbuffer-position-reconstruction\gbuffer-position-formal-20260801-v3\raw\san-miguel\ssao-on\order-2-pair-1-B.json
gpu,san-miguel,ssao-on,B,reconstruct,1,2,SSAO Generate,2000,3.448997,3.392944,3.785917,3.960804,1607.0,5617451,55987200,8731DFBF748DA65AAC6F3E2C739E606E2F0A1DBB032EC48ACCFA56755567A5B1,DAC2B05BCB69D638BACEB224D3B34E945D5BFDF56A2F78B399C4BB0A84B8D13A,C:\Users\Link\Dev\OpenGL_Learn\OpenGL_Learn\benchmark-results\gbuffer-position-reconstruction\gbuffer-position-formal-20260801-v3\raw\san-miguel\ssao-on\order-2-pair-1-B.json
gpu,san-miguel,ssao-on,B,reconstruct,1,2,SSAO Upsample,0,,,,,1607.0,5617451,55987200,8731DFBF748DA65AAC6F3E2C739E606E2F0A1DBB032EC48ACCFA56755567A5B1,DAC2B05BCB69D638BACEB224D3B34E945D5BFDF56A2F78B399C4BB0A84B8D13A,C:\Users\Link\Dev\OpenGL_Learn\OpenGL_Learn\benchmark-results\gbuffer-position-reconstruction\gbuffer-position-formal-20260801-v3\raw\san-miguel\ssao-on\order-2-pair-1-B.json
gpu,san-miguel,ssao-on,B,reconstruct,1,2,Deferred Lighting,2000,0.17211,0.167136,0.171552,0.332455,1607.0,5617451,55987200,8731DFBF748DA65AAC6F3E2C739E606E2F0A1DBB032EC48ACCFA56755567A5B1,DAC2B05BCB69D638BACEB224D3B34E945D5BFDF56A2F78B399C4BB0A84B8D13A,C:\Users\Link\Dev\OpenGL_Learn\OpenGL_Learn\benchmark-results\gbuffer-position-reconstruction\gbuffer-position-formal-20260801-v3\raw\san-miguel\ssao-on\order-2-pair-1-B.json
gpu,san-miguel,ssao-on,B,reconstruct,1,2,Deferred Pass,2000,5.959891,5.946224,6.324754,6.566617,1607.0,5617451,55987200,8731DFBF748DA65AAC6F3E2C739E606E2F0A1DBB032EC48ACCFA56755567A5B1,DAC2B05BCB69D638BACEB224D3B34E945D5BFDF56A2F78B399C4BB0A84B8D13A,C:\Users\Link\Dev\OpenGL_Learn\OpenGL_Learn\benchmark-results\gbuffer-position-reconstruction\gbuffer-position-formal-20260801-v3\raw\san-miguel\ssao-on\order-2-pair-1-B.json
cpu,san-miguel,ssao-on,B,reconstruct,1,2,CPU Frame,2000,8.22325,8.1612,9.013125,9.501314,1607.0,5617451,55987200,8731DFBF748DA65AAC6F3E2C739E606E2F0A1DBB032EC48ACCFA56755567A5B1,DAC2B05BCB69D638BACEB224D3B34E945D5BFDF56A2F78B399C4BB0A84B8D13A,C:\Users\Link\Dev\OpenGL_Learn\OpenGL_Learn\benchmark-results\gbuffer-position-reconstruction\gbuffer-position-formal-20260801-v3\raw\san-miguel\ssao-on\order-2-pair-1-B.json
cpu,san-miguel,ssao-on,B,reconstruct,1,2,G-Buffer Geometry,2000,0.897829,0.86875,1.15459,1.458093,1607.0,5617451,55987200,8731DFBF748DA65AAC6F3E2C739E606E2F0A1DBB032EC48ACCFA56755567A5B1,DAC2B05BCB69D638BACEB224D3B34E945D5BFDF56A2F78B399C4BB0A84B8D13A,C:\Users\Link\Dev\OpenGL_Learn\OpenGL_Learn\benchmark-results\gbuffer-position-reconstruction\gbuffer-position-formal-20260801-v3\raw\san-miguel\ssao-on\order-2-pair-1-B.json
cpu,san-miguel,ssao-on,B,reconstruct,1,2,Depth/Stencil Copy,2000,0.000676,0.0006,0.001,0.0013,1607.0,5617451,55987200,8731DFBF748DA65AAC6F3E2C739E606E2F0A1DBB032EC48ACCFA56755567A5B1,DAC2B05BCB69D638BACEB224D3B34E945D5BFDF56A2F78B399C4BB0A84B8D13A,C:\Users\Link\Dev\OpenGL_Learn\OpenGL_Learn\benchmark-results\gbuffer-position-reconstruction\gbuffer-position-formal-20260801-v3\raw\san-miguel\ssao-on\order-2-pair-1-B.json
cpu,san-miguel,ssao-on,B,reconstruct,1,2,SSAO Generate,2000,0.008983,0.0087,0.0107,0.020115,1607.0,5617451,55987200,8731DFBF748DA65AAC6F3E2C739E606E2F0A1DBB032EC48ACCFA56755567A5B1,DAC2B05BCB69D638BACEB224D3B34E945D5BFDF56A2F78B399C4BB0A84B8D13A,C:\Users\Link\Dev\OpenGL_Learn\OpenGL_Learn\benchmark-results\gbuffer-position-reconstruction\gbuffer-position-formal-20260801-v3\raw\san-miguel\ssao-on\order-2-pair-1-B.json
cpu,san-miguel,ssao-on,B,reconstruct,1,2,SSAO Upsample,0,,,,,1607.0,5617451,55987200,8731DFBF748DA65AAC6F3E2C739E606E2F0A1DBB032EC48ACCFA56755567A5B1,DAC2B05BCB69D638BACEB224D3B34E945D5BFDF56A2F78B399C4BB0A84B8D13A,C:\Users\Link\Dev\OpenGL_Learn\OpenGL_Learn\benchmark-results\gbuffer-position-reconstruction\gbuffer-position-formal-20260801-v3\raw\san-miguel\ssao-on\order-2-pair-1-B.json
cpu,san-miguel,ssao-on,B,reconstruct,1,2,Deferred Lighting,2000,0.012757,0.0122,0.0154,0.026101,1607.0,5617451,55987200,8731DFBF748DA65AAC6F3E2C739E606E2F0A1DBB032EC48ACCFA56755567A5B1,DAC2B05BCB69D638BACEB224D3B34E945D5BFDF56A2F78B399C4BB0A84B8D13A,C:\Users\Link\Dev\OpenGL_Learn\OpenGL_Learn\benchmark-results\gbuffer-position-reconstruction\gbuffer-position-formal-20260801-v3\raw\san-miguel\ssao-on\order-2-pair-1-B.json
cpu,san-miguel,ssao-on,B,reconstruct,1,2,Deferred Pass,2000,1.449761,1.4134,1.807275,2.162569,1607.0,5617451,55987200,8731DFBF748DA65AAC6F3E2C739E606E2F0A1DBB032EC48ACCFA56755567A5B1,DAC2B05BCB69D638BACEB224D3B34E945D5BFDF56A2F78B399C4BB0A84B8D13A,C:\Users\Link\Dev\OpenGL_Learn\OpenGL_Learn\benchmark-results\gbuffer-position-reconstruction\gbuffer-position-formal-20260801-v3\raw\san-miguel\ssao-on\order-2-pair-1-B.json
gpu,san-miguel,ssao-on,B,reconstruct,2,3,GPU Frame,2000,6.057609,6.040512,6.42919,6.647196,1607.0,5617451,55987200,8731DFBF748DA65AAC6F3E2C739E606E2F0A1DBB032EC48ACCFA56755567A5B1,DAC2B05BCB69D638BACEB224D3B34E945D5BFDF56A2F78B399C4BB0A84B8D13A,C:\Users\Link\Dev\OpenGL_Learn\OpenGL_Learn\benchmark-results\gbuffer-position-reconstruction\gbuffer-position-formal-20260801-v3\raw\san-miguel\ssao-on\order-3-pair-2-B.json
gpu,san-miguel,ssao-on,B,reconstruct,2,3,G-Buffer Geometry,2000,2.199512,2.206336,2.45908,2.629254,1607.0,5617451,55987200,8731DFBF748DA65AAC6F3E2C739E606E2F0A1DBB032EC48ACCFA56755567A5B1,DAC2B05BCB69D638BACEB224D3B34E945D5BFDF56A2F78B399C4BB0A84B8D13A,C:\Users\Link\Dev\OpenGL_Learn\OpenGL_Learn\benchmark-results\gbuffer-position-reconstruction\gbuffer-position-formal-20260801-v3\raw\san-miguel\ssao-on\order-3-pair-2-B.json
gpu,san-miguel,ssao-on,B,reconstruct,2,3,Depth/Stencil Copy,2000,0.053102,0.049504,0.057634,0.182125,1607.0,5617451,55987200,8731DFBF748DA65AAC6F3E2C739E606E2F0A1DBB032EC48ACCFA56755567A5B1,DAC2B05BCB69D638BACEB224D3B34E945D5BFDF56A2F78B399C4BB0A84B8D13A,C:\Users\Link\Dev\OpenGL_Learn\OpenGL_Learn\benchmark-results\gbuffer-position-reconstruction\gbuffer-position-formal-20260801-v3\raw\san-miguel\ssao-on\order-3-pair-2-B.json
gpu,san-miguel,ssao-on,B,reconstruct,2,3,SSAO Generate,2000,3.448524,3.394912,3.786283,4.021001,1607.0,5617451,55987200,8731DFBF748DA65AAC6F3E2C739E606E2F0A1DBB032EC48ACCFA56755567A5B1,DAC2B05BCB69D638BACEB224D3B34E945D5BFDF56A2F78B399C4BB0A84B8D13A,C:\Users\Link\Dev\OpenGL_Learn\OpenGL_Learn\benchmark-results\gbuffer-position-reconstruction\gbuffer-position-formal-20260801-v3\raw\san-miguel\ssao-on\order-3-pair-2-B.json
gpu,san-miguel,ssao-on,B,reconstruct,2,3,SSAO Upsample,0,,,,,1607.0,5617451,55987200,8731DFBF748DA65AAC6F3E2C739E606E2F0A1DBB032EC48ACCFA56755567A5B1,DAC2B05BCB69D638BACEB224D3B34E945D5BFDF56A2F78B399C4BB0A84B8D13A,C:\Users\Link\Dev\OpenGL_Learn\OpenGL_Learn\benchmark-results\gbuffer-position-reconstruction\gbuffer-position-formal-20260801-v3\raw\san-miguel\ssao-on\order-3-pair-2-B.json
gpu,san-miguel,ssao-on,B,reconstruct,2,3,Deferred Lighting,2000,0.173293,0.16736,0.171394,0.382375,1607.0,5617451,55987200,8731DFBF748DA65AAC6F3E2C739E606E2F0A1DBB032EC48ACCFA56755567A5B1,DAC2B05BCB69D638BACEB224D3B34E945D5BFDF56A2F78B399C4BB0A84B8D13A,C:\Users\Link\Dev\OpenGL_Learn\OpenGL_Learn\benchmark-results\gbuffer-position-reconstruction\gbuffer-position-formal-20260801-v3\raw\san-miguel\ssao-on\order-3-pair-2-B.json
gpu,san-miguel,ssao-on,B,reconstruct,2,3,Deferred Pass,2000,5.963895,5.946704,6.332341,6.532284,1607.0,5617451,55987200,8731DFBF748DA65AAC6F3E2C739E606E2F0A1DBB032EC48ACCFA56755567A5B1,DAC2B05BCB69D638BACEB224D3B34E945D5BFDF56A2F78B399C4BB0A84B8D13A,C:\Users\Link\Dev\OpenGL_Learn\OpenGL_Learn\benchmark-results\gbuffer-position-reconstruction\gbuffer-position-formal-20260801-v3\raw\san-miguel\ssao-on\order-3-pair-2-B.json
cpu,san-miguel,ssao-on,B,reconstruct,2,3,CPU Frame,2000,8.207449,8.16455,8.926415,9.264926,1607.0,5617451,55987200,8731DFBF748DA65AAC6F3E2C739E606E2F0A1DBB032EC48ACCFA56755567A5B1,DAC2B05BCB69D638BACEB224D3B34E945D5BFDF56A2F78B399C4BB0A84B8D13A,C:\Users\Link\Dev\OpenGL_Learn\OpenGL_Learn\benchmark-results\gbuffer-position-reconstruction\gbuffer-position-formal-20260801-v3\raw\san-miguel\ssao-on\order-3-pair-2-B.json
cpu,san-miguel,ssao-on,B,reconstruct,2,3,G-Buffer Geometry,2000,0.870276,0.85125,1.072155,1.386502,1607.0,5617451,55987200,8731DFBF748DA65AAC6F3E2C739E606E2F0A1DBB032EC48ACCFA56755567A5B1,DAC2B05BCB69D638BACEB224D3B34E945D5BFDF56A2F78B399C4BB0A84B8D13A,C:\Users\Link\Dev\OpenGL_Learn\OpenGL_Learn\benchmark-results\gbuffer-position-reconstruction\gbuffer-position-formal-20260801-v3\raw\san-miguel\ssao-on\order-3-pair-2-B.json
cpu,san-miguel,ssao-on,B,reconstruct,2,3,Depth/Stencil Copy,2000,0.000661,0.0006,0.001,0.0012,1607.0,5617451,55987200,8731DFBF748DA65AAC6F3E2C739E606E2F0A1DBB032EC48ACCFA56755567A5B1,DAC2B05BCB69D638BACEB224D3B34E945D5BFDF56A2F78B399C4BB0A84B8D13A,C:\Users\Link\Dev\OpenGL_Learn\OpenGL_Learn\benchmark-results\gbuffer-position-reconstruction\gbuffer-position-formal-20260801-v3\raw\san-miguel\ssao-on\order-3-pair-2-B.json
cpu,san-miguel,ssao-on,B,reconstruct,2,3,SSAO Generate,2000,0.00801,0.0077,0.0095,0.014404,1607.0,5617451,55987200,8731DFBF748DA65AAC6F3E2C739E606E2F0A1DBB032EC48ACCFA56755567A5B1,DAC2B05BCB69D638BACEB224D3B34E945D5BFDF56A2F78B399C4BB0A84B8D13A,C:\Users\Link\Dev\OpenGL_Learn\OpenGL_Learn\benchmark-results\gbuffer-position-reconstruction\gbuffer-position-formal-20260801-v3\raw\san-miguel\ssao-on\order-3-pair-2-B.json
cpu,san-miguel,ssao-on,B,reconstruct,2,3,SSAO Upsample,0,,,,,1607.0,5617451,55987200,8731DFBF748DA65AAC6F3E2C739E606E2F0A1DBB032EC48ACCFA56755567A5B1,DAC2B05BCB69D638BACEB224D3B34E945D5BFDF56A2F78B399C4BB0A84B8D13A,C:\Users\Link\Dev\OpenGL_Learn\OpenGL_Learn\benchmark-results\gbuffer-position-reconstruction\gbuffer-position-formal-20260801-v3\raw\san-miguel\ssao-on\order-3-pair-2-B.json
cpu,san-miguel,ssao-on,B,reconstruct,2,3,Deferred Lighting,2000,0.012118,0.0119,0.0142,0.021601,1607.0,5617451,55987200,8731DFBF748DA65AAC6F3E2C739E606E2F0A1DBB032EC48ACCFA56755567A5B1,DAC2B05BCB69D638BACEB224D3B34E945D5BFDF56A2F78B399C4BB0A84B8D13A,C:\Users\Link\Dev\OpenGL_Learn\OpenGL_Learn\benchmark-results\gbuffer-position-reconstruction\gbuffer-position-formal-20260801-v3\raw\san-miguel\ssao-on\order-3-pair-2-B.json
cpu,san-miguel,ssao-on,B,reconstruct,2,3,Deferred Pass,2000,1.395054,1.3704,1.685705,2.057334,1607.0,5617451,55987200,8731DFBF748DA65AAC6F3E2C739E606E2F0A1DBB032EC48ACCFA56755567A5B1,DAC2B05BCB69D638BACEB224D3B34E945D5BFDF56A2F78B399C4BB0A84B8D13A,C:\Users\Link\Dev\OpenGL_Learn\OpenGL_Learn\benchmark-results\gbuffer-position-reconstruction\gbuffer-position-formal-20260801-v3\raw\san-miguel\ssao-on\order-3-pair-2-B.json
gpu,san-miguel,ssao-on,A,explicit,2,4,GPU Frame,2000,5.711757,5.709424,6.02596,6.17459,1607.0,5617451,72576000,8731DFBF748DA65AAC6F3E2C739E606E2F0A1DBB032EC48ACCFA56755567A5B1,DAC2B05BCB69D638BACEB224D3B34E945D5BFDF56A2F78B399C4BB0A84B8D13A,C:\Users\Link\Dev\OpenGL_Learn\OpenGL_Learn\benchmark-results\gbuffer-position-reconstruction\gbuffer-position-formal-20260801-v3\raw\san-miguel\ssao-on\order-4-pair-2-A.json
gpu,san-miguel,ssao-on,A,explicit,2,4,G-Buffer Geometry,2000,2.412583,2.417232,2.656117,2.775621,1607.0,5617451,72576000,8731DFBF748DA65AAC6F3E2C739E606E2F0A1DBB032EC48ACCFA56755567A5B1,DAC2B05BCB69D638BACEB224D3B34E945D5BFDF56A2F78B399C4BB0A84B8D13A,C:\Users\Link\Dev\OpenGL_Learn\OpenGL_Learn\benchmark-results\gbuffer-position-reconstruction\gbuffer-position-formal-20260801-v3\raw\san-miguel\ssao-on\order-4-pair-2-A.json
gpu,san-miguel,ssao-on,A,explicit,2,4,Depth/Stencil Copy,2000,0.063486,0.059744,0.062144,0.212962,1607.0,5617451,72576000,8731DFBF748DA65AAC6F3E2C739E606E2F0A1DBB032EC48ACCFA56755567A5B1,DAC2B05BCB69D638BACEB224D3B34E945D5BFDF56A2F78B399C4BB0A84B8D13A,C:\Users\Link\Dev\OpenGL_Learn\OpenGL_Learn\benchmark-results\gbuffer-position-reconstruction\gbuffer-position-formal-20260801-v3\raw\san-miguel\ssao-on\order-4-pair-2-A.json
gpu,san-miguel,ssao-on,A,explicit,2,4,SSAO Generate,2000,2.908063,2.87368,3.172659,3.334499,1607.0,5617451,72576000,8731DFBF748DA65AAC6F3E2C739E606E2F0A1DBB032EC48ACCFA56755567A5B1,DAC2B05BCB69D638BACEB224D3B34E945D5BFDF56A2F78B399C4BB0A84B8D13A,C:\Users\Link\Dev\OpenGL_Learn\OpenGL_Learn\benchmark-results\gbuffer-position-reconstruction\gbuffer-position-formal-20260801-v3\raw\san-miguel\ssao-on\order-4-pair-2-A.json
gpu,san-miguel,ssao-on,A,explicit,2,4,SSAO Upsample,0,,,,,1607.0,5617451,72576000,8731DFBF748DA65AAC6F3E2C739E606E2F0A1DBB032EC48ACCFA56755567A5B1,DAC2B05BCB69D638BACEB224D3B34E945D5BFDF56A2F78B399C4BB0A84B8D13A,C:\Users\Link\Dev\OpenGL_Learn\OpenGL_Learn\benchmark-results\gbuffer-position-reconstruction\gbuffer-position-formal-20260801-v3\raw\san-miguel\ssao-on\order-4-pair-2-A.json
gpu,san-miguel,ssao-on,A,explicit,2,4,Deferred Lighting,2000,0.17536,0.171904,0.176963,0.33101,1607.0,5617451,72576000,8731DFBF748DA65AAC6F3E2C739E606E2F0A1DBB032EC48ACCFA56755567A5B1,DAC2B05BCB69D638BACEB224D3B34E945D5BFDF56A2F78B399C4BB0A84B8D13A,C:\Users\Link\Dev\OpenGL_Learn\OpenGL_Learn\benchmark-results\gbuffer-position-reconstruction\gbuffer-position-formal-20260801-v3\raw\san-miguel\ssao-on\order-4-pair-2-A.json
gpu,san-miguel,ssao-on,A,explicit,2,4,Deferred Pass,2000,5.620863,5.618144,5.93708,6.086014,1607.0,5617451,72576000,8731DFBF748DA65AAC6F3E2C739E606E2F0A1DBB032EC48ACCFA56755567A5B1,DAC2B05BCB69D638BACEB224D3B34E945D5BFDF56A2F78B399C4BB0A84B8D13A,C:\Users\Link\Dev\OpenGL_Learn\OpenGL_Learn\benchmark-results\gbuffer-position-reconstruction\gbuffer-position-formal-20260801-v3\raw\san-miguel\ssao-on\order-4-pair-2-A.json
cpu,san-miguel,ssao-on,A,explicit,2,4,CPU Frame,2000,7.837263,7.7626,8.56803,8.931226,1607.0,5617451,72576000,8731DFBF748DA65AAC6F3E2C739E606E2F0A1DBB032EC48ACCFA56755567A5B1,DAC2B05BCB69D638BACEB224D3B34E945D5BFDF56A2F78B399C4BB0A84B8D13A,C:\Users\Link\Dev\OpenGL_Learn\OpenGL_Learn\benchmark-results\gbuffer-position-reconstruction\gbuffer-position-formal-20260801-v3\raw\san-miguel\ssao-on\order-4-pair-2-A.json
cpu,san-miguel,ssao-on,A,explicit,2,4,G-Buffer Geometry,2000,0.884268,0.84955,1.1567,1.413947,1607.0,5617451,72576000,8731DFBF748DA65AAC6F3E2C739E606E2F0A1DBB032EC48ACCFA56755567A5B1,DAC2B05BCB69D638BACEB224D3B34E945D5BFDF56A2F78B399C4BB0A84B8D13A,C:\Users\Link\Dev\OpenGL_Learn\OpenGL_Learn\benchmark-results\gbuffer-position-reconstruction\gbuffer-position-formal-20260801-v3\raw\san-miguel\ssao-on\order-4-pair-2-A.json
cpu,san-miguel,ssao-on,A,explicit,2,4,Depth/Stencil Copy,2000,0.000713,0.0007,0.0011,0.0014,1607.0,5617451,72576000,8731DFBF748DA65AAC6F3E2C739E606E2F0A1DBB032EC48ACCFA56755567A5B1,DAC2B05BCB69D638BACEB224D3B34E945D5BFDF56A2F78B399C4BB0A84B8D13A,C:\Users\Link\Dev\OpenGL_Learn\OpenGL_Learn\benchmark-results\gbuffer-position-reconstruction\gbuffer-position-formal-20260801-v3\raw\san-miguel\ssao-on\order-4-pair-2-A.json
cpu,san-miguel,ssao-on,A,explicit,2,4,SSAO Generate,2000,0.008205,0.0078,0.0099,0.018207,1607.0,5617451,72576000,8731DFBF748DA65AAC6F3E2C739E606E2F0A1DBB032EC48ACCFA56755567A5B1,DAC2B05BCB69D638BACEB224D3B34E945D5BFDF56A2F78B399C4BB0A84B8D13A,C:\Users\Link\Dev\OpenGL_Learn\OpenGL_Learn\benchmark-results\gbuffer-position-reconstruction\gbuffer-position-formal-20260801-v3\raw\san-miguel\ssao-on\order-4-pair-2-A.json
cpu,san-miguel,ssao-on,A,explicit,2,4,SSAO Upsample,0,,,,,1607.0,5617451,72576000,8731DFBF748DA65AAC6F3E2C739E606E2F0A1DBB032EC48ACCFA56755567A5B1,DAC2B05BCB69D638BACEB224D3B34E945D5BFDF56A2F78B399C4BB0A84B8D13A,C:\Users\Link\Dev\OpenGL_Learn\OpenGL_Learn\benchmark-results\gbuffer-position-reconstruction\gbuffer-position-formal-20260801-v3\raw\san-miguel\ssao-on\order-4-pair-2-A.json
cpu,san-miguel,ssao-on,A,explicit,2,4,Deferred Lighting,2000,0.012538,0.012,0.015405,0.025604,1607.0,5617451,72576000,8731DFBF748DA65AAC6F3E2C739E606E2F0A1DBB032EC48ACCFA56755567A5B1,DAC2B05BCB69D638BACEB224D3B34E945D5BFDF56A2F78B399C4BB0A84B8D13A,C:\Users\Link\Dev\OpenGL_Learn\OpenGL_Learn\benchmark-results\gbuffer-position-reconstruction\gbuffer-position-formal-20260801-v3\raw\san-miguel\ssao-on\order-4-pair-2-A.json
cpu,san-miguel,ssao-on,A,explicit,2,4,Deferred Pass,2000,1.429115,1.3881,1.773625,2.111475,1607.0,5617451,72576000,8731DFBF748DA65AAC6F3E2C739E606E2F0A1DBB032EC48ACCFA56755567A5B1,DAC2B05BCB69D638BACEB224D3B34E945D5BFDF56A2F78B399C4BB0A84B8D13A,C:\Users\Link\Dev\OpenGL_Learn\OpenGL_Learn\benchmark-results\gbuffer-position-reconstruction\gbuffer-position-formal-20260801-v3\raw\san-miguel\ssao-on\order-4-pair-2-A.json
gpu,san-miguel,ssao-on,A,explicit,3,5,GPU Frame,2000,5.727433,5.722768,6.083082,6.265916,1607.0,5617451,72576000,8731DFBF748DA65AAC6F3E2C739E606E2F0A1DBB032EC48ACCFA56755567A5B1,DAC2B05BCB69D638BACEB224D3B34E945D5BFDF56A2F78B399C4BB0A84B8D13A,C:\Users\Link\Dev\OpenGL_Learn\OpenGL_Learn\benchmark-results\gbuffer-position-reconstruction\gbuffer-position-formal-20260801-v3\raw\san-miguel\ssao-on\order-5-pair-3-A.json
gpu,san-miguel,ssao-on,A,explicit,3,5,G-Buffer Geometry,2000,2.419002,2.420304,2.663003,2.82879,1607.0,5617451,72576000,8731DFBF748DA65AAC6F3E2C739E606E2F0A1DBB032EC48ACCFA56755567A5B1,DAC2B05BCB69D638BACEB224D3B34E945D5BFDF56A2F78B399C4BB0A84B8D13A,C:\Users\Link\Dev\OpenGL_Learn\OpenGL_Learn\benchmark-results\gbuffer-position-reconstruction\gbuffer-position-formal-20260801-v3\raw\san-miguel\ssao-on\order-5-pair-3-A.json
gpu,san-miguel,ssao-on,A,explicit,3,5,Depth/Stencil Copy,2000,0.063942,0.05968,0.062272,0.218825,1607.0,5617451,72576000,8731DFBF748DA65AAC6F3E2C739E606E2F0A1DBB032EC48ACCFA56755567A5B1,DAC2B05BCB69D638BACEB224D3B34E945D5BFDF56A2F78B399C4BB0A84B8D13A,C:\Users\Link\Dev\OpenGL_Learn\OpenGL_Learn\benchmark-results\gbuffer-position-reconstruction\gbuffer-position-formal-20260801-v3\raw\san-miguel\ssao-on\order-5-pair-3-A.json
gpu,san-miguel,ssao-on,A,explicit,3,5,SSAO Generate,2000,2.915685,2.876352,3.196789,3.353552,1607.0,5617451,72576000,8731DFBF748DA65AAC6F3E2C739E606E2F0A1DBB032EC48ACCFA56755567A5B1,DAC2B05BCB69D638BACEB224D3B34E945D5BFDF56A2F78B399C4BB0A84B8D13A,C:\Users\Link\Dev\OpenGL_Learn\OpenGL_Learn\benchmark-results\gbuffer-position-reconstruction\gbuffer-position-formal-20260801-v3\raw\san-miguel\ssao-on\order-5-pair-3-A.json
gpu,san-miguel,ssao-on,A,explicit,3,5,SSAO Upsample,0,,,,,1607.0,5617451,72576000,8731DFBF748DA65AAC6F3E2C739E606E2F0A1DBB032EC48ACCFA56755567A5B1,DAC2B05BCB69D638BACEB224D3B34E945D5BFDF56A2F78B399C4BB0A84B8D13A,C:\Users\Link\Dev\OpenGL_Learn\OpenGL_Learn\benchmark-results\gbuffer-position-reconstruction\gbuffer-position-formal-20260801-v3\raw\san-miguel\ssao-on\order-5-pair-3-A.json
gpu,san-miguel,ssao-on,A,explicit,3,5,Deferred Lighting,2000,0.174981,0.171776,0.178528,0.310282,1607.0,5617451,72576000,8731DFBF748DA65AAC6F3E2C739E606E2F0A1DBB032EC48ACCFA56755567A5B1,DAC2B05BCB69D638BACEB224D3B34E945D5BFDF56A2F78B399C4BB0A84B8D13A,C:\Users\Link\Dev\OpenGL_Learn\OpenGL_Learn\benchmark-results\gbuffer-position-reconstruction\gbuffer-position-formal-20260801-v3\raw\san-miguel\ssao-on\order-5-pair-3-A.json
gpu,san-miguel,ssao-on,A,explicit,3,5,Deferred Pass,2000,5.637052,5.632656,5.990013,6.177468,1607.0,5617451,72576000,8731DFBF748DA65AAC6F3E2C739E606E2F0A1DBB032EC48ACCFA56755567A5B1,DAC2B05BCB69D638BACEB224D3B34E945D5BFDF56A2F78B399C4BB0A84B8D13A,C:\Users\Link\Dev\OpenGL_Learn\OpenGL_Learn\benchmark-results\gbuffer-position-reconstruction\gbuffer-position-formal-20260801-v3\raw\san-miguel\ssao-on\order-5-pair-3-A.json
cpu,san-miguel,ssao-on,A,explicit,3,5,CPU Frame,2000,7.874128,7.80825,8.671985,9.113144,1607.0,5617451,72576000,8731DFBF748DA65AAC6F3E2C739E606E2F0A1DBB032EC48ACCFA56755567A5B1,DAC2B05BCB69D638BACEB224D3B34E945D5BFDF56A2F78B399C4BB0A84B8D13A,C:\Users\Link\Dev\OpenGL_Learn\OpenGL_Learn\benchmark-results\gbuffer-position-reconstruction\gbuffer-position-formal-20260801-v3\raw\san-miguel\ssao-on\order-5-pair-3-A.json
cpu,san-miguel,ssao-on,A,explicit,3,5,G-Buffer Geometry,2000,0.887192,0.86175,1.154435,1.349704,1607.0,5617451,72576000,8731DFBF748DA65AAC6F3E2C739E606E2F0A1DBB032EC48ACCFA56755567A5B1,DAC2B05BCB69D638BACEB224D3B34E945D5BFDF56A2F78B399C4BB0A84B8D13A,C:\Users\Link\Dev\OpenGL_Learn\OpenGL_Learn\benchmark-results\gbuffer-position-reconstruction\gbuffer-position-formal-20260801-v3\raw\san-miguel\ssao-on\order-5-pair-3-A.json
cpu,san-miguel,ssao-on,A,explicit,3,5,Depth/Stencil Copy,2000,0.000772,0.0007,0.0011,0.001401,1607.0,5617451,72576000,8731DFBF748DA65AAC6F3E2C739E606E2F0A1DBB032EC48ACCFA56755567A5B1,DAC2B05BCB69D638BACEB224D3B34E945D5BFDF56A2F78B399C4BB0A84B8D13A,C:\Users\Link\Dev\OpenGL_Learn\OpenGL_Learn\benchmark-results\gbuffer-position-reconstruction\gbuffer-position-formal-20260801-v3\raw\san-miguel\ssao-on\order-5-pair-3-A.json
cpu,san-miguel,ssao-on,A,explicit,3,5,SSAO Generate,2000,0.007539,0.0073,0.008905,0.013807,1607.0,5617451,72576000,8731DFBF748DA65AAC6F3E2C739E606E2F0A1DBB032EC48ACCFA56755567A5B1,DAC2B05BCB69D638BACEB224D3B34E945D5BFDF56A2F78B399C4BB0A84B8D13A,C:\Users\Link\Dev\OpenGL_Learn\OpenGL_Learn\benchmark-results\gbuffer-position-reconstruction\gbuffer-position-formal-20260801-v3\raw\san-miguel\ssao-on\order-5-pair-3-A.json
cpu,san-miguel,ssao-on,A,explicit,3,5,SSAO Upsample,0,,,,,1607.0,5617451,72576000,8731DFBF748DA65AAC6F3E2C739E606E2F0A1DBB032EC48ACCFA56755567A5B1,DAC2B05BCB69D638BACEB224D3B34E945D5BFDF56A2F78B399C4BB0A84B8D13A,C:\Users\Link\Dev\OpenGL_Learn\OpenGL_Learn\benchmark-results\gbuffer-position-reconstruction\gbuffer-position-formal-20260801-v3\raw\san-miguel\ssao-on\order-5-pair-3-A.json
cpu,san-miguel,ssao-on,A,explicit,3,5,Deferred Lighting,2000,0.012011,0.0115,0.014205,0.025705,1607.0,5617451,72576000,8731DFBF748DA65AAC6F3E2C739E606E2F0A1DBB032EC48ACCFA56755567A5B1,DAC2B05BCB69D638BACEB224D3B34E945D5BFDF56A2F78B399C4BB0A84B8D13A,C:\Users\Link\Dev\OpenGL_Learn\OpenGL_Learn\benchmark-results\gbuffer-position-reconstruction\gbuffer-position-formal-20260801-v3\raw\san-miguel\ssao-on\order-5-pair-3-A.json
cpu,san-miguel,ssao-on,A,explicit,3,5,Deferred Pass,2000,1.436343,1.40475,1.79304,2.033302,1607.0,5617451,72576000,8731DFBF748DA65AAC6F3E2C739E606E2F0A1DBB032EC48ACCFA56755567A5B1,DAC2B05BCB69D638BACEB224D3B34E945D5BFDF56A2F78B399C4BB0A84B8D13A,C:\Users\Link\Dev\OpenGL_Learn\OpenGL_Learn\benchmark-results\gbuffer-position-reconstruction\gbuffer-position-formal-20260801-v3\raw\san-miguel\ssao-on\order-5-pair-3-A.json
gpu,san-miguel,ssao-on,B,reconstruct,3,6,GPU Frame,2000,6.053022,6.038304,6.42764,6.660644,1607.0,5617451,55987200,8731DFBF748DA65AAC6F3E2C739E606E2F0A1DBB032EC48ACCFA56755567A5B1,DAC2B05BCB69D638BACEB224D3B34E945D5BFDF56A2F78B399C4BB0A84B8D13A,C:\Users\Link\Dev\OpenGL_Learn\OpenGL_Learn\benchmark-results\gbuffer-position-reconstruction\gbuffer-position-formal-20260801-v3\raw\san-miguel\ssao-on\order-6-pair-3-B.json
gpu,san-miguel,ssao-on,B,reconstruct,3,6,G-Buffer Geometry,2000,2.202986,2.227072,2.471533,2.64715,1607.0,5617451,55987200,8731DFBF748DA65AAC6F3E2C739E606E2F0A1DBB032EC48ACCFA56755567A5B1,DAC2B05BCB69D638BACEB224D3B34E945D5BFDF56A2F78B399C4BB0A84B8D13A,C:\Users\Link\Dev\OpenGL_Learn\OpenGL_Learn\benchmark-results\gbuffer-position-reconstruction\gbuffer-position-formal-20260801-v3\raw\san-miguel\ssao-on\order-6-pair-3-B.json
gpu,san-miguel,ssao-on,B,reconstruct,3,6,Depth/Stencil Copy,2000,0.05315,0.049536,0.057477,0.082179,1607.0,5617451,55987200,8731DFBF748DA65AAC6F3E2C739E606E2F0A1DBB032EC48ACCFA56755567A5B1,DAC2B05BCB69D638BACEB224D3B34E945D5BFDF56A2F78B399C4BB0A84B8D13A,C:\Users\Link\Dev\OpenGL_Learn\OpenGL_Learn\benchmark-results\gbuffer-position-reconstruction\gbuffer-position-formal-20260801-v3\raw\san-miguel\ssao-on\order-6-pair-3-B.json
gpu,san-miguel,ssao-on,B,reconstruct,3,6,SSAO Generate,2000,3.439982,3.387344,3.788798,3.982669,1607.0,5617451,55987200,8731DFBF748DA65AAC6F3E2C739E606E2F0A1DBB032EC48ACCFA56755567A5B1,DAC2B05BCB69D638BACEB224D3B34E945D5BFDF56A2F78B399C4BB0A84B8D13A,C:\Users\Link\Dev\OpenGL_Learn\OpenGL_Learn\benchmark-results\gbuffer-position-reconstruction\gbuffer-position-formal-20260801-v3\raw\san-miguel\ssao-on\order-6-pair-3-B.json
gpu,san-miguel,ssao-on,B,reconstruct,3,6,SSAO Upsample,0,,,,,1607.0,5617451,55987200,8731DFBF748DA65AAC6F3E2C739E606E2F0A1DBB032EC48ACCFA56755567A5B1,DAC2B05BCB69D638BACEB224D3B34E945D5BFDF56A2F78B399C4BB0A84B8D13A,C:\Users\Link\Dev\OpenGL_Learn\OpenGL_Learn\benchmark-results\gbuffer-position-reconstruction\gbuffer-position-formal-20260801-v3\raw\san-miguel\ssao-on\order-6-pair-3-B.json
gpu,san-miguel,ssao-on,B,reconstruct,3,6,Deferred Lighting,2000,0.175349,0.168096,0.173701,0.40568,1607.0,5617451,55987200,8731DFBF748DA65AAC6F3E2C739E606E2F0A1DBB032EC48ACCFA56755567A5B1,DAC2B05BCB69D638BACEB224D3B34E945D5BFDF56A2F78B399C4BB0A84B8D13A,C:\Users\Link\Dev\OpenGL_Learn\OpenGL_Learn\benchmark-results\gbuffer-position-reconstruction\gbuffer-position-formal-20260801-v3\raw\san-miguel\ssao-on\order-6-pair-3-B.json
gpu,san-miguel,ssao-on,B,reconstruct,3,6,Deferred Pass,2000,5.959858,5.945888,6.334858,6.535024,1607.0,5617451,55987200,8731DFBF748DA65AAC6F3E2C739E606E2F0A1DBB032EC48ACCFA56755567A5B1,DAC2B05BCB69D638BACEB224D3B34E945D5BFDF56A2F78B399C4BB0A84B8D13A,C:\Users\Link\Dev\OpenGL_Learn\OpenGL_Learn\benchmark-results\gbuffer-position-reconstruction\gbuffer-position-formal-20260801-v3\raw\san-miguel\ssao-on\order-6-pair-3-B.json
cpu,san-miguel,ssao-on,B,reconstruct,3,6,CPU Frame,2000,8.200483,8.146,8.945935,9.383114,1607.0,5617451,55987200,8731DFBF748DA65AAC6F3E2C739E606E2F0A1DBB032EC48ACCFA56755567A5B1,DAC2B05BCB69D638BACEB224D3B34E945D5BFDF56A2F78B399C4BB0A84B8D13A,C:\Users\Link\Dev\OpenGL_Learn\OpenGL_Learn\benchmark-results\gbuffer-position-reconstruction\gbuffer-position-formal-20260801-v3\raw\san-miguel\ssao-on\order-6-pair-3-B.json
cpu,san-miguel,ssao-on,B,reconstruct,3,6,G-Buffer Geometry,2000,0.884992,0.85405,1.160325,1.462138,1607.0,5617451,55987200,8731DFBF748DA65AAC6F3E2C739E606E2F0A1DBB032EC48ACCFA56755567A5B1,DAC2B05BCB69D638BACEB224D3B34E945D5BFDF56A2F78B399C4BB0A84B8D13A,C:\Users\Link\Dev\OpenGL_Learn\OpenGL_Learn\benchmark-results\gbuffer-position-reconstruction\gbuffer-position-formal-20260801-v3\raw\san-miguel\ssao-on\order-6-pair-3-B.json
cpu,san-miguel,ssao-on,B,reconstruct,3,6,Depth/Stencil Copy,2000,0.000622,0.0006,0.0009,0.0014,1607.0,5617451,55987200,8731DFBF748DA65AAC6F3E2C739E606E2F0A1DBB032EC48ACCFA56755567A5B1,DAC2B05BCB69D638BACEB224D3B34E945D5BFDF56A2F78B399C4BB0A84B8D13A,C:\Users\Link\Dev\OpenGL_Learn\OpenGL_Learn\benchmark-results\gbuffer-position-reconstruction\gbuffer-position-formal-20260801-v3\raw\san-miguel\ssao-on\order-6-pair-3-B.json
cpu,san-miguel,ssao-on,B,reconstruct,3,6,SSAO Generate,2000,0.007986,0.0076,0.0093,0.021412,1607.0,5617451,55987200,8731DFBF748DA65AAC6F3E2C739E606E2F0A1DBB032EC48ACCFA56755567A5B1,DAC2B05BCB69D638BACEB224D3B34E945D5BFDF56A2F78B399C4BB0A84B8D13A,C:\Users\Link\Dev\OpenGL_Learn\OpenGL_Learn\benchmark-results\gbuffer-position-reconstruction\gbuffer-position-formal-20260801-v3\raw\san-miguel\ssao-on\order-6-pair-3-B.json
cpu,san-miguel,ssao-on,B,reconstruct,3,6,SSAO Upsample,0,,,,,1607.0,5617451,55987200,8731DFBF748DA65AAC6F3E2C739E606E2F0A1DBB032EC48ACCFA56755567A5B1,DAC2B05BCB69D638BACEB224D3B34E945D5BFDF56A2F78B399C4BB0A84B8D13A,C:\Users\Link\Dev\OpenGL_Learn\OpenGL_Learn\benchmark-results\gbuffer-position-reconstruction\gbuffer-position-formal-20260801-v3\raw\san-miguel\ssao-on\order-6-pair-3-B.json
cpu,san-miguel,ssao-on,B,reconstruct,3,6,Deferred Lighting,2000,0.0127,0.0121,0.015605,0.032626,1607.0,5617451,55987200,8731DFBF748DA65AAC6F3E2C739E606E2F0A1DBB032EC48ACCFA56755567A5B1,DAC2B05BCB69D638BACEB224D3B34E945D5BFDF56A2F78B399C4BB0A84B8D13A,C:\Users\Link\Dev\OpenGL_Learn\OpenGL_Learn\benchmark-results\gbuffer-position-reconstruction\gbuffer-position-formal-20260801-v3\raw\san-miguel\ssao-on\order-6-pair-3-B.json
cpu,san-miguel,ssao-on,B,reconstruct,3,6,Deferred Pass,2000,1.423321,1.38795,1.770815,2.155296,1607.0,5617451,55987200,8731DFBF748DA65AAC6F3E2C739E606E2F0A1DBB032EC48ACCFA56755567A5B1,DAC2B05BCB69D638BACEB224D3B34E945D5BFDF56A2F78B399C4BB0A84B8D13A,C:\Users\Link\Dev\OpenGL_Learn\OpenGL_Learn\benchmark-results\gbuffer-position-reconstruction\gbuffer-position-formal-20260801-v3\raw\san-miguel\ssao-on\order-6-pair-3-B.json
