regime,lightCount,radius,sliceCount,metric,count,mean,median,p95,p99,medianOfProcessMedians
cached,32,1.5,1,wallFrame,1800,1.8937242222222221,1.8596,2.2747,2.464028,1.865
cached,32,1.5,1,cpuFrame,1800,1.8857636111111111,1.85185,2.267435,2.457737,1.8571
cached,32,1.5,1,gpuFrame,1800,0.7811695288888888,0.756416,0.931056,1.0939574399999998,0.754928
cached,32,1.5,1,gridLightingCpu,1800,0.0036669444444444445,0.0035,0.0051,0.006101,0.0034
cached,32,1.5,1,gridLightingGpu,1800,0.08449530666666667,0.0816,0.084128,0.22678816000000002,0.08128
cached,32,1.5,1,cacheCheckCpu,1800,0.001999166666666667,0.0019,0.0023049999999999954,0.0028009999999999992,0.0019
cached,32,1.5,1,gridBuildCpu,1800,3.405555555555556e-05,0.0,0.0001,0.0001,0.0
cached,32,1.5,1,gridUploadCpu,1800,3.105555555555556e-05,0.0,0.0001,0.0001,0.0
cached,32,1.5,1,gridBoundsCpu,0,0.0,0.0,0.0,0.0,0.0
cached,32,1.5,1,gridCountCpu,0,0.0,0.0,0.0,0.0,0.0
cached,32,1.5,1,gridPrefixCpu,0,0.0,0.0,0.0,0.0,0.0
cached,32,1.5,1,gridFillCpu,0,0.0,0.0,0.0,0.0,0.0
cached,32,1.5,2,wallFrame,1800,1.8782543333333332,1.8411499999999998,2.2588,2.481089,1.84355
cached,32,1.5,2,cpuFrame,1800,1.8703364444444444,1.8336999999999999,2.25119,2.478941,1.83555
cached,32,1.5,2,gpuFrame,1800,0.77661328,0.75296,0.922112,1.0914534399999998,0.752752
cached,32,1.5,2,gridLightingCpu,1800,0.003563111111111111,0.0034,0.0045,0.006001999999999999,0.0034
cached,32,1.5,2,gridLightingGpu,1800,0.07965153777777778,0.078048,0.080096,0.08384095999999999,0.078144
cached,32,1.5,2,cacheCheckCpu,1800,0.002013333333333333,0.0019,0.0023,0.0026,0.0019
cached,32,1.5,2,gridBuildCpu,1800,3.2055555555555556e-05,0.0,0.0001,0.0001,0.0
cached,32,1.5,2,gridUploadCpu,1800,2.9111111111111112e-05,0.0,0.0001,0.0001,0.0
cached,32,1.5,2,gridBoundsCpu,0,0.0,0.0,0.0,0.0,0.0
cached,32,1.5,2,gridCountCpu,0,0.0,0.0,0.0,0.0,0.0
cached,32,1.5,2,gridPrefixCpu,0,0.0,0.0,0.0,0.0,0.0
cached,32,1.5,2,gridFillCpu,0,0.0,0.0,0.0,0.0,0.0
cached,32,1.5,4,wallFrame,1800,1.895180888888889,1.8623500000000002,2.2575049999999997,2.493656,1.8726500000000001
cached,32,1.5,4,cpuFrame,1800,1.8870240555555557,1.85405,2.2476599999999998,2.488132,1.86475
cached,32,1.5,4,gpuFrame,1800,0.7778270755555556,0.752672,0.9356624,1.08589024,0.752672
cached,32,1.5,4,gridLightingCpu,1800,0.003675611111111111,0.0035,0.004904999999999995,0.006300999999999999,0.0035
cached,32,1.5,4,gridLightingGpu,1800,0.07878254222222221,0.077952,0.08,0.08374912,0.078144
cached,32,1.5,4,cacheCheckCpu,1800,0.002027944444444444,0.0019,0.0023,0.0031,0.0019
cached,32,1.5,4,gridBuildCpu,1800,3.3277777777777784e-05,0.0,0.0001,0.0001,0.0
cached,32,1.5,4,gridUploadCpu,1800,3.0888888888888886e-05,0.0,0.0001,0.0001,0.0
cached,32,1.5,4,gridBoundsCpu,0,0.0,0.0,0.0,0.0,0.0
cached,32,1.5,4,gridCountCpu,0,0.0,0.0,0.0,0.0,0.0
cached,32,1.5,4,gridPrefixCpu,0,0.0,0.0,0.0,0.0,0.0
cached,32,1.5,4,gridFillCpu,0,0.0,0.0,0.0,0.0,0.0
cached,32,1.5,8,wallFrame,1800,1.8588244444444444,1.8285,2.1973499999999997,2.4071649999999996,1.8341
cached,32,1.5,8,cpuFrame,1800,1.8507822222222223,1.82085,2.1914399999999996,2.401335,1.8266
cached,32,1.5,8,gpuFrame,1800,0.77576688,0.751936,0.9238335999999999,1.0885347199999997,0.752096
cached,32,1.5,8,gridLightingCpu,1800,0.003694833333333333,0.0034,0.0046,0.0057009999999999995,0.0034
cached,32,1.5,8,gridLightingGpu,1800,0.07860408888888888,0.077312,0.07936,0.08405087999999998,0.07744
cached,32,1.5,8,cacheCheckCpu,1800,0.0019620555555555554,0.0019,0.0022,0.0026,0.0019
cached,32,1.5,8,gridBuildCpu,1800,3.055555555555556e-05,0.0,0.0001,0.0001,0.0
cached,32,1.5,8,gridUploadCpu,1800,4.016666666666667e-05,0.0,0.0001,0.0001,0.0
cached,32,1.5,8,gridBoundsCpu,0,0.0,0.0,0.0,0.0,0.0
cached,32,1.5,8,gridCountCpu,0,0.0,0.0,0.0,0.0,0.0
cached,32,1.5,8,gridPrefixCpu,0,0.0,0.0,0.0,0.0,0.0
cached,32,1.5,8,gridFillCpu,0,0.0,0.0,0.0,0.0,0.0
cached,32,1.5,16,wallFrame,1800,1.8939502222222222,1.8554499999999998,2.266985,2.4846749999999997,1.86055
cached,32,1.5,16,cpuFrame,1800,1.886130111111111,1.84815,2.2601899999999997,2.479854,1.8531
cached,32,1.5,16,gpuFrame,1800,0.7751918755555557,0.7496,0.929848,1.08958176,0.749504
cached,32,1.5,16,gridLightingCpu,1800,0.003660555555555556,0.0035,0.0048,0.0062,0.0035
cached,32,1.5,16,gridLightingGpu,1800,0.07753612444444444,0.074528,0.0764176,0.09939135999999894,0.074592
cached,32,1.5,16,cacheCheckCpu,1800,0.0019717222222222224,0.0019,0.0023,0.002600999999999999,0.0019
cached,32,1.5,16,gridBuildCpu,1800,3.238888888888889e-05,0.0,0.0001,0.0001,0.0
cached,32,1.5,16,gridUploadCpu,1800,3.0500000000000003e-05,0.0,0.0001,0.0001,0.0
cached,32,1.5,16,gridBoundsCpu,0,0.0,0.0,0.0,0.0,0.0
cached,32,1.5,16,gridCountCpu,0,0.0,0.0,0.0,0.0,0.0
cached,32,1.5,16,gridPrefixCpu,0,0.0,0.0,0.0,0.0,0.0
cached,32,1.5,16,gridFillCpu,0,0.0,0.0,0.0,0.0,0.0
cached,32,3.0,1,wallFrame,1800,1.9836447777777777,1.9462,2.362535,2.583107,1.92115
cached,32,3.0,1,cpuFrame,1800,1.9755410555555555,1.9371,2.3559,2.57592,1.91255
cached,32,3.0,1,gpuFrame,1800,0.8622873244444444,0.835136,1.0165008,1.20510048,0.8348
cached,32,3.0,1,gridLightingCpu,1800,0.003713111111111111,0.0035,0.0049,0.006,0.0035
cached,32,3.0,1,gridLightingGpu,1800,0.16457911111111112,0.161552,0.1633936,0.30840927999999995,0.161696
cached,32,3.0,1,cacheCheckCpu,1800,0.0020185555555555556,0.0019,0.0023,0.0027,0.0019
cached,32,3.0,1,gridBuildCpu,1800,3.1722222222222224e-05,0.0,0.0001,0.0001,0.0
cached,32,3.0,1,gridUploadCpu,1800,3.1222222222222225e-05,0.0,0.0001,0.0001,0.0
cached,32,3.0,1,gridBoundsCpu,0,0.0,0.0,0.0,0.0,0.0
cached,32,3.0,1,gridCountCpu,0,0.0,0.0,0.0,0.0,0.0
cached,32,3.0,1,gridPrefixCpu,0,0.0,0.0,0.0,0.0,0.0
cached,32,3.0,1,gridFillCpu,0,0.0,0.0,0.0,0.0,0.0
cached,32,3.0,2,wallFrame,1800,1.9257776666666668,1.9037,2.24471,2.4549339999999997,1.9037
cached,32,3.0,2,cpuFrame,1800,1.9177527777777776,1.8958,2.23802,2.4488209999999997,1.896
cached,32,3.0,2,gpuFrame,1800,0.8467416177777778,0.823232,0.99044,1.14754944,0.82248
cached,32,3.0,2,gridLightingCpu,1800,0.0035232222222222223,0.0033,0.0043,0.0056,0.0033
cached,32,3.0,2,gridLightingGpu,1800,0.15238186666666664,0.149216,0.151232,0.30628543999999996,0.149184
cached,32,3.0,2,cacheCheckCpu,1800,0.0019547777777777775,0.0019,0.0022,0.0026,0.0019
cached,32,3.0,2,gridBuildCpu,1800,3.15e-05,0.0,0.0001,0.0001,0.0
cached,32,3.0,2,gridUploadCpu,1800,3.066666666666667e-05,0.0,0.0001,0.0001,0.0
cached,32,3.0,2,gridBoundsCpu,0,0.0,0.0,0.0,0.0,0.0
cached,32,3.0,2,gridCountCpu,0,0.0,0.0,0.0,0.0,0.0
cached,32,3.0,2,gridPrefixCpu,0,0.0,0.0,0.0,0.0,0.0
cached,32,3.0,2,gridFillCpu,0,0.0,0.0,0.0,0.0,0.0
cached,32,3.0,4,wallFrame,1800,1.9646321666666668,1.9293,2.3284749999999996,2.506054,1.93425
cached,32,3.0,4,cpuFrame,1800,1.956503166666667,1.9209,2.321845,2.4983489999999997,1.92545
cached,32,3.0,4,gpuFrame,1800,0.8463826133333333,0.822848,0.995744,1.15782816,0.822528
cached,32,3.0,4,gridLightingCpu,1800,0.0036568888888888888,0.0035,0.0048,0.005900999999999999,0.0034
cached,32,3.0,4,gridLightingGpu,1800,0.15155939555555556,0.148752,0.15046559999999998,0.29187488,0.148992
cached,32,3.0,4,cacheCheckCpu,1800,0.0019857777777777777,0.0019,0.0023,0.0029,0.0019
cached,32,3.0,4,gridBuildCpu,1800,3.2166666666666665e-05,0.0,0.0001,0.0001,0.0
cached,32,3.0,4,gridUploadCpu,1800,3.0111111111111113e-05,0.0,0.0001,0.0001,0.0
cached,32,3.0,4,gridBoundsCpu,0,0.0,0.0,0.0,0.0,0.0
cached,32,3.0,4,gridCountCpu,0,0.0,0.0,0.0,0.0,0.0
cached,32,3.0,4,gridPrefixCpu,0,0.0,0.0,0.0,0.0,0.0
cached,32,3.0,4,gridFillCpu,0,0.0,0.0,0.0,0.0,0.0
cached,32,3.0,8,wallFrame,1800,1.9249679444444443,1.8989,2.26199,2.4369330000000002,1.9028
cached,32,3.0,8,cpuFrame,1800,1.9169839444444445,1.8913,2.2511499999999995,2.431027,1.895
cached,32,3.0,8,gpuFrame,1800,0.8357728355555556,0.813184,0.9864336,1.14904736,0.813456
cached,32,3.0,8,gridLightingCpu,1800,0.003631611111111111,0.0034,0.004404999999999996,0.005800999999999999,0.0034
cached,32,3.0,8,gridLightingGpu,1800,0.14143578666666667,0.13808,0.139968,0.30240256,0.13819199999999998
cached,32,3.0,8,cacheCheckCpu,1800,0.0019628333333333334,0.0019,0.0022,0.0027009999999999994,0.0019
cached,32,3.0,8,gridBuildCpu,1800,3.0277777777777782e-05,0.0,0.0001,0.0001,0.0
cached,32,3.0,8,gridUploadCpu,1800,3.233333333333334e-05,0.0,0.0001,0.0001,0.0
cached,32,3.0,8,gridBoundsCpu,0,0.0,0.0,0.0,0.0,0.0
cached,32,3.0,8,gridCountCpu,0,0.0,0.0,0.0,0.0,0.0
cached,32,3.0,8,gridPrefixCpu,0,0.0,0.0,0.0,0.0,0.0
cached,32,3.0,8,gridFillCpu,0,0.0,0.0,0.0,0.0,0.0
cached,32,3.0,16,wallFrame,1800,1.9410054444444444,1.90145,2.30841,2.5716010000000002,1.8958
cached,32,3.0,16,cpuFrame,1800,1.933095111111111,1.8937,2.301725,2.5645079999999996,1.88925
cached,32,3.0,16,gpuFrame,1800,0.8348636622222221,0.80928,0.9911392,1.16977248,0.808848
cached,32,3.0,16,gridLightingCpu,1800,0.0036797222222222222,0.0034,0.0046,0.005800999999999999,0.0034
cached,32,3.0,16,gridLightingGpu,1800,0.13699747555555555,0.134336,0.1361616,0.27594752,0.134528
cached,32,3.0,16,cacheCheckCpu,1800,0.0019741666666666666,0.0019,0.0022,0.0026,0.0019
cached,32,3.0,16,gridBuildCpu,1800,3.255555555555556e-05,0.0,0.0001,0.0001,0.0
cached,32,3.0,16,gridUploadCpu,1800,3.266666666666667e-05,0.0,0.0001,0.0001,0.0
cached,32,3.0,16,gridBoundsCpu,0,0.0,0.0,0.0,0.0,0.0
cached,32,3.0,16,gridCountCpu,0,0.0,0.0,0.0,0.0,0.0
cached,32,3.0,16,gridPrefixCpu,0,0.0,0.0,0.0,0.0,0.0
cached,32,3.0,16,gridFillCpu,0,0.0,0.0,0.0,0.0,0.0
cached,32,6.0,1,wallFrame,1800,2.177816722222222,2.14365,2.557315,2.781395,2.1351500000000003
cached,32,6.0,1,cpuFrame,1800,2.169750333333333,2.1358,2.54961,2.77568,2.1277999999999997
cached,32,6.0,1,gpuFrame,1800,1.053952391111111,1.017088,1.2287552,1.3927219199999998,1.017472
cached,32,6.0,1,gridLightingCpu,1800,0.0036921111111111113,0.0034,0.0047,0.006,0.0034
cached,32,6.0,1,gridLightingGpu,1800,0.35648231111111106,0.347712,0.3512976,0.57716704,0.34798399999999996
cached,32,6.0,1,cacheCheckCpu,1800,0.0020007777777777775,0.0019,0.0023,0.0027,0.0019
cached,32,6.0,1,gridBuildCpu,1800,3.35e-05,0.0,0.0001,0.0001,0.0
cached,32,6.0,1,gridUploadCpu,1800,2.9222222222222224e-05,0.0,0.0001,0.0001,0.0
cached,32,6.0,1,gridBoundsCpu,0,0.0,0.0,0.0,0.0,0.0
cached,32,6.0,1,gridCountCpu,0,0.0,0.0,0.0,0.0,0.0
cached,32,6.0,1,gridPrefixCpu,0,0.0,0.0,0.0,0.0,0.0
cached,32,6.0,1,gridFillCpu,0,0.0,0.0,0.0,0.0,0.0
cached,32,6.0,2,wallFrame,1800,2.1575473888888888,2.1229,2.55138,2.816719,2.14005
cached,32,6.0,2,cpuFrame,1800,2.1496858333333333,2.11475,2.54393,2.8102189999999996,2.13105
cached,32,6.0,2,gpuFrame,1800,1.0330937422222224,0.999472,1.2030847999999998,1.36242016,1.00016
cached,32,6.0,2,gridLightingCpu,1800,0.003740777777777778,0.0034,0.0048,0.0076019999999999985,0.0034
cached,32,6.0,2,gridLightingGpu,1800,0.3382685511111111,0.330208,0.3336336,0.5389331199999999,0.330432
cached,32,6.0,2,cacheCheckCpu,1800,0.002009611111111111,0.0019,0.0022,0.0032,0.0019
cached,32,6.0,2,gridBuildCpu,1800,3.266666666666667e-05,0.0,0.0001,0.0001,0.0
cached,32,6.0,2,gridUploadCpu,1800,2.9555555555555556e-05,0.0,0.0001,0.0001,0.0
cached,32,6.0,2,gridBoundsCpu,0,0.0,0.0,0.0,0.0,0.0
cached,32,6.0,2,gridCountCpu,0,0.0,0.0,0.0,0.0,0.0
cached,32,6.0,2,gridPrefixCpu,0,0.0,0.0,0.0,0.0,0.0
cached,32,6.0,2,gridFillCpu,0,0.0,0.0,0.0,0.0,0.0
cached,32,6.0,4,wallFrame,1800,2.1454268333333335,2.1127,2.5151999999999997,2.771925,2.1228
cached,32,6.0,4,cpuFrame,1800,2.1372634444444443,2.1044,2.508845,2.7672019999999997,2.11475
cached,32,6.0,4,gpuFrame,1800,1.0294607111111111,0.999216,1.1832623999999998,1.3369312,0.999552
cached,32,6.0,4,gridLightingCpu,1800,0.003593722222222222,0.0035,0.0047,0.0059,0.0034
cached,32,6.0,4,gridLightingGpu,1800,0.3368326222222222,0.329984,0.3326736,0.54015712,0.330144
cached,32,6.0,4,cacheCheckCpu,1800,0.0020789444444444445,0.0019,0.0023,0.0027,0.0019
cached,32,6.0,4,gridBuildCpu,1800,3.155555555555556e-05,0.0,0.0001,0.0001,0.0
cached,32,6.0,4,gridUploadCpu,1800,3.3444444444444443e-05,0.0,0.0001,0.0001,0.0
cached,32,6.0,4,gridBoundsCpu,0,0.0,0.0,0.0,0.0,0.0
cached,32,6.0,4,gridCountCpu,0,0.0,0.0,0.0,0.0,0.0
cached,32,6.0,4,gridPrefixCpu,0,0.0,0.0,0.0,0.0,0.0
cached,32,6.0,4,gridFillCpu,0,0.0,0.0,0.0,0.0,0.0
cached,32,6.0,8,wallFrame,1800,2.1305369444444446,2.09595,2.4987649999999997,2.701529,2.1032
cached,32,6.0,8,cpuFrame,1800,2.1227998333333336,2.0892999999999997,2.488505,2.696313,2.0951
cached,32,6.0,8,gpuFrame,1800,1.0217332977777778,0.992176,1.1775807999999999,1.3429833599999998,0.992784
cached,32,6.0,8,gridLightingCpu,1800,0.0036041666666666665,0.0034,0.0046,0.0058,0.0034
cached,32,6.0,8,gridLightingGpu,1800,0.3289228977777777,0.322688,0.3257296,0.5050332799999999,0.322928
cached,32,6.0,8,cacheCheckCpu,1800,0.002109444444444444,0.0019,0.0023,0.0032,0.0019
cached,32,6.0,8,gridBuildCpu,1800,3.433333333333334e-05,0.0,0.0001,0.0001,0.0
cached,32,6.0,8,gridUploadCpu,1800,3.088888888888889e-05,0.0,0.0001,0.0001,0.0
cached,32,6.0,8,gridBoundsCpu,0,0.0,0.0,0.0,0.0,0.0
cached,32,6.0,8,gridCountCpu,0,0.0,0.0,0.0,0.0,0.0
cached,32,6.0,8,gridPrefixCpu,0,0.0,0.0,0.0,0.0,0.0
cached,32,6.0,8,gridFillCpu,0,0.0,0.0,0.0,0.0,0.0
cached,32,6.0,16,wallFrame,1800,2.1338067222222223,2.1068,2.49693,2.7495649999999996,2.1149500000000003
cached,32,6.0,16,cpuFrame,1800,2.125706888888889,2.09855,2.489905,2.7407,2.1062000000000003
cached,32,6.0,16,gpuFrame,1800,1.0212007466666668,0.986592,1.191128,1.3598236799999999,0.987328
cached,32,6.0,16,gridLightingCpu,1800,0.003614388888888889,0.0034,0.0046,0.0055,0.0035
cached,32,6.0,16,gridLightingGpu,1800,0.32452398222222223,0.317024,0.3200672,0.52026272,0.317312
cached,32,6.0,16,cacheCheckCpu,1800,0.0020407222222222224,0.0019,0.0022,0.0025009999999999993,0.0019
cached,32,6.0,16,gridBuildCpu,1800,3.377777777777778e-05,0.0,0.0001,0.0001,0.0
cached,32,6.0,16,gridUploadCpu,1800,2.9944444444444446e-05,0.0,0.0001,0.0001,0.0
cached,32,6.0,16,gridBoundsCpu,0,0.0,0.0,0.0,0.0,0.0
cached,32,6.0,16,gridCountCpu,0,0.0,0.0,0.0,0.0,0.0
cached,32,6.0,16,gridPrefixCpu,0,0.0,0.0,0.0,0.0,0.0
cached,32,6.0,16,gridFillCpu,0,0.0,0.0,0.0,0.0,0.0
cached,32,8.0,1,wallFrame,1800,2.250500611111111,2.2176,2.6340399999999997,2.858637,2.202
cached,32,8.0,1,cpuFrame,1800,2.2423878333333334,2.2094,2.6270649999999995,2.8497579999999996,2.1940999999999997
cached,32,8.0,1,gpuFrame,1800,1.14111344,1.103392,1.3081007999999998,1.4977513599999999,1.103488
cached,32,8.0,1,gridLightingCpu,1800,0.003682,0.0035,0.0046,0.006502999999999997,0.0034
cached,32,8.0,1,gridLightingGpu,1800,0.44550924444444445,0.433408,0.5774128000000001,0.69166784,0.433504
cached,32,8.0,1,cacheCheckCpu,1800,0.0020026666666666665,0.0019,0.0022,0.0025,0.0019
cached,32,8.0,1,gridBuildCpu,1800,4.1944444444444454e-05,0.0,0.0001,0.0001,0.0
cached,32,8.0,1,gridUploadCpu,1800,3.0500000000000003e-05,0.0,0.0001,0.0001,0.0
cached,32,8.0,1,gridBoundsCpu,0,0.0,0.0,0.0,0.0,0.0
cached,32,8.0,1,gridCountCpu,0,0.0,0.0,0.0,0.0,0.0
cached,32,8.0,1,gridPrefixCpu,0,0.0,0.0,0.0,0.0,0.0
cached,32,8.0,1,gridFillCpu,0,0.0,0.0,0.0,0.0,0.0
cached,32,8.0,2,wallFrame,1800,2.2615385,2.22705,2.691555,2.929359,2.2183
cached,32,8.0,2,cpuFrame,1800,2.2534980555555557,2.21855,2.6861200000000003,2.921778,2.2091000000000003
cached,32,8.0,2,gpuFrame,1800,1.1289283733333333,1.091136,1.3081167999999999,1.5215238399999997,1.0911520000000001
cached,32,8.0,2,gridLightingCpu,1800,0.003757777777777778,0.0035,0.0048,0.007101,0.0035
cached,32,8.0,2,gridLightingGpu,1800,0.43417585777777784,0.42128,0.564504,0.7350064,0.421376
cached,32,8.0,2,cacheCheckCpu,1800,0.0020323333333333335,0.0019,0.0023,0.0026,0.0019
cached,32,8.0,2,gridBuildCpu,1800,3.144444444444445e-05,0.0,0.0001,0.0001,0.0
cached,32,8.0,2,gridUploadCpu,1800,3.077777777777778e-05,0.0,0.0001,0.0001,0.0
cached,32,8.0,2,gridBoundsCpu,0,0.0,0.0,0.0,0.0,0.0
cached,32,8.0,2,gridCountCpu,0,0.0,0.0,0.0,0.0,0.0
cached,32,8.0,2,gridPrefixCpu,0,0.0,0.0,0.0,0.0,0.0
cached,32,8.0,2,gridFillCpu,0,0.0,0.0,0.0,0.0,0.0
cached,32,8.0,4,wallFrame,1800,2.275451777777778,2.23555,2.6589349999999996,2.969321,2.2665499999999996
cached,32,8.0,4,cpuFrame,1800,2.267305111111111,2.22795,2.6525299999999996,2.9628110000000003,2.2591
cached,32,8.0,4,gpuFrame,1800,1.1281859022222223,1.091264,1.3023536,1.4622963199999999,1.091232
cached,32,8.0,4,gridLightingCpu,1800,0.003759833333333333,0.0035,0.0049,0.0062,0.0036
cached,32,8.0,4,gridLightingGpu,1800,0.43354081777777775,0.421248,0.5629616,0.75506016,0.421248
cached,32,8.0,4,cacheCheckCpu,1800,0.0020156666666666665,0.0019,0.0023,0.0028,0.0019
cached,32,8.0,4,gridBuildCpu,1800,3.0222222222222225e-05,0.0,0.0001,0.0001,0.0
cached,32,8.0,4,gridUploadCpu,1800,3.0833333333333335e-05,0.0,0.0001,0.0001,0.0
cached,32,8.0,4,gridBoundsCpu,0,0.0,0.0,0.0,0.0,0.0
cached,32,8.0,4,gridCountCpu,0,0.0,0.0,0.0,0.0,0.0
cached,32,8.0,4,gridPrefixCpu,0,0.0,0.0,0.0,0.0,0.0
cached,32,8.0,4,gridFillCpu,0,0.0,0.0,0.0,0.0,0.0
cached,32,8.0,8,wallFrame,1800,2.2384065,2.2077,2.6176049999999997,2.8711160000000002,2.21365
cached,32,8.0,8,cpuFrame,1800,2.230428277777778,2.1985,2.610445,2.863409,2.20595
cached,32,8.0,8,gpuFrame,1800,1.1241914133333333,1.086368,1.2972864,1.49584064,1.0864
cached,32,8.0,8,gridLightingCpu,1800,0.0036089444444444446,0.0034,0.0044,0.005402999999999997,0.0034
cached,32,8.0,8,gridLightingGpu,1800,0.4293927111111111,0.416544,0.5616144,0.74513248,0.416672
cached,32,8.0,8,cacheCheckCpu,1800,0.002071555555555555,0.0019,0.0022,0.0026,0.0019
cached,32,8.0,8,gridBuildCpu,1800,3.061111111111111e-05,0.0,0.0001,0.0001,0.0
cached,32,8.0,8,gridUploadCpu,1800,3.061111111111111e-05,0.0,0.0001,0.0001,0.0
cached,32,8.0,8,gridBoundsCpu,0,0.0,0.0,0.0,0.0,0.0
cached,32,8.0,8,gridCountCpu,0,0.0,0.0,0.0,0.0,0.0
cached,32,8.0,8,gridPrefixCpu,0,0.0,0.0,0.0,0.0,0.0
cached,32,8.0,8,gridFillCpu,0,0.0,0.0,0.0,0.0,0.0
cached,32,8.0,16,wallFrame,1800,2.243938611111111,2.21205,2.611425,2.880524,2.2174
cached,32,8.0,16,cpuFrame,1800,2.2360055555555554,2.2039999999999997,2.604335,2.874107,2.21
cached,32,8.0,16,gpuFrame,1800,1.1193922488888888,1.080512,1.287264,1.4574335999999999,1.080544
cached,32,8.0,16,gridLightingCpu,1800,0.0036554999999999995,0.0035,0.0048,0.0058,0.0036
cached,32,8.0,16,gridLightingGpu,1800,0.4226944355555556,0.410624,0.5548544,0.6479628799999999,0.410624
cached,32,8.0,16,cacheCheckCpu,1800,0.001997333333333333,0.0019,0.0023,0.0031,0.0019
cached,32,8.0,16,gridBuildCpu,1800,3.188888888888889e-05,0.0,0.0001,0.0001,0.0
cached,32,8.0,16,gridUploadCpu,1800,3.111111111111111e-05,0.0,0.0001,0.0001,0.0
cached,32,8.0,16,gridBoundsCpu,0,0.0,0.0,0.0,0.0,0.0
cached,32,8.0,16,gridCountCpu,0,0.0,0.0,0.0,0.0,0.0
cached,32,8.0,16,gridPrefixCpu,0,0.0,0.0,0.0,0.0,0.0
cached,32,8.0,16,gridFillCpu,0,0.0,0.0,0.0,0.0,0.0
cached,32,12.0,1,wallFrame,1800,2.4476303888888884,2.3772,2.945045,3.177414,2.37455
cached,32,12.0,1,cpuFrame,1800,2.4396845,2.3693,2.93694,3.169732,2.3661000000000003
cached,32,12.0,1,gpuFrame,1800,1.2844863111111111,1.2404,1.4697567999999999,1.7179904,1.239696
cached,32,12.0,1,gridLightingCpu,1800,0.003717833333333334,0.0035,0.0046,0.0056,0.00345
cached,32,12.0,1,gridLightingGpu,1800,0.5867913422222222,0.570144,0.722264,0.9234758399999998,0.570176
cached,32,12.0,1,cacheCheckCpu,1800,0.002008611111111111,0.0019,0.0023,0.002600999999999999,0.0019
cached,32,12.0,1,gridBuildCpu,1800,3.005555555555556e-05,0.0,0.0001,0.0001,0.0
cached,32,12.0,1,gridUploadCpu,1800,3.166666666666667e-05,0.0,0.0001,0.0001,0.0
cached,32,12.0,1,gridBoundsCpu,0,0.0,0.0,0.0,0.0,0.0
cached,32,12.0,1,gridCountCpu,0,0.0,0.0,0.0,0.0,0.0
cached,32,12.0,1,gridPrefixCpu,0,0.0,0.0,0.0,0.0,0.0
cached,32,12.0,1,gridFillCpu,0,0.0,0.0,0.0,0.0,0.0
cached,32,12.0,2,wallFrame,1800,2.471191222222222,2.40975,2.986175,3.2585230000000003,2.387
cached,32,12.0,2,cpuFrame,1800,2.4630692777777776,2.40185,2.9789649999999996,3.252119,2.3796
cached,32,12.0,2,gpuFrame,1800,1.2841083555555555,1.238752,1.468416,1.72469152,1.2385760000000001
cached,32,12.0,2,gridLightingCpu,1800,0.0037870555555555557,0.0036,0.004904999999999995,0.0067009999999999995,0.0036
cached,32,12.0,2,gridLightingGpu,1800,0.5858149866666668,0.56864,0.7300752,0.96542656,0.568736
cached,32,12.0,2,cacheCheckCpu,1800,0.0019601111111111113,0.0019,0.0022049999999999956,0.0027009999999999994,0.0019
cached,32,12.0,2,gridBuildCpu,1800,3.3333333333333335e-05,0.0,0.0001,0.0001,0.0
cached,32,12.0,2,gridUploadCpu,1800,3.0444444444444445e-05,0.0,0.0001,0.0001,0.0
cached,32,12.0,2,gridBoundsCpu,0,0.0,0.0,0.0,0.0,0.0
cached,32,12.0,2,gridCountCpu,0,0.0,0.0,0.0,0.0,0.0
cached,32,12.0,2,gridPrefixCpu,0,0.0,0.0,0.0,0.0,0.0
cached,32,12.0,2,gridFillCpu,0,0.0,0.0,0.0,0.0,0.0
cached,32,12.0,4,wallFrame,1800,2.429472555555556,2.37305,2.91671,3.100151,2.3499499999999998
cached,32,12.0,4,cpuFrame,1800,2.421321111111111,2.3643,2.908245,3.093256,2.34145
cached,32,12.0,4,gpuFrame,1800,1.2801727111111112,1.2396639999999999,1.4621472,1.64213696,1.239984
cached,32,12.0,4,gridLightingCpu,1800,0.0037107777777777773,0.0035,0.0047,0.006300999999999999,0.0034
cached,32,12.0,4,gridLightingGpu,1800,0.5845081244444444,0.5688,0.7168128,0.9082409599999998,0.568864
cached,32,12.0,4,cacheCheckCpu,1800,0.002038222222222222,0.0019,0.0023,0.0028,0.0019
cached,32,12.0,4,gridBuildCpu,1800,3.094444444444445e-05,0.0,0.0001,0.0001,0.0
cached,32,12.0,4,gridUploadCpu,1800,3.1666666666666666e-05,0.0,0.0001,0.0001,0.0
cached,32,12.0,4,gridBoundsCpu,0,0.0,0.0,0.0,0.0,0.0
cached,32,12.0,4,gridCountCpu,0,0.0,0.0,0.0,0.0,0.0
cached,32,12.0,4,gridPrefixCpu,0,0.0,0.0,0.0,0.0,0.0
cached,32,12.0,4,gridFillCpu,0,0.0,0.0,0.0,0.0,0.0
cached,32,12.0,8,wallFrame,1800,2.4385481666666666,2.38415,2.932945,3.162088,2.3712
cached,32,12.0,8,cpuFrame,1800,2.430452388888889,2.37665,2.92555,3.154604,2.3623
cached,32,12.0,8,gpuFrame,1800,1.282356391111111,1.2376,1.4680176,1.70969632,1.2376
cached,32,12.0,8,gridLightingCpu,1800,0.0037562222222222224,0.0035,0.0047,0.0071,0.0035
cached,32,12.0,8,gridLightingGpu,1800,0.5851831111111111,0.567584,0.7187663999999999,0.96112,0.567328
cached,32,12.0,8,cacheCheckCpu,1800,0.0020136666666666666,0.0019,0.0023,0.003,0.0019
cached,32,12.0,8,gridBuildCpu,1800,3.116666666666667e-05,0.0,0.0001,0.0001,0.0
cached,32,12.0,8,gridUploadCpu,1800,3.061111111111111e-05,0.0,0.0001,0.0001,0.0
cached,32,12.0,8,gridBoundsCpu,0,0.0,0.0,0.0,0.0,0.0
cached,32,12.0,8,gridCountCpu,0,0.0,0.0,0.0,0.0,0.0
cached,32,12.0,8,gridPrefixCpu,0,0.0,0.0,0.0,0.0,0.0
cached,32,12.0,8,gridFillCpu,0,0.0,0.0,0.0,0.0,0.0
cached,32,12.0,16,wallFrame,1800,2.4695708333333335,2.4106,2.9795,3.227369,2.37615
cached,32,12.0,16,cpuFrame,1800,2.461612777777778,2.4029999999999996,2.9717599999999997,3.220276,2.3681
cached,32,12.0,16,gpuFrame,1800,1.2802225422222222,1.236464,1.4708687999999999,1.64360416,1.236384
cached,32,12.0,16,gridLightingCpu,1800,0.003869833333333333,0.0037,0.0053,0.007,0.0035
cached,32,12.0,16,gridLightingGpu,1800,0.5818195733333333,0.565952,0.7164272,0.93694528,0.565984
cached,32,12.0,16,cacheCheckCpu,1800,0.0020537777777777776,0.0019,0.0024,0.0032,0.0019
cached,32,12.0,16,gridBuildCpu,1800,3.1333333333333334e-05,0.0,0.0001,0.0001,0.0
cached,32,12.0,16,gridUploadCpu,1800,3.355555555555556e-05,0.0,0.0001,0.0001,0.0
cached,32,12.0,16,gridBoundsCpu,0,0.0,0.0,0.0,0.0,0.0
cached,32,12.0,16,gridCountCpu,0,0.0,0.0,0.0,0.0,0.0
cached,32,12.0,16,gridPrefixCpu,0,0.0,0.0,0.0,0.0,0.0
cached,32,12.0,16,gridFillCpu,0,0.0,0.0,0.0,0.0,0.0
cached,64,1.5,1,wallFrame,1800,1.9156525555555557,1.87955,2.298215,2.4712140000000002,1.8657499999999998
cached,64,1.5,1,cpuFrame,1800,1.9077043333333332,1.87255,2.29194,2.4635279999999997,1.8573499999999998
cached,64,1.5,1,gpuFrame,1800,0.80532384,0.780256,0.9581471999999999,1.1226288,0.780816
cached,64,1.5,1,gridLightingCpu,1800,0.0034941666666666667,0.0033,0.0045,0.0053019999999999986,0.0033
cached,64,1.5,1,gridLightingGpu,1800,0.10752496,0.105568,0.10752,0.24762048,0.105504
cached,64,1.5,1,cacheCheckCpu,1800,0.0038019444444444446,0.0036,0.0042,0.0051,0.0036
cached,64,1.5,1,gridBuildCpu,1800,3.0833333333333335e-05,0.0,0.0001,0.0001,0.0
cached,64,1.5,1,gridUploadCpu,1800,3.077777777777778e-05,0.0,0.0001,0.0001,0.0
cached,64,1.5,1,gridBoundsCpu,0,0.0,0.0,0.0,0.0,0.0
cached,64,1.5,1,gridCountCpu,0,0.0,0.0,0.0,0.0,0.0
cached,64,1.5,1,gridPrefixCpu,0,0.0,0.0,0.0,0.0,0.0
cached,64,1.5,1,gridFillCpu,0,0.0,0.0,0.0,0.0,0.0
cached,64,1.5,2,wallFrame,1800,1.8841157222222222,1.8471,2.246885,2.5010489999999996,1.8424
cached,64,1.5,2,cpuFrame,1800,1.8761958888888888,1.8394,2.23906,2.4945559999999998,1.8345
cached,64,1.5,2,gpuFrame,1800,0.7954954666666667,0.773328,0.9397312,1.1105049599999999,0.774288
cached,64,1.5,2,gridLightingCpu,1800,0.003629722222222222,0.0033,0.0045,0.005300999999999999,0.0033
cached,64,1.5,2,gridLightingGpu,1800,0.09991292444444443,0.097728,0.09968160000000001,0.23891359999999998,0.097664
cached,64,1.5,2,cacheCheckCpu,1800,0.0037432777777777777,0.0036,0.0042,0.004800999999999999,0.0036
cached,64,1.5,2,gridBuildCpu,1800,3.1277777777777776e-05,0.0,0.0001,0.0001,0.0
cached,64,1.5,2,gridUploadCpu,1800,3.144444444444445e-05,0.0,0.0001,0.0001,0.0
cached,64,1.5,2,gridBoundsCpu,0,0.0,0.0,0.0,0.0,0.0
cached,64,1.5,2,gridCountCpu,0,0.0,0.0,0.0,0.0,0.0
cached,64,1.5,2,gridPrefixCpu,0,0.0,0.0,0.0,0.0,0.0
cached,64,1.5,2,gridFillCpu,0,0.0,0.0,0.0,0.0,0.0
cached,64,1.5,4,wallFrame,1800,1.9027417777777778,1.8728,2.27245,2.467801,1.8826
cached,64,1.5,4,cpuFrame,1800,1.8948681666666665,1.86505,2.26636,2.457322,1.8747
cached,64,1.5,4,gpuFrame,1800,0.7985929777777778,0.77344,0.9539792,1.10732576,0.774112
cached,64,1.5,4,gridLightingCpu,1800,0.0035825000000000006,0.0034,0.0046,0.005800999999999999,0.0034
cached,64,1.5,4,gridLightingGpu,1800,0.10003696000000001,0.097792,0.100096,0.24201856,0.097792
cached,64,1.5,4,cacheCheckCpu,1800,0.003749,0.0036,0.0042,0.004900999999999999,0.0036
cached,64,1.5,4,gridBuildCpu,1800,3.1e-05,0.0,0.0001,0.0001,0.0
cached,64,1.5,4,gridUploadCpu,1800,2.9055555555555554e-05,0.0,0.0001,0.0001,0.0
cached,64,1.5,4,gridBoundsCpu,0,0.0,0.0,0.0,0.0,0.0
cached,64,1.5,4,gridCountCpu,0,0.0,0.0,0.0,0.0,0.0
cached,64,1.5,4,gridPrefixCpu,0,0.0,0.0,0.0,0.0,0.0
cached,64,1.5,4,gridFillCpu,0,0.0,0.0,0.0,0.0,0.0
cached,64,1.5,8,wallFrame,1800,1.8920933333333334,1.8568,2.2599199999999997,2.495681,1.838
cached,64,1.5,8,cpuFrame,1800,1.8840774444444444,1.8489,2.2515949999999996,2.4897679999999998,1.8296999999999999
cached,64,1.5,8,gpuFrame,1800,0.793986328888889,0.770624,0.9419551999999999,1.1154988799999999,0.77104
cached,64,1.5,8,gridLightingCpu,1800,0.003733777777777778,0.0034,0.0047,0.006900999999999999,0.0035
cached,64,1.5,8,gridLightingGpu,1800,0.0972952,0.094624,0.096832,0.23939264,0.094656
cached,64,1.5,8,cacheCheckCpu,1800,0.0037633888888888895,0.0036,0.0042,0.005000999999999999,0.0036
cached,64,1.5,8,gridBuildCpu,1800,3.222222222222222e-05,0.0,0.0001,0.0001,0.0
cached,64,1.5,8,gridUploadCpu,1800,3.261111111111111e-05,0.0,0.0001,0.0001,0.0
cached,64,1.5,8,gridBoundsCpu,0,0.0,0.0,0.0,0.0,0.0
cached,64,1.5,8,gridCountCpu,0,0.0,0.0,0.0,0.0,0.0
cached,64,1.5,8,gridPrefixCpu,0,0.0,0.0,0.0,0.0,0.0
cached,64,1.5,8,gridFillCpu,0,0.0,0.0,0.0,0.0,0.0
cached,64,1.5,16,wallFrame,1800,1.8961993333333333,1.8674499999999998,2.233105,2.432451,1.8473
cached,64,1.5,16,cpuFrame,1800,1.8883241666666666,1.8597000000000001,2.2238149999999997,2.440619,1.8394
cached,64,1.5,16,gpuFrame,1800,0.7942099555555555,0.76856,0.947376,1.13092512,0.769184
cached,64,1.5,16,gridLightingCpu,1800,0.003641444444444445,0.0035,0.0048,0.006300999999999999,0.0034
cached,64,1.5,16,gridLightingGpu,1800,0.09502696888888888,0.092768,0.09504,0.23447616,0.0928
cached,64,1.5,16,cacheCheckCpu,1800,0.0037728333333333333,0.0036,0.0043,0.004900999999999999,0.0036
cached,64,1.5,16,gridBuildCpu,1800,3.3444444444444443e-05,0.0,0.0001,0.0001,0.0
cached,64,1.5,16,gridUploadCpu,1800,3.233333333333334e-05,0.0,0.0001,0.0001,0.0
cached,64,1.5,16,gridBoundsCpu,0,0.0,0.0,0.0,0.0,0.0
cached,64,1.5,16,gridCountCpu,0,0.0,0.0,0.0,0.0,0.0
cached,64,1.5,16,gridPrefixCpu,0,0.0,0.0,0.0,0.0,0.0
cached,64,1.5,16,gridFillCpu,0,0.0,0.0,0.0,0.0,0.0
cached,64,3.0,1,wallFrame,1800,2.057612333333333,2.0239,2.4171,2.713205,2.02395
cached,64,3.0,1,cpuFrame,1800,2.0495465,2.016,2.40951,2.7073110000000002,2.0159000000000002
cached,64,3.0,1,gpuFrame,1800,0.94894928,0.920128,1.1059103999999997,1.28914624,0.920576
cached,64,3.0,1,gridLightingCpu,1800,0.003547611111111111,0.0033,0.0045,0.005500999999999999,0.0034
cached,64,3.0,1,gridLightingGpu,1800,0.2573109688888889,0.250528,0.2532816,0.45084031999999996,0.250784
cached,64,3.0,1,cacheCheckCpu,1800,0.0037946666666666667,0.0036,0.0042,0.005,0.0036
cached,64,3.0,1,gridBuildCpu,1800,3.227777777777778e-05,0.0,0.0001,0.0001,0.0
cached,64,3.0,1,gridUploadCpu,1800,3.0222222222222225e-05,0.0,0.0001,0.0001,0.0
cached,64,3.0,1,gridBoundsCpu,0,0.0,0.0,0.0,0.0,0.0
cached,64,3.0,1,gridCountCpu,0,0.0,0.0,0.0,0.0,0.0
cached,64,3.0,1,gridPrefixCpu,0,0.0,0.0,0.0,0.0,0.0
cached,64,3.0,1,gridFillCpu,0,0.0,0.0,0.0,0.0,0.0
cached,64,3.0,2,wallFrame,1800,2.0327195000000002,2.00605,2.3835200000000003,2.5763619999999996,2.0128500000000003
cached,64,3.0,2,cpuFrame,1800,2.024755111111111,1.99875,2.376,2.572539,2.00555
cached,64,3.0,2,gpuFrame,1800,0.9224622933333333,0.897344,1.0815408,1.24443584,0.897648
cached,64,3.0,2,gridLightingCpu,1800,0.0036898333333333336,0.0035,0.0047,0.0059,0.0035
cached,64,3.0,2,gridLightingGpu,1800,0.23203100444444444,0.227168,0.229568,0.40554272,0.227408
cached,64,3.0,2,cacheCheckCpu,1800,0.0037478333333333335,0.0036,0.0042,0.0051,0.0036
cached,64,3.0,2,gridBuildCpu,1800,3.2444444444444446e-05,0.0,0.0001,0.0001,0.0
cached,64,3.0,2,gridUploadCpu,1800,3.238888888888889e-05,0.0,0.0001,0.0001,0.0
cached,64,3.0,2,gridBoundsCpu,0,0.0,0.0,0.0,0.0,0.0
cached,64,3.0,2,gridCountCpu,0,0.0,0.0,0.0,0.0,0.0
cached,64,3.0,2,gridPrefixCpu,0,0.0,0.0,0.0,0.0,0.0
cached,64,3.0,2,gridFillCpu,0,0.0,0.0,0.0,0.0,0.0
cached,64,3.0,4,wallFrame,1800,2.0322245,2.0007,2.392835,2.6135450000000002,2.0002
cached,64,3.0,4,cpuFrame,1800,2.024366333333333,1.99295,2.3867399999999996,2.607944,1.99095
cached,64,3.0,4,gpuFrame,1800,0.9217453155555556,0.89656,1.0802688,1.2297395199999999,0.8968
cached,64,3.0,4,gridLightingCpu,1800,0.0036111666666666666,0.0034,0.0046,0.0057,0.0034
cached,64,3.0,4,gridLightingGpu,1800,0.23166821333333334,0.226048,0.2285456,0.42429664,0.226176
cached,64,3.0,4,cacheCheckCpu,1800,0.0037437777777777773,0.0036,0.0042,0.0049,0.0036
cached,64,3.0,4,gridBuildCpu,1800,3.261111111111112e-05,0.0,0.0001,0.0001,0.0
cached,64,3.0,4,gridUploadCpu,1800,3.277777777777778e-05,0.0,0.0001,0.0001,0.0
cached,64,3.0,4,gridBoundsCpu,0,0.0,0.0,0.0,0.0,0.0
cached,64,3.0,4,gridCountCpu,0,0.0,0.0,0.0,0.0,0.0
cached,64,3.0,4,gridPrefixCpu,0,0.0,0.0,0.0,0.0,0.0
cached,64,3.0,4,gridFillCpu,0,0.0,0.0,0.0,0.0,0.0
cached,64,3.0,8,wallFrame,1800,2.011690222222222,1.97695,2.3897399999999998,2.580091,1.9759
cached,64,3.0,8,cpuFrame,1800,2.003884333333333,1.96955,2.382935,2.578033,1.96835
cached,64,3.0,8,gpuFrame,1800,0.9018471466666668,0.87624,1.0617136,1.2260006399999999,0.876096
cached,64,3.0,8,gridLightingCpu,1800,0.0035998333333333334,0.0034,0.0048,0.006201999999999998,0.0033
cached,64,3.0,8,gridLightingGpu,1800,0.20984389333333334,0.204192,0.2063696,0.405056,0.204224
cached,64,3.0,8,cacheCheckCpu,1800,0.003833833333333334,0.0036,0.0043,0.0052,0.0036
cached,64,3.0,8,gridBuildCpu,1800,3.261111111111111e-05,0.0,0.0001,0.0001,0.0
cached,64,3.0,8,gridUploadCpu,1800,3.15e-05,0.0,0.0001,0.0001,0.0
cached,64,3.0,8,gridBoundsCpu,0,0.0,0.0,0.0,0.0,0.0
cached,64,3.0,8,gridCountCpu,0,0.0,0.0,0.0,0.0,0.0
cached,64,3.0,8,gridPrefixCpu,0,0.0,0.0,0.0,0.0,0.0
cached,64,3.0,8,gridFillCpu,0,0.0,0.0,0.0,0.0,0.0
cached,64,3.0,16,wallFrame,1800,2.0106853333333334,1.9775,2.373715,2.607009,1.9505
cached,64,3.0,16,cpuFrame,1800,2.002666388888889,1.9701,2.366415,2.600006,1.9429
cached,64,3.0,16,gpuFrame,1800,0.8965404266666667,0.86976,1.0529184,1.214392,0.870208
cached,64,3.0,16,gridLightingCpu,1800,0.0037028888888888892,0.0034,0.0048,0.006301999999999999,0.0033
cached,64,3.0,16,gridLightingGpu,1800,0.20227018666666666,0.196672,0.198464,0.39659935999999996,0.196896
cached,64,3.0,16,cacheCheckCpu,1800,0.0038067222222222226,0.0036,0.0042,0.0053,0.0036
cached,64,3.0,16,gridBuildCpu,1800,3.4e-05,0.0,0.0001,0.0001,0.0
cached,64,3.0,16,gridUploadCpu,1800,3.233333333333333e-05,0.0,0.0001,0.0001,0.0
cached,64,3.0,16,gridBoundsCpu,0,0.0,0.0,0.0,0.0,0.0
cached,64,3.0,16,gridCountCpu,0,0.0,0.0,0.0,0.0,0.0
cached,64,3.0,16,gridPrefixCpu,0,0.0,0.0,0.0,0.0,0.0
cached,64,3.0,16,gridFillCpu,0,0.0,0.0,0.0,0.0,0.0
cached,64,6.0,1,wallFrame,1800,2.6239063333333332,2.5875,3.14102,3.356052,2.6024000000000003
cached,64,6.0,1,cpuFrame,1800,2.615741944444445,2.5795,3.1344,3.348258,2.5927
cached,64,6.0,1,gpuFrame,1800,1.4016334044444445,1.36336,1.6137632,1.82524416,1.364416
cached,64,6.0,1,gridLightingCpu,1800,0.0036518888888888885,0.0035,0.0046,0.006000999999999999,0.0034
cached,64,6.0,1,gridLightingGpu,1800,0.7003361777777779,0.6864,0.8406783999999999,1.06694368,0.687008
cached,64,6.0,1,cacheCheckCpu,1800,0.0037421111111111114,0.0036,0.0042,0.0049,0.0036
cached,64,6.0,1,gridBuildCpu,1800,4.066666666666667e-05,0.0,0.0001,0.0001,0.0
cached,64,6.0,1,gridUploadCpu,1800,2.966666666666667e-05,0.0,0.0001,0.0001,0.0
cached,64,6.0,1,gridBoundsCpu,0,0.0,0.0,0.0,0.0,0.0
cached,64,6.0,1,gridCountCpu,0,0.0,0.0,0.0,0.0,0.0
cached,64,6.0,1,gridPrefixCpu,0,0.0,0.0,0.0,0.0,0.0
cached,64,6.0,1,gridFillCpu,0,0.0,0.0,0.0,0.0,0.0
cached,64,6.0,2,wallFrame,1800,2.5634533333333334,2.50095,3.076495,3.309523,2.50155
cached,64,6.0,2,cpuFrame,1800,2.5556623888888894,2.4931,3.06961,3.3005459999999998,2.4938000000000002
cached,64,6.0,2,gpuFrame,1800,1.3719050311111112,1.32568,1.5583392,1.80310528,1.327488
cached,64,6.0,2,gridLightingCpu,1800,0.003688166666666667,0.0035,0.0047,0.0054009999999999996,0.0035
cached,64,6.0,2,gridLightingGpu,1800,0.6665290488888889,0.649184,0.8147696,1.02024928,0.649184
cached,64,6.0,2,cacheCheckCpu,1800,0.0037322222222222223,0.0036,0.0042,0.004900999999999999,0.0036
cached,64,6.0,2,gridBuildCpu,1800,3.377777777777778e-05,0.0,0.0001,0.0001,0.0
cached,64,6.0,2,gridUploadCpu,1800,3.166666666666667e-05,0.0,0.0001,0.0001,0.0
cached,64,6.0,2,gridBoundsCpu,0,0.0,0.0,0.0,0.0,0.0
cached,64,6.0,2,gridCountCpu,0,0.0,0.0,0.0,0.0,0.0
cached,64,6.0,2,gridPrefixCpu,0,0.0,0.0,0.0,0.0,0.0
cached,64,6.0,2,gridFillCpu,0,0.0,0.0,0.0,0.0,0.0
cached,64,6.0,4,wallFrame,1800,2.5704905000000005,2.50805,3.09305,3.3413049999999997,2.4987
cached,64,6.0,4,cpuFrame,1800,2.562626555555555,2.4989,3.085245,3.3347130000000003,2.48965
cached,64,6.0,4,gpuFrame,1800,1.3723272177777779,1.325472,1.5743775999999998,1.80844224,1.320512
cached,64,6.0,4,gridLightingCpu,1800,0.0036843333333333333,0.0035,0.0046,0.006300999999999999,0.0035
cached,64,6.0,4,gridLightingGpu,1800,0.6656619733333333,0.648224,0.8021296,0.9908643199999999,0.647792
cached,64,6.0,4,cacheCheckCpu,1800,0.003771777777777778,0.0036,0.0043,0.005,0.0036
cached,64,6.0,4,gridBuildCpu,1800,3.238888888888889e-05,0.0,0.0001,0.0001,0.0
cached,64,6.0,4,gridUploadCpu,1800,3.111111111111111e-05,0.0,0.0001,0.0001,0.0
cached,64,6.0,4,gridBoundsCpu,0,0.0,0.0,0.0,0.0,0.0
cached,64,6.0,4,gridCountCpu,0,0.0,0.0,0.0,0.0,0.0
cached,64,6.0,4,gridPrefixCpu,0,0.0,0.0,0.0,0.0,0.0
cached,64,6.0,4,gridFillCpu,0,0.0,0.0,0.0,0.0,0.0
cached,64,6.0,8,wallFrame,1800,2.5394113333333332,2.4752,3.04284,3.290798,2.4452
cached,64,6.0,8,cpuFrame,1800,2.531512166666667,2.4673,3.036515,3.2843039999999997,2.4372499999999997
cached,64,6.0,8,gpuFrame,1800,1.3560552,1.311008,1.55376,1.7353260799999999,1.310752
cached,64,6.0,8,gridLightingCpu,1800,0.0038487777777777774,0.0036,0.005,0.007,0.0034
cached,64,6.0,8,gridLightingGpu,1800,0.6543342933333333,0.637856,0.7932064,1.04160128,0.63744
cached,64,6.0,8,cacheCheckCpu,1800,0.0038004444444444444,0.0036,0.0042,0.0052,0.0036
cached,64,6.0,8,gridBuildCpu,1800,3.472222222222222e-05,0.0,0.0001,0.0001,0.0
cached,64,6.0,8,gridUploadCpu,1800,3.0111111111111113e-05,0.0,0.0001,0.0001,0.0
cached,64,6.0,8,gridBoundsCpu,0,0.0,0.0,0.0,0.0,0.0
cached,64,6.0,8,gridCountCpu,0,0.0,0.0,0.0,0.0,0.0
cached,64,6.0,8,gridPrefixCpu,0,0.0,0.0,0.0,0.0,0.0
cached,64,6.0,8,gridFillCpu,0,0.0,0.0,0.0,0.0,0.0
cached,64,6.0,16,wallFrame,1800,2.538311166666667,2.46805,3.0559299999999996,3.26722,2.4843
cached,64,6.0,16,cpuFrame,1800,2.530251222222222,2.45975,3.048685,3.2616169999999998,2.47635
cached,64,6.0,16,gpuFrame,1800,1.3509242666666668,1.305408,1.5404271999999999,1.78138208,1.30544
cached,64,6.0,16,gridLightingCpu,1800,0.0036141666666666666,0.0035,0.0046,0.0054,0.0034
cached,64,6.0,16,gridLightingGpu,1800,0.6493297244444445,0.631584,0.7935312,1.0341145600000001,0.631616
cached,64,6.0,16,cacheCheckCpu,1800,0.0037465000000000003,0.0036,0.0042,0.005000999999999999,0.0036
cached,64,6.0,16,gridBuildCpu,1800,3.772222222222222e-05,0.0,0.0001,0.0001,0.0
cached,64,6.0,16,gridUploadCpu,1800,3.1333333333333334e-05,0.0,0.0001,0.0001,0.0
cached,64,6.0,16,gridBoundsCpu,0,0.0,0.0,0.0,0.0,0.0
cached,64,6.0,16,gridCountCpu,0,0.0,0.0,0.0,0.0,0.0
cached,64,6.0,16,gridPrefixCpu,0,0.0,0.0,0.0,0.0,0.0
cached,64,6.0,16,gridFillCpu,0,0.0,0.0,0.0,0.0,0.0
cached,64,8.0,1,wallFrame,1800,2.8691167222222216,2.8595,3.3237099999999997,3.558706,2.8686499999999997
cached,64,8.0,1,cpuFrame,1800,2.860978055555556,2.8519,3.31603,3.550532,2.8597
cached,64,8.0,1,gpuFrame,1800,1.575443288888889,1.5376,1.7680016,1.9970502399999999,1.5384
cached,64,8.0,1,gridLightingCpu,1800,0.0036229444444444447,0.0035,0.0044,0.005101,0.0035
cached,64,8.0,1,gridLightingGpu,1800,0.8795586844444445,0.860096,1.0322224,1.28912544,0.860512
cached,64,8.0,1,cacheCheckCpu,1800,0.0037721111111111115,0.0036,0.0042,0.0046,0.0036
cached,64,8.0,1,gridBuildCpu,1800,3.166666666666667e-05,0.0,0.0001,0.0001,0.0
cached,64,8.0,1,gridUploadCpu,1800,3.0388888888888887e-05,0.0,0.0001,0.0001,0.0
cached,64,8.0,1,gridBoundsCpu,0,0.0,0.0,0.0,0.0,0.0
cached,64,8.0,1,gridCountCpu,0,0.0,0.0,0.0,0.0,0.0
cached,64,8.0,1,gridPrefixCpu,0,0.0,0.0,0.0,0.0,0.0
cached,64,8.0,1,gridFillCpu,0,0.0,0.0,0.0,0.0,0.0
cached,64,8.0,2,wallFrame,1800,2.861148722222222,2.85015,3.304035,3.531005,2.84795
cached,64,8.0,2,cpuFrame,1800,2.853180777777778,2.84165,3.295905,3.5239059999999998,2.84145
cached,64,8.0,2,gpuFrame,1800,1.5517174755555556,1.511872,1.749664,2.00941024,1.51232
cached,64,8.0,2,gridLightingCpu,1800,0.003731277777777778,0.0036,0.0046,0.005901999999999998,0.0036
cached,64,8.0,2,gridLightingGpu,1800,0.8539800888888889,0.834352,1.0030000000000001,1.27321632,0.834624
cached,64,8.0,2,cacheCheckCpu,1800,0.0038077777777777775,0.0036,0.0043,0.005101,0.0036
cached,64,8.0,2,gridBuildCpu,1800,3.144444444444445e-05,0.0,0.0001,0.0001,0.0
cached,64,8.0,2,gridUploadCpu,1800,2.9722222222222226e-05,0.0,0.0001,0.0001,0.0
cached,64,8.0,2,gridBoundsCpu,0,0.0,0.0,0.0,0.0,0.0
cached,64,8.0,2,gridCountCpu,0,0.0,0.0,0.0,0.0,0.0
cached,64,8.0,2,gridPrefixCpu,0,0.0,0.0,0.0,0.0,0.0
cached,64,8.0,2,gridFillCpu,0,0.0,0.0,0.0,0.0,0.0
cached,64,8.0,4,wallFrame,1800,2.8379442777777775,2.8375,3.2766100000000002,3.45606,2.84375
cached,64,8.0,4,cpuFrame,1800,2.829620277777778,2.8293999999999997,3.2693299999999996,3.449054,2.8339
cached,64,8.0,4,gpuFrame,1800,1.5484721244444446,1.512,1.7395216,2.0028940800000004,1.512432
cached,64,8.0,4,gridLightingCpu,1800,0.003667888888888889,0.0036,0.0046,0.0055,0.0035
cached,64,8.0,4,gridLightingGpu,1800,0.8531963911111112,0.834496,1.0007392000000002,1.3167977599999998,0.834816
cached,64,8.0,4,cacheCheckCpu,1800,0.0037254999999999996,0.0036,0.0042,0.0049,0.0036
cached,64,8.0,4,gridBuildCpu,1800,3.194444444444445e-05,0.0,0.0001,0.0001,0.0
cached,64,8.0,4,gridUploadCpu,1800,3.116666666666667e-05,0.0,0.0001,0.0001,0.0
cached,64,8.0,4,gridBoundsCpu,0,0.0,0.0,0.0,0.0,0.0
cached,64,8.0,4,gridCountCpu,0,0.0,0.0,0.0,0.0,0.0
cached,64,8.0,4,gridPrefixCpu,0,0.0,0.0,0.0,0.0,0.0
cached,64,8.0,4,gridFillCpu,0,0.0,0.0,0.0,0.0,0.0
cached,64,8.0,8,wallFrame,1800,2.881987222222222,2.88455,3.3424,3.5668740000000003,2.8427
cached,64,8.0,8,cpuFrame,1800,2.873959611111111,2.8764,3.3350049999999998,3.5597649999999996,2.8362
cached,64,8.0,8,gpuFrame,1800,1.5342756977777778,1.499536,1.713424,2.04871136,1.4971999999999999
cached,64,8.0,8,gridLightingCpu,1800,0.0038440555555555554,0.0037,0.005,0.0062,0.0038
cached,64,8.0,8,gridLightingGpu,1800,0.84000048,0.823328,0.9780751999999999,1.320992,0.820576
cached,64,8.0,8,cacheCheckCpu,1800,0.0037934444444444443,0.0036,0.0044,0.0052,0.0036
cached,64,8.0,8,gridBuildCpu,1800,3.2444444444444446e-05,0.0,0.0001,0.0001,0.0
cached,64,8.0,8,gridUploadCpu,1800,3.2777777777777785e-05,0.0,0.0001,0.0001,0.0
cached,64,8.0,8,gridBoundsCpu,0,0.0,0.0,0.0,0.0,0.0
cached,64,8.0,8,gridCountCpu,0,0.0,0.0,0.0,0.0,0.0
cached,64,8.0,8,gridPrefixCpu,0,0.0,0.0,0.0,0.0,0.0
cached,64,8.0,8,gridFillCpu,0,0.0,0.0,0.0,0.0,0.0
cached,64,8.0,16,wallFrame,1800,2.819123111111111,2.80985,3.25454,3.542969,2.80845
cached,64,8.0,16,cpuFrame,1800,2.8110733333333338,2.8026999999999997,3.247905,3.5363520000000004,2.8004
cached,64,8.0,16,gpuFrame,1800,1.533483111111111,1.49184,1.7571855999999997,2.05732224,1.492608
cached,64,8.0,16,gridLightingCpu,1800,0.0036155555555555554,0.0035,0.0044,0.005801999999999998,0.0034
cached,64,8.0,16,gridLightingGpu,1800,0.8357044444444445,0.814272,0.9872671999999999,1.30220896,0.814912
cached,64,8.0,16,cacheCheckCpu,1800,0.0038686666666666665,0.0036,0.0043,0.0056,0.0036
cached,64,8.0,16,gridBuildCpu,1800,3.111111111111112e-05,0.0,0.0001,0.0001,0.0
cached,64,8.0,16,gridUploadCpu,1800,2.9222222222222227e-05,0.0,0.0001,0.0001,0.0
cached,64,8.0,16,gridBoundsCpu,0,0.0,0.0,0.0,0.0,0.0
cached,64,8.0,16,gridCountCpu,0,0.0,0.0,0.0,0.0,0.0
cached,64,8.0,16,gridPrefixCpu,0,0.0,0.0,0.0,0.0,0.0
cached,64,8.0,16,gridFillCpu,0,0.0,0.0,0.0,0.0,0.0
cached,64,12.0,1,wallFrame,1800,3.1541343888888886,3.1381,3.65442,3.9062509999999997,3.1620999999999997
cached,64,12.0,1,cpuFrame,1800,3.1461993888888893,3.1289,3.6473649999999997,3.898172,3.1548
cached,64,12.0,1,gpuFrame,1800,1.83987584,1.77408,2.2735984,2.5739273600000003,1.774448
cached,64,12.0,1,gridLightingCpu,1800,0.0038156666666666664,0.0037,0.0047,0.006101999999999999,0.0036
cached,64,12.0,1,gridLightingGpu,1800,1.1140315555555556,1.096032,1.252448,1.5584483199999999,1.09648
cached,64,12.0,1,cacheCheckCpu,1800,0.003763111111111111,0.0036,0.0042,0.0047,0.0036
cached,64,12.0,1,gridBuildCpu,1800,3.1e-05,0.0,0.0001,0.0001,0.0
cached,64,12.0,1,gridUploadCpu,1800,2.977777777777778e-05,0.0,0.0001,0.0001,0.0
cached,64,12.0,1,gridBoundsCpu,0,0.0,0.0,0.0,0.0,0.0
cached,64,12.0,1,gridCountCpu,0,0.0,0.0,0.0,0.0,0.0
cached,64,12.0,1,gridPrefixCpu,0,0.0,0.0,0.0,0.0,0.0
cached,64,12.0,1,gridFillCpu,0,0.0,0.0,0.0,0.0,0.0
cached,64,12.0,2,wallFrame,1800,3.154210722222222,3.1342499999999998,3.6224149999999997,3.936584,3.1289
cached,64,12.0,2,cpuFrame,1800,3.1461887777777777,3.1270499999999997,3.61491,3.9283049999999995,3.12055
cached,64,12.0,2,gpuFrame,1800,1.8215086577777775,1.76104,2.2249215999999996,2.53750144,1.760912
cached,64,12.0,2,gridLightingCpu,1800,0.003983166666666666,0.0036,0.0049,0.007000999999999999,0.0037
cached,64,12.0,2,gridLightingGpu,1800,1.0996402844444444,1.082944,1.238152,1.5085199999999999,1.082992
cached,64,12.0,2,cacheCheckCpu,1800,0.0039204999999999995,0.0036,0.0042,0.0051,0.0036
cached,64,12.0,2,gridBuildCpu,1800,4.2777777777777785e-05,0.0,0.0001,0.0001,0.0
cached,64,12.0,2,gridUploadCpu,1800,3.1222222222222225e-05,0.0,0.0001,0.0001,0.0
cached,64,12.0,2,gridBoundsCpu,0,0.0,0.0,0.0,0.0,0.0
cached,64,12.0,2,gridCountCpu,0,0.0,0.0,0.0,0.0,0.0
cached,64,12.0,2,gridPrefixCpu,0,0.0,0.0,0.0,0.0,0.0
cached,64,12.0,2,gridFillCpu,0,0.0,0.0,0.0,0.0,0.0
cached,64,12.0,4,wallFrame,1800,3.115983833333333,3.10145,3.5627049999999993,3.781522,3.10715
cached,64,12.0,4,cpuFrame,1800,3.108206611111111,3.09375,3.555835,3.7744240000000002,3.0994
cached,64,12.0,4,gpuFrame,1800,1.8215448533333334,1.760736,2.2027152,2.4777276799999997,1.761056
cached,64,12.0,4,gridLightingCpu,1800,0.0037956111111111116,0.0036,0.0046,0.005600999999999999,0.0036
cached,64,12.0,4,gridLightingGpu,1800,1.102628,1.083104,1.2530816,1.51639456,1.083296
cached,64,12.0,4,cacheCheckCpu,1800,0.003848388888888889,0.0036,0.0042,0.0051,0.0036
cached,64,12.0,4,gridBuildCpu,1800,3.1e-05,0.0,0.0001,0.0001,0.0
cached,64,12.0,4,gridUploadCpu,1800,3.0555555555555554e-05,0.0,0.0001,0.0001,0.0
cached,64,12.0,4,gridBoundsCpu,0,0.0,0.0,0.0,0.0,0.0
cached,64,12.0,4,gridCountCpu,0,0.0,0.0,0.0,0.0,0.0
cached,64,12.0,4,gridPrefixCpu,0,0.0,0.0,0.0,0.0,0.0
cached,64,12.0,4,gridFillCpu,0,0.0,0.0,0.0,0.0,0.0
cached,64,12.0,8,wallFrame,1800,3.116837777777777,3.09525,3.58292,3.8452189999999997,3.10595
cached,64,12.0,8,cpuFrame,1800,3.1089226111111112,3.08785,3.5761649999999996,3.8386159999999996,3.0986000000000002
cached,64,12.0,8,gpuFrame,1800,1.8202538133333332,1.758752,2.2375871999999997,2.49349568,1.758944
cached,64,12.0,8,gridLightingCpu,1800,0.003793222222222222,0.0036,0.0048,0.0058,0.0035
cached,64,12.0,8,gridLightingGpu,1800,1.100108071111111,1.081312,1.2475167999999999,1.5151891199999998,1.081504
cached,64,12.0,8,cacheCheckCpu,1800,0.0037535555555555556,0.0036,0.0042,0.0049,0.0036
cached,64,12.0,8,gridBuildCpu,1800,3.0722222222222227e-05,0.0,0.0001,0.0001,0.0
cached,64,12.0,8,gridUploadCpu,1800,3.066666666666667e-05,0.0,0.0001,0.0001,0.0
cached,64,12.0,8,gridBoundsCpu,0,0.0,0.0,0.0,0.0,0.0
cached,64,12.0,8,gridCountCpu,0,0.0,0.0,0.0,0.0,0.0
cached,64,12.0,8,gridPrefixCpu,0,0.0,0.0,0.0,0.0,0.0
cached,64,12.0,8,gridFillCpu,0,0.0,0.0,0.0,0.0,0.0
cached,64,12.0,16,wallFrame,1800,3.0966885555555552,3.07545,3.5546049999999996,3.807146,3.0542499999999997
cached,64,12.0,16,cpuFrame,1800,3.0886967777777774,3.06645,3.5475699999999994,3.79922,3.0459
cached,64,12.0,16,gpuFrame,1800,1.8063241244444446,1.755376,2.158048,2.45145696,1.755408
cached,64,12.0,16,gridLightingCpu,1800,0.003667611111111111,0.0035,0.0044,0.0054,0.0035
cached,64,12.0,16,gridLightingGpu,1800,1.0926352888888888,1.078144,1.2256623999999998,1.49238976,1.077888
cached,64,12.0,16,cacheCheckCpu,1800,0.0038087222222222225,0.0036,0.0042,0.0049,0.0036
cached,64,12.0,16,gridBuildCpu,1800,3.311111111111111e-05,0.0,0.0001,0.0001,0.0
cached,64,12.0,16,gridUploadCpu,1800,3.177777777777778e-05,0.0,0.0001,0.0001,0.0
cached,64,12.0,16,gridBoundsCpu,0,0.0,0.0,0.0,0.0,0.0
cached,64,12.0,16,gridCountCpu,0,0.0,0.0,0.0,0.0,0.0
cached,64,12.0,16,gridPrefixCpu,0,0.0,0.0,0.0,0.0,0.0
cached,64,12.0,16,gridFillCpu,0,0.0,0.0,0.0,0.0,0.0
cached,128,1.5,1,wallFrame,1800,1.9416367777777779,1.91485,2.30647,2.516055,1.9045999999999998
cached,128,1.5,1,cpuFrame,1800,1.9337107777777778,1.9069,2.29966,2.511326,1.89765
cached,128,1.5,1,gpuFrame,1800,0.8393084799999999,0.814048,1.0053071999999998,1.15085952,0.814144
cached,128,1.5,1,gridLightingCpu,1800,0.0035548333333333335,0.0034,0.0045,0.0056,0.0034
cached,128,1.5,1,gridLightingGpu,1800,0.14447408000000003,0.14112,0.142816,0.29254591999999996,0.141056
cached,128,1.5,1,cacheCheckCpu,1800,0.007303000000000001,0.007,0.0083,0.009101,0.007
cached,128,1.5,1,gridBuildCpu,1800,3.2111111111111114e-05,0.0,0.0001,0.0001,0.0
cached,128,1.5,1,gridUploadCpu,1800,3.183333333333333e-05,0.0,0.0001,0.0001,0.0
cached,128,1.5,1,gridBoundsCpu,0,0.0,0.0,0.0,0.0,0.0
cached,128,1.5,1,gridCountCpu,0,0.0,0.0,0.0,0.0,0.0
cached,128,1.5,1,gridPrefixCpu,0,0.0,0.0,0.0,0.0,0.0
cached,128,1.5,1,gridFillCpu,0,0.0,0.0,0.0,0.0,0.0
cached,128,1.5,2,wallFrame,1800,1.9368509999999999,1.90145,2.292405,2.493313,1.90235
cached,128,1.5,2,cpuFrame,1800,1.9291273888888887,1.89415,2.284875,2.4841390000000003,1.8943500000000002
cached,128,1.5,2,gpuFrame,1800,0.8182105244444445,0.794144,0.9741023999999999,1.1315648,0.794464
cached,128,1.5,2,gridLightingCpu,1800,0.0036865555555555553,0.0034,0.0047,0.006101,0.0034
cached,128,1.5,2,gridLightingGpu,1800,0.12203059555555555,0.118976,0.12080160000000001,0.26592224,0.119008
cached,128,1.5,2,cacheCheckCpu,1800,0.007374055555555557,0.007,0.0083,0.009101,0.007
cached,128,1.5,2,gridBuildCpu,1800,3.3222222222222226e-05,0.0,0.0001,0.0001,0.0
cached,128,1.5,2,gridUploadCpu,1800,2.8444444444444447e-05,0.0,0.0001,0.0001,0.0
cached,128,1.5,2,gridBoundsCpu,0,0.0,0.0,0.0,0.0,0.0
cached,128,1.5,2,gridCountCpu,0,0.0,0.0,0.0,0.0,0.0
cached,128,1.5,2,gridPrefixCpu,0,0.0,0.0,0.0,0.0,0.0
cached,128,1.5,2,gridFillCpu,0,0.0,0.0,0.0,0.0,0.0
cached,128,1.5,4,wallFrame,1800,1.9221134444444445,1.8945,2.2575,2.437255,1.8947500000000002
cached,128,1.5,4,cpuFrame,1800,1.9140378888888891,1.8867500000000001,2.251525,2.431429,1.8868
cached,128,1.5,4,gpuFrame,1800,0.8182158933333333,0.792512,0.9720448,1.13360832,0.792672
cached,128,1.5,4,gridLightingCpu,1800,0.0036445555555555554,0.0034,0.0048,0.006,0.0034
cached,128,1.5,4,gridLightingGpu,1800,0.12046963555555557,0.117088,0.119328,0.27610048,0.116896
cached,128,1.5,4,cacheCheckCpu,1800,0.0074124444444444455,0.007,0.0082,0.009200999999999999,0.007
cached,128,1.5,4,gridBuildCpu,1800,3.111111111111111e-05,0.0,0.0001,0.0001,0.0
cached,128,1.5,4,gridUploadCpu,1800,3.227777777777778e-05,0.0,0.0001,0.0001,0.0
cached,128,1.5,4,gridBoundsCpu,0,0.0,0.0,0.0,0.0,0.0
cached,128,1.5,4,gridCountCpu,0,0.0,0.0,0.0,0.0,0.0
cached,128,1.5,4,gridPrefixCpu,0,0.0,0.0,0.0,0.0,0.0
cached,128,1.5,4,gridFillCpu,0,0.0,0.0,0.0,0.0,0.0
cached,128,1.5,8,wallFrame,1800,1.9297587222222223,1.8969,2.2812149999999995,2.533746,1.90915
cached,128,1.5,8,cpuFrame,1800,1.9217033333333335,1.8895,2.2736899999999998,2.527653,1.9013499999999999
cached,128,1.5,8,gpuFrame,1800,0.8123657066666666,0.787312,0.9618783999999999,1.11447776,0.787376
cached,128,1.5,8,gridLightingCpu,1800,0.003724777777777778,0.0034,0.0049,0.006701999999999999,0.0034
cached,128,1.5,8,gridLightingGpu,1800,0.1150252088888889,0.1116,0.1137616,0.27005344,0.11136
cached,128,1.5,8,cacheCheckCpu,1800,0.007352388888888889,0.007,0.0082,0.0094,0.007
cached,128,1.5,8,gridBuildCpu,1800,3.2833333333333336e-05,0.0,0.0001,0.0001,0.0
cached,128,1.5,8,gridUploadCpu,1800,2.9833333333333335e-05,0.0,0.0001,0.0001,0.0
cached,128,1.5,8,gridBoundsCpu,0,0.0,0.0,0.0,0.0,0.0
cached,128,1.5,8,gridCountCpu,0,0.0,0.0,0.0,0.0,0.0
cached,128,1.5,8,gridPrefixCpu,0,0.0,0.0,0.0,0.0,0.0
cached,128,1.5,8,gridFillCpu,0,0.0,0.0,0.0,0.0,0.0
cached,128,1.5,16,wallFrame,1800,1.9307768333333333,1.89765,2.27321,2.484677,1.90075
cached,128,1.5,16,cpuFrame,1800,1.9229625555555558,1.8902,2.264605,2.477773,1.8933
cached,128,1.5,16,gpuFrame,1800,0.8084933688888888,0.783776,0.9580447999999999,1.12224384,0.784096
cached,128,1.5,16,gridLightingCpu,1800,0.0038295555555555557,0.0035,0.0052,0.007500999999999999,0.0035
cached,128,1.5,16,gridLightingGpu,1800,0.1108007288888889,0.107776,0.10992160000000001,0.25454431999999994,0.107488
cached,128,1.5,16,cacheCheckCpu,1800,0.007385833333333334,0.0071,0.0084,0.009501999999999998,0.0071
cached,128,1.5,16,gridBuildCpu,1800,3.1333333333333334e-05,0.0,0.0001,0.0001,0.0
cached,128,1.5,16,gridUploadCpu,1800,2.8722222222222225e-05,0.0,0.0001,0.0001,0.0
cached,128,1.5,16,gridBoundsCpu,0,0.0,0.0,0.0,0.0,0.0
cached,128,1.5,16,gridCountCpu,0,0.0,0.0,0.0,0.0,0.0
cached,128,1.5,16,gridPrefixCpu,0,0.0,0.0,0.0,0.0,0.0
cached,128,1.5,16,gridFillCpu,0,0.0,0.0,0.0,0.0,0.0
cached,128,3.0,1,wallFrame,1800,2.2256555000000002,2.1900000000000004,2.6159099999999995,2.861355,2.1921999999999997
cached,128,3.0,1,cpuFrame,1800,2.217658333333333,2.1826499999999998,2.605995,2.850256,2.1851
cached,128,3.0,1,gpuFrame,1800,1.1241926755555556,1.08288,1.3036864,1.5039699199999998,1.082896
cached,128,3.0,1,gridLightingCpu,1800,0.0035798333333333333,0.0034,0.0045,0.005901999999999998,0.0034
cached,128,3.0,1,gridLightingGpu,1800,0.4246159466666667,0.412576,0.5552144,0.65399488,0.412736
cached,128,3.0,1,cacheCheckCpu,1800,0.007397277777777779,0.007,0.0083,0.010402999999999997,0.007
cached,128,3.0,1,gridBuildCpu,1800,3.177777777777778e-05,0.0,0.0001,0.0001,0.0
cached,128,3.0,1,gridUploadCpu,1800,3.038888888888889e-05,0.0,0.0001,0.0001,0.0
cached,128,3.0,1,gridBoundsCpu,0,0.0,0.0,0.0,0.0,0.0
cached,128,3.0,1,gridCountCpu,0,0.0,0.0,0.0,0.0,0.0
cached,128,3.0,1,gridPrefixCpu,0,0.0,0.0,0.0,0.0,0.0
cached,128,3.0,1,gridFillCpu,0,0.0,0.0,0.0,0.0,0.0
cached,128,3.0,2,wallFrame,1800,2.1846545,2.1531000000000002,2.5660049999999996,2.785659,2.14365
cached,128,3.0,2,cpuFrame,1800,2.1767036666666666,2.1455,2.55802,2.7791469999999996,2.13565
cached,128,3.0,2,gpuFrame,1800,1.0678151111111112,1.030528,1.2426511999999998,1.4727702399999998,1.030384
cached,128,3.0,2,gridLightingCpu,1800,0.0036601111111111114,0.0034,0.0047,0.0065,0.0034
cached,128,3.0,2,gridLightingGpu,1800,0.37217576888888887,0.359936,0.3667312,0.72225312,0.35992
cached,128,3.0,2,cacheCheckCpu,1800,0.007348333333333334,0.007,0.0082,0.008801,0.007
cached,128,3.0,2,gridBuildCpu,1800,3.166666666666667e-05,0.0,0.0001,0.0001,0.0
cached,128,3.0,2,gridUploadCpu,1800,3.116666666666667e-05,0.0,0.0001,0.0001,0.0
cached,128,3.0,2,gridBoundsCpu,0,0.0,0.0,0.0,0.0,0.0
cached,128,3.0,2,gridCountCpu,0,0.0,0.0,0.0,0.0,0.0
cached,128,3.0,2,gridPrefixCpu,0,0.0,0.0,0.0,0.0,0.0
cached,128,3.0,2,gridFillCpu,0,0.0,0.0,0.0,0.0,0.0
cached,128,3.0,4,wallFrame,1800,2.1642085,2.1323499999999997,2.5414399999999997,2.8034339999999998,2.1335
cached,128,3.0,4,cpuFrame,1800,2.1564308333333333,2.1245,2.533895,2.798025,2.1256
cached,128,3.0,4,gpuFrame,1800,1.0666809066666665,1.029024,1.2442047999999999,1.41193696,1.029184
cached,128,3.0,4,gridLightingCpu,1800,0.0036106666666666665,0.0034,0.0046,0.006,0.0033
cached,128,3.0,4,gridLightingGpu,1800,0.3698613866666666,0.358592,0.49926879999999996,0.5999177599999999,0.35856
cached,128,3.0,4,cacheCheckCpu,1800,0.007361500000000001,0.007,0.0082,0.009603999999999996,0.007
cached,128,3.0,4,gridBuildCpu,1800,3.1e-05,0.0,0.0001,0.0001,0.0
cached,128,3.0,4,gridUploadCpu,1800,3.1722222222222224e-05,0.0,0.0001,0.0001,0.0
cached,128,3.0,4,gridBoundsCpu,0,0.0,0.0,0.0,0.0,0.0
cached,128,3.0,4,gridCountCpu,0,0.0,0.0,0.0,0.0,0.0
cached,128,3.0,4,gridPrefixCpu,0,0.0,0.0,0.0,0.0,0.0
cached,128,3.0,4,gridFillCpu,0,0.0,0.0,0.0,0.0,0.0
cached,128,3.0,8,wallFrame,1800,2.1360120555555557,2.1100000000000003,2.49586,2.658434,2.1093
cached,128,3.0,8,cpuFrame,1800,2.1279923333333333,2.10155,2.48932,2.6516189999999997,2.10145
cached,128,3.0,8,gpuFrame,1800,1.0318324622222224,0.995648,1.2093568,1.40639232,0.995856
cached,128,3.0,8,gridLightingCpu,1800,0.003667,0.0035,0.0046,0.006200999999999999,0.0035
cached,128,3.0,8,gridLightingGpu,1800,0.3351322666666666,0.325504,0.3289008,0.58808128,0.32544
cached,128,3.0,8,cacheCheckCpu,1800,0.007287611111111113,0.007,0.0082,0.009703999999999997,0.007
cached,128,3.0,8,gridBuildCpu,1800,3.2944444444444445e-05,0.0,0.0001,0.0001,0.0
cached,128,3.0,8,gridUploadCpu,1800,5.861111111111113e-05,0.0,0.0001,0.0001,0.0
cached,128,3.0,8,gridBoundsCpu,0,0.0,0.0,0.0,0.0,0.0
cached,128,3.0,8,gridCountCpu,0,0.0,0.0,0.0,0.0,0.0
cached,128,3.0,8,gridPrefixCpu,0,0.0,0.0,0.0,0.0,0.0
cached,128,3.0,8,gridFillCpu,0,0.0,0.0,0.0,0.0,0.0
cached,128,3.0,16,wallFrame,1800,2.1212767777777777,2.0928500000000003,2.486615,2.7304399999999998,2.0841
cached,128,3.0,16,cpuFrame,1800,2.113204722222222,2.08515,2.47905,2.722751,2.07475
cached,128,3.0,16,gpuFrame,1800,1.01654528,0.982176,1.189592,1.34676928,0.982384
cached,128,3.0,16,gridLightingCpu,1800,0.003678,0.0034,0.0046,0.0062,0.0034
cached,128,3.0,16,gridLightingGpu,1800,0.3198341155555555,0.312032,0.3154256,0.51028768,0.312
cached,128,3.0,16,cacheCheckCpu,1800,0.007388777777777779,0.007,0.0082,0.0091,0.007
cached,128,3.0,16,gridBuildCpu,1800,3.138888888888889e-05,0.0,0.0001,0.0001,0.0
cached,128,3.0,16,gridUploadCpu,1800,3.1666666666666666e-05,0.0,0.0001,0.0001,0.0
cached,128,3.0,16,gridBoundsCpu,0,0.0,0.0,0.0,0.0,0.0
cached,128,3.0,16,gridCountCpu,0,0.0,0.0,0.0,0.0,0.0
cached,128,3.0,16,gridPrefixCpu,0,0.0,0.0,0.0,0.0,0.0
cached,128,3.0,16,gridFillCpu,0,0.0,0.0,0.0,0.0,0.0
cached,128,6.0,1,wallFrame,1800,3.4595487222222223,3.4419500000000003,3.9444150000000002,4.178749,3.4296499999999996
cached,128,6.0,1,cpuFrame,1800,3.4516709999999997,3.43415,3.93748,4.173043,3.4223999999999997
cached,128,6.0,1,gpuFrame,1800,2.2679240000000003,2.225984,2.7204688,2.96650528,2.229968
cached,128,6.0,1,gridLightingCpu,1800,0.003954833333333334,0.0038,0.0051,0.006300999999999999,0.0037
cached,128,6.0,1,gridLightingGpu,1800,1.3940585422222223,1.33128,1.8402255999999997,2.1686368,1.330768
cached,128,6.0,1,cacheCheckCpu,1800,0.007514611111111112,0.0071,0.0083,0.010601,0.0071
cached,128,6.0,1,gridBuildCpu,1800,3.105555555555556e-05,0.0,0.0001,0.0001,0.0
cached,128,6.0,1,gridUploadCpu,1800,3.2111111111111114e-05,0.0,0.0001,0.0001,0.0
cached,128,6.0,1,gridBoundsCpu,0,0.0,0.0,0.0,0.0,0.0
cached,128,6.0,1,gridCountCpu,0,0.0,0.0,0.0,0.0,0.0
cached,128,6.0,1,gridPrefixCpu,0,0.0,0.0,0.0,0.0,0.0
cached,128,6.0,1,gridFillCpu,0,0.0,0.0,0.0,0.0,0.0
cached,128,6.0,2,wallFrame,1800,3.3484200555555557,3.33135,3.797025,4.0407280000000005,3.32435
cached,128,6.0,2,cpuFrame,1800,3.3404788888888883,3.3236,3.7902899999999997,4.03364,3.31285
cached,128,6.0,2,gpuFrame,1800,2.0595875555555554,1.947008,2.5438112,2.77487648,1.947712
cached,128,6.0,2,gridLightingCpu,1800,0.003948833333333333,0.0037,0.0047,0.006300999999999999,0.0036
cached,128,6.0,2,gridLightingGpu,1800,1.3118571911111112,1.268384,1.667664,1.922408,1.268448
cached,128,6.0,2,cacheCheckCpu,1800,0.007319444444444445,0.0071,0.0083,0.009101,0.0071
cached,128,6.0,2,gridBuildCpu,1800,3.227777777777778e-05,0.0,0.0001,0.0001,0.0
cached,128,6.0,2,gridUploadCpu,1800,3.0944444444444444e-05,0.0,0.0001,0.0001,0.0
cached,128,6.0,2,gridBoundsCpu,0,0.0,0.0,0.0,0.0,0.0
cached,128,6.0,2,gridCountCpu,0,0.0,0.0,0.0,0.0,0.0
cached,128,6.0,2,gridPrefixCpu,0,0.0,0.0,0.0,0.0,0.0
cached,128,6.0,2,gridFillCpu,0,0.0,0.0,0.0,0.0,0.0
cached,128,6.0,4,wallFrame,1800,3.352994055555556,3.3383,3.8366,4.093548999999999,3.334
cached,128,6.0,4,cpuFrame,1800,3.345038611111111,3.329,3.82875,4.085754,3.32585
cached,128,6.0,4,gpuFrame,1800,2.059665848888889,1.947136,2.5326608,2.83462048,1.946512
cached,128,6.0,4,gridLightingCpu,1800,0.0038017777777777776,0.0036,0.0047,0.006300999999999999,0.0037
cached,128,6.0,4,gridLightingGpu,1800,1.3117002844444445,1.26816,1.6800928,1.9506783999999997,1.268144
cached,128,6.0,4,cacheCheckCpu,1800,0.007406277777777778,0.0071,0.0084,0.010603999999999997,0.0071
cached,128,6.0,4,gridBuildCpu,1800,3.005555555555556e-05,0.0,0.0001,0.0001,0.0
cached,128,6.0,4,gridUploadCpu,1800,3.1722222222222224e-05,0.0,0.0001,0.0001,0.0
cached,128,6.0,4,gridBoundsCpu,0,0.0,0.0,0.0,0.0,0.0
cached,128,6.0,4,gridCountCpu,0,0.0,0.0,0.0,0.0,0.0
cached,128,6.0,4,gridPrefixCpu,0,0.0,0.0,0.0,0.0,0.0
cached,128,6.0,4,gridFillCpu,0,0.0,0.0,0.0,0.0,0.0
cached,128,6.0,8,wallFrame,1800,3.297734611111111,3.2859,3.77215,4.002351,3.2897
cached,128,6.0,8,cpuFrame,1800,3.289855777777778,3.2784500000000003,3.765475,3.996435,3.28155
cached,128,6.0,8,gpuFrame,1800,2.035933422222222,1.926368,2.5098544,2.76887808,1.925376
cached,128,6.0,8,gridLightingCpu,1800,0.0037188888888888888,0.0036,0.0045,0.0068,0.0036
cached,128,6.0,8,gridLightingGpu,1800,1.2891991999999999,1.247696,1.5928368,1.9196624,1.247712
cached,128,6.0,8,cacheCheckCpu,1800,0.007454055555555556,0.0071,0.0083,0.0093,0.007
cached,128,6.0,8,gridBuildCpu,1800,3.077777777777778e-05,0.0,0.0001,0.0001,0.0
cached,128,6.0,8,gridUploadCpu,1800,3.0555555555555554e-05,0.0,0.0001,0.0001,0.0
cached,128,6.0,8,gridBoundsCpu,0,0.0,0.0,0.0,0.0,0.0
cached,128,6.0,8,gridCountCpu,0,0.0,0.0,0.0,0.0,0.0
cached,128,6.0,8,gridPrefixCpu,0,0.0,0.0,0.0,0.0,0.0
cached,128,6.0,8,gridFillCpu,0,0.0,0.0,0.0,0.0,0.0
cached,128,6.0,16,wallFrame,1800,3.2801118333333337,3.26305,3.734455,3.938736,3.26525
cached,128,6.0,16,cpuFrame,1800,3.2722395555555552,3.2553,3.7245150000000002,3.931435,3.2574
cached,128,6.0,16,gpuFrame,1800,2.00296752,1.909664,2.4698352,2.71834432,1.909312
cached,128,6.0,16,gridLightingCpu,1800,0.003897111111111111,0.0037,0.0047,0.005900999999999999,0.0037
cached,128,6.0,16,gridLightingGpu,1800,1.2613691733333336,1.23072,1.4673712,1.8303404799999998,1.230752
cached,128,6.0,16,cacheCheckCpu,1800,0.0074069999999999995,0.007,0.0082,0.0091,0.007
cached,128,6.0,16,gridBuildCpu,1800,3.3722222222222225e-05,0.0,0.0001,0.0001,0.0
cached,128,6.0,16,gridUploadCpu,1800,3.1222222222222225e-05,0.0,0.0001,0.0001,0.0
cached,128,6.0,16,gridBoundsCpu,0,0.0,0.0,0.0,0.0,0.0
cached,128,6.0,16,gridCountCpu,0,0.0,0.0,0.0,0.0,0.0
cached,128,6.0,16,gridPrefixCpu,0,0.0,0.0,0.0,0.0,0.0
cached,128,6.0,16,gridFillCpu,0,0.0,0.0,0.0,0.0,0.0
cached,128,8.0,1,wallFrame,1800,3.8990262777777778,3.88265,4.388375,4.597986000000001,3.9016
cached,128,8.0,1,cpuFrame,1800,3.891080055555556,3.87445,4.38343,4.590592,3.89245
cached,128,8.0,1,gpuFrame,1800,2.7211931555555555,2.7053599999999998,3.1118911999999996,3.3423392,2.68472
cached,128,8.0,1,gridLightingCpu,1800,0.0039509444444444436,0.0038,0.0049,0.006300999999999999,0.0038
cached,128,8.0,1,gridLightingGpu,1800,1.8814139022222223,1.7421280000000001,2.3490864,2.61345472,1.738336
cached,128,8.0,1,cacheCheckCpu,1800,0.007355333333333334,0.0071,0.0083,0.009303999999999996,0.0071
cached,128,8.0,1,gridBuildCpu,1800,3.216666666666667e-05,0.0,0.0001,0.0001,0.0
cached,128,8.0,1,gridUploadCpu,1800,3.144444444444445e-05,0.0,0.0001,0.0001,0.0
cached,128,8.0,1,gridBoundsCpu,0,0.0,0.0,0.0,0.0,0.0
cached,128,8.0,1,gridCountCpu,0,0.0,0.0,0.0,0.0,0.0
cached,128,8.0,1,gridPrefixCpu,0,0.0,0.0,0.0,0.0,0.0
cached,128,8.0,1,gridFillCpu,0,0.0,0.0,0.0,0.0,0.0
cached,128,8.0,2,wallFrame,1800,3.816203277777778,3.8076,4.26631,4.4901539999999995,3.82585
cached,128,8.0,2,cpuFrame,1800,3.8085852777777776,3.80025,4.2602,4.480784,3.8179
cached,128,8.0,2,gpuFrame,1800,2.6714325688888887,2.681712,3.0750544,3.2831836799999996,2.6783520000000003
cached,128,8.0,2,gridLightingCpu,1800,0.003944,0.0038,0.0049,0.006600999999999999,0.0037
cached,128,8.0,2,gridLightingGpu,1800,1.8218599466666665,1.693056,2.2970528,2.54758912,1.690832
cached,128,8.0,2,cacheCheckCpu,1800,0.007452055555555556,0.0071,0.0084,0.00920999999999999,0.0071
cached,128,8.0,2,gridBuildCpu,1800,3.061111111111111e-05,0.0,0.0001,0.0001,0.0
cached,128,8.0,2,gridUploadCpu,1800,3.5277777777777785e-05,0.0,0.0001,0.0001,0.0
cached,128,8.0,2,gridBoundsCpu,0,0.0,0.0,0.0,0.0,0.0
cached,128,8.0,2,gridCountCpu,0,0.0,0.0,0.0,0.0,0.0
cached,128,8.0,2,gridPrefixCpu,0,0.0,0.0,0.0,0.0,0.0
cached,128,8.0,2,gridFillCpu,0,0.0,0.0,0.0,0.0,0.0
cached,128,8.0,4,wallFrame,1800,3.853215611111111,3.84105,4.295545,4.5450230000000005,3.8615
cached,128,8.0,4,cpuFrame,1800,3.8452985555555563,3.83185,4.28761,4.538202,3.8546
cached,128,8.0,4,gpuFrame,1800,2.678504035555555,2.688096,3.092968,3.31454592,2.68712
cached,128,8.0,4,gridLightingCpu,1800,0.003965611111111111,0.0038,0.005,0.0061,0.0038
cached,128,8.0,4,gridLightingGpu,1800,1.8197839288888886,1.6936,2.2830015999999995,2.58874848,1.691776
cached,128,8.0,4,cacheCheckCpu,1800,0.007426833333333334,0.0071,0.0084,0.009200999999999999,0.0071
cached,128,8.0,4,gridBuildCpu,1800,3.1e-05,0.0,0.0001,0.0001,0.0
cached,128,8.0,4,gridUploadCpu,1800,3.055555555555556e-05,0.0,0.0001,0.0001,0.0
cached,128,8.0,4,gridBoundsCpu,0,0.0,0.0,0.0,0.0,0.0
cached,128,8.0,4,gridCountCpu,0,0.0,0.0,0.0,0.0,0.0
cached,128,8.0,4,gridPrefixCpu,0,0.0,0.0,0.0,0.0,0.0
cached,128,8.0,4,gridFillCpu,0,0.0,0.0,0.0,0.0,0.0
cached,128,8.0,8,wallFrame,1800,3.8211928333333334,3.7983000000000002,4.279585,4.5201780000000005,3.80435
cached,128,8.0,8,cpuFrame,1800,3.812981444444444,3.78995,4.269685,4.51336,3.7954
cached,128,8.0,8,gpuFrame,1800,2.6565154311111114,2.670992,3.060968,3.2533648,2.67608
cached,128,8.0,8,gridLightingCpu,1800,0.0038812222222222225,0.0037,0.0048,0.0066,0.0037
cached,128,8.0,8,gridLightingGpu,1800,1.7963644444444444,1.67672,2.2845503999999996,2.50174336,1.673376
cached,128,8.0,8,cacheCheckCpu,1800,0.007444222222222222,0.0072,0.0084,0.0093,0.0071
cached,128,8.0,8,gridBuildCpu,1800,3.222222222222222e-05,0.0,0.0001,0.0001,0.0
cached,128,8.0,8,gridUploadCpu,1800,3.227777777777778e-05,0.0,0.0001,0.0001,0.0
cached,128,8.0,8,gridBoundsCpu,0,0.0,0.0,0.0,0.0,0.0
cached,128,8.0,8,gridCountCpu,0,0.0,0.0,0.0,0.0,0.0
cached,128,8.0,8,gridPrefixCpu,0,0.0,0.0,0.0,0.0,0.0
cached,128,8.0,8,gridFillCpu,0,0.0,0.0,0.0,0.0,0.0
cached,128,8.0,16,wallFrame,1800,3.790576944444444,3.7727,4.26132,4.482893,3.7880000000000003
cached,128,8.0,16,cpuFrame,1800,3.782613388888888,3.7647000000000004,4.25502,4.475898999999999,3.77685
cached,128,8.0,16,gpuFrame,1800,2.641881511111111,2.651952,3.0486912,3.22777376,2.652496
cached,128,8.0,16,gridLightingCpu,1800,0.0037926666666666664,0.0037,0.0046,0.0054,0.0037
cached,128,8.0,16,gridLightingGpu,1800,1.7741806755555556,1.658112,2.2687247999999998,2.46426848,1.6561919999999999
cached,128,8.0,16,cacheCheckCpu,1800,0.007279333333333334,0.0071,0.0083,0.0089,0.0071
cached,128,8.0,16,gridBuildCpu,1800,3.338888888888889e-05,0.0,0.0001,0.0001,0.0
cached,128,8.0,16,gridUploadCpu,1800,3.0444444444444445e-05,0.0,0.0001,0.0001,0.0
cached,128,8.0,16,gridBoundsCpu,0,0.0,0.0,0.0,0.0,0.0
cached,128,8.0,16,gridCountCpu,0,0.0,0.0,0.0,0.0,0.0
cached,128,8.0,16,gridPrefixCpu,0,0.0,0.0,0.0,0.0,0.0
cached,128,8.0,16,gridFillCpu,0,0.0,0.0,0.0,0.0,0.0
cached,128,12.0,1,wallFrame,1800,4.391263666666666,4.3777,4.85752,5.080584,4.36995
cached,128,12.0,1,cpuFrame,1800,4.383356166666667,4.3696,4.850815,5.073296,4.3612
cached,128,12.0,1,gpuFrame,1800,3.187310968888889,3.188016,3.5586288,3.7507209599999998,3.1826559999999997
cached,128,12.0,1,gridLightingCpu,1800,0.003979777777777778,0.0038,0.0049,0.006200999999999999,0.0038
cached,128,12.0,1,gridLightingGpu,1800,2.4600267022222226,2.4896320000000003,2.8327248000000003,3.05056192,2.475312
cached,128,12.0,1,cacheCheckCpu,1800,0.0073781666666666666,0.0071,0.0084,0.009502999999999998,0.0071
cached,128,12.0,1,gridBuildCpu,1800,3.0222222222222225e-05,0.0,0.0001,0.0001,0.0
cached,128,12.0,1,gridUploadCpu,1800,3.5444444444444445e-05,0.0,0.0001,0.0001,0.0
cached,128,12.0,1,gridBoundsCpu,0,0.0,0.0,0.0,0.0,0.0
cached,128,12.0,1,gridCountCpu,0,0.0,0.0,0.0,0.0,0.0
cached,128,12.0,1,gridPrefixCpu,0,0.0,0.0,0.0,0.0,0.0
cached,128,12.0,1,gridFillCpu,0,0.0,0.0,0.0,0.0,0.0
cached,128,12.0,2,wallFrame,1800,4.3558646111111115,4.3354,4.820765,5.052661,4.32395
cached,128,12.0,2,cpuFrame,1800,4.348053055555556,4.3278,4.814615,5.045847,4.316
cached,128,12.0,2,gpuFrame,1800,3.158975626666667,3.163744,3.5222736,3.73446592,3.157088
cached,128,12.0,2,gridLightingCpu,1800,0.003976222222222222,0.0038,0.0047,0.0063,0.0037
cached,128,12.0,2,gridLightingGpu,1800,2.431681902222222,2.464768,2.7725168,2.9998815999999997,2.455584
cached,128,12.0,2,cacheCheckCpu,1800,0.007468055555555557,0.0071,0.0083,0.010801,0.0071
cached,128,12.0,2,gridBuildCpu,1800,2.983333333333333e-05,0.0,0.0001,0.0001,0.0
cached,128,12.0,2,gridUploadCpu,1800,3.155555555555556e-05,0.0,0.0001,0.0001,0.0
cached,128,12.0,2,gridBoundsCpu,0,0.0,0.0,0.0,0.0,0.0
cached,128,12.0,2,gridCountCpu,0,0.0,0.0,0.0,0.0,0.0
cached,128,12.0,2,gridPrefixCpu,0,0.0,0.0,0.0,0.0,0.0
cached,128,12.0,2,gridFillCpu,0,0.0,0.0,0.0,0.0,0.0
cached,128,12.0,4,wallFrame,1800,4.353422833333333,4.348,4.7957,5.006001,4.3317
cached,128,12.0,4,cpuFrame,1800,4.345651166666666,4.3399,4.78862,4.9983130000000005,4.3238
cached,128,12.0,4,gpuFrame,1800,3.1527487644444445,3.162048,3.5122784,3.67235296,3.1596
cached,128,12.0,4,gridLightingCpu,1800,0.003914166666666667,0.0038,0.0048,0.0056,0.0038
cached,128,12.0,4,gridLightingGpu,1800,2.4242740622222225,2.450608,2.7662432,2.9536064,2.450176
cached,128,12.0,4,cacheCheckCpu,1800,0.0075348333333333335,0.0072,0.0085,0.013005999999999993,0.0072
cached,128,12.0,4,gridBuildCpu,1800,3.038888888888889e-05,0.0,0.0001,0.0001,0.0
cached,128,12.0,4,gridUploadCpu,1800,2.888888888888889e-05,0.0,0.0001,0.0001,0.0
cached,128,12.0,4,gridBoundsCpu,0,0.0,0.0,0.0,0.0,0.0
cached,128,12.0,4,gridCountCpu,0,0.0,0.0,0.0,0.0,0.0
cached,128,12.0,4,gridPrefixCpu,0,0.0,0.0,0.0,0.0,0.0
cached,128,12.0,4,gridFillCpu,0,0.0,0.0,0.0,0.0,0.0
cached,128,12.0,8,wallFrame,1800,4.354132388888889,4.33925,4.803005,5.036194999999999,4.32445
cached,128,12.0,8,cpuFrame,1800,4.346029444444445,4.33125,4.794575,5.029192,4.31365
cached,128,12.0,8,gpuFrame,1800,3.1523956266666664,3.157312,3.4912336,3.68378976,3.152576
cached,128,12.0,8,gridLightingCpu,1800,0.004039388888888889,0.0039,0.0049,0.0058,0.0038
cached,128,12.0,8,gridLightingGpu,1800,2.427699697777778,2.4566239999999997,2.7582896,2.96488416,2.452832
cached,128,12.0,8,cacheCheckCpu,1800,0.007384222222222223,0.0072,0.0084,0.009101,0.0072
cached,128,12.0,8,gridBuildCpu,1800,3.0944444444444444e-05,0.0,0.0001,0.0001,0.0
cached,128,12.0,8,gridUploadCpu,1800,3.055555555555556e-05,0.0,0.0001,0.0001,0.0
cached,128,12.0,8,gridBoundsCpu,0,0.0,0.0,0.0,0.0,0.0
cached,128,12.0,8,gridCountCpu,0,0.0,0.0,0.0,0.0,0.0
cached,128,12.0,8,gridPrefixCpu,0,0.0,0.0,0.0,0.0,0.0
cached,128,12.0,8,gridFillCpu,0,0.0,0.0,0.0,0.0,0.0
cached,128,12.0,16,wallFrame,1800,4.361115388888889,4.343500000000001,4.8510349999999995,5.132612,4.3119499999999995
cached,128,12.0,16,cpuFrame,1800,4.353025,4.33615,4.844309999999999,5.126202,4.3043
cached,128,12.0,16,gpuFrame,1800,3.148567342222222,3.14248,3.5312512000000003,3.7452144,3.139888
cached,128,12.0,16,gridLightingCpu,1800,0.00412,0.0039,0.0052,0.007000999999999999,0.0039
cached,128,12.0,16,gridLightingGpu,1800,2.420156088888889,2.438208,2.8126704,3.0377478399999998,2.40984
cached,128,12.0,16,cacheCheckCpu,1800,0.007484,0.0072,0.0084,0.0096,0.0072
cached,128,12.0,16,gridBuildCpu,1800,3.194444444444444e-05,0.0,0.0001,0.0001,0.0
cached,128,12.0,16,gridUploadCpu,1800,3.188888888888889e-05,0.0,0.0001,0.0001,0.0
cached,128,12.0,16,gridBoundsCpu,0,0.0,0.0,0.0,0.0,0.0
cached,128,12.0,16,gridCountCpu,0,0.0,0.0,0.0,0.0,0.0
cached,128,12.0,16,gridPrefixCpu,0,0.0,0.0,0.0,0.0,0.0
cached,128,12.0,16,gridFillCpu,0,0.0,0.0,0.0,0.0,0.0
cached,256,1.5,1,wallFrame,1800,2.027522444444444,1.99655,2.39208,2.582928,1.9841
cached,256,1.5,1,cpuFrame,1800,2.019448555555556,1.9891,2.38443,2.575919,1.9761
cached,256,1.5,1,gpuFrame,1800,0.9188707733333333,0.890528,1.075184,1.2585663999999999,0.890496
cached,256,1.5,1,gridLightingCpu,1800,0.0037390555555555554,0.0035,0.0049,0.006800999999999999,0.0034
cached,256,1.5,1,gridLightingGpu,1800,0.22878273777777777,0.221376,0.223872,0.43833408,0.221184
cached,256,1.5,1,cacheCheckCpu,1800,0.014351500000000001,0.0139,0.0163,0.021700999999999998,0.0139
cached,256,1.5,1,gridBuildCpu,1800,3.316666666666667e-05,0.0,0.0001,0.0001,0.0
cached,256,1.5,1,gridUploadCpu,1800,2.8777777777777776e-05,0.0,0.0001,0.0001,0.0
cached,256,1.5,1,gridBoundsCpu,0,0.0,0.0,0.0,0.0,0.0
cached,256,1.5,1,gridCountCpu,0,0.0,0.0,0.0,0.0,0.0
cached,256,1.5,1,gridPrefixCpu,0,0.0,0.0,0.0,0.0,0.0
cached,256,1.5,1,gridFillCpu,0,0.0,0.0,0.0,0.0,0.0
cached,256,1.5,2,wallFrame,1800,1.9588094444444444,1.93085,2.296825,2.460167,1.9205
cached,256,1.5,2,cpuFrame,1800,1.950868,1.9233500000000001,2.289285,2.454457,1.91295
cached,256,1.5,2,gpuFrame,1800,0.8729401066666665,0.847968,1.0256863999999999,1.18767584,0.84792
cached,256,1.5,2,gridLightingCpu,1800,0.0035712222222222226,0.0034,0.0044,0.0055,0.0034
cached,256,1.5,2,gridLightingGpu,1800,0.17842218666666668,0.174208,0.176256,0.3532992,0.173984
cached,256,1.5,2,cacheCheckCpu,1800,0.014518388888888888,0.0139,0.0163,0.022902999999999996,0.0139
cached,256,1.5,2,gridBuildCpu,1800,3.388888888888889e-05,0.0,0.0001,0.0001,0.0
cached,256,1.5,2,gridUploadCpu,1800,3.183333333333333e-05,0.0,0.0001,0.0001,0.0
cached,256,1.5,2,gridBoundsCpu,0,0.0,0.0,0.0,0.0,0.0
cached,256,1.5,2,gridCountCpu,0,0.0,0.0,0.0,0.0,0.0
cached,256,1.5,2,gridPrefixCpu,0,0.0,0.0,0.0,0.0,0.0
cached,256,1.5,2,gridFillCpu,0,0.0,0.0,0.0,0.0,0.0
cached,256,1.5,4,wallFrame,1800,1.9661668333333333,1.9373,2.323145,2.5276909999999995,1.9541499999999998
cached,256,1.5,4,cpuFrame,1800,1.9580306666666667,1.9286,2.3169299999999997,2.5223720000000003,1.9442499999999998
cached,256,1.5,4,gpuFrame,1800,0.8709770844444444,0.84528,1.0228608,1.1857801599999997,0.84512
cached,256,1.5,4,gridLightingCpu,1800,0.003576388888888889,0.0034,0.0045,0.0059,0.0034
cached,256,1.5,4,gridLightingGpu,1800,0.17417539555555556,0.170368,0.172512,0.33456224,0.170144
cached,256,1.5,4,cacheCheckCpu,1800,0.014489166666666668,0.0139,0.0163,0.025500999999999996,0.0138
cached,256,1.5,4,gridBuildCpu,1800,3.316666666666667e-05,0.0,0.0001,0.0001,0.0
cached,256,1.5,4,gridUploadCpu,1800,3.105555555555556e-05,0.0,0.0001,0.0001,0.0
cached,256,1.5,4,gridBoundsCpu,0,0.0,0.0,0.0,0.0,0.0
cached,256,1.5,4,gridCountCpu,0,0.0,0.0,0.0,0.0,0.0
cached,256,1.5,4,gridPrefixCpu,0,0.0,0.0,0.0,0.0,0.0
cached,256,1.5,4,gridFillCpu,0,0.0,0.0,0.0,0.0,0.0
cached,256,1.5,8,wallFrame,1800,1.9749620555555556,1.949,2.319525,2.5518949999999996,1.9692
cached,256,1.5,8,cpuFrame,1800,1.9669065555555558,1.94085,2.3129399999999998,2.5452049999999997,1.9624
cached,256,1.5,8,gpuFrame,1800,0.8573387199999999,0.831168,1.016608,1.19830528,0.831328
cached,256,1.5,8,gridLightingCpu,1800,0.0036907777777777776,0.0035,0.0049,0.0065,0.0035
cached,256,1.5,8,gridLightingGpu,1800,0.15888263111111112,0.15584,0.1576032,0.31494464,0.155696
cached,256,1.5,8,cacheCheckCpu,1800,0.014381499999999998,0.0139,0.0163,0.021002,0.0139
cached,256,1.5,8,gridBuildCpu,1800,3.355555555555556e-05,0.0,0.0001,0.0001,0.0
cached,256,1.5,8,gridUploadCpu,1800,3.0166666666666667e-05,0.0,0.0001,0.0001,0.0
cached,256,1.5,8,gridBoundsCpu,0,0.0,0.0,0.0,0.0,0.0
cached,256,1.5,8,gridCountCpu,0,0.0,0.0,0.0,0.0,0.0
cached,256,1.5,8,gridPrefixCpu,0,0.0,0.0,0.0,0.0,0.0
cached,256,1.5,8,gridFillCpu,0,0.0,0.0,0.0,0.0,0.0
cached,256,1.5,16,wallFrame,1800,1.9508222777777777,1.9170500000000001,2.313735,2.559996,1.92985
cached,256,1.5,16,cpuFrame,1800,1.9429659444444445,1.9096,2.3047649999999997,2.552603,1.92205
cached,256,1.5,16,gpuFrame,1800,0.8471594133333333,0.821696,1.003912,1.1584748799999998,0.821504
cached,256,1.5,16,gridLightingCpu,1800,0.0036595555555555557,0.0034,0.0048,0.006803999999999996,0.0034
cached,256,1.5,16,gridLightingGpu,1800,0.1502564266666667,0.146336,0.148352,0.30617984,0.14608
cached,256,1.5,16,cacheCheckCpu,1800,0.014297777777777777,0.0138,0.0161,0.017307999999999994,0.0139
cached,256,1.5,16,gridBuildCpu,1800,3.111111111111111e-05,0.0,0.0001,0.0001,0.0
cached,256,1.5,16,gridUploadCpu,1800,3.15e-05,0.0,0.0001,0.0001,0.0
cached,256,1.5,16,gridBoundsCpu,0,0.0,0.0,0.0,0.0,0.0
cached,256,1.5,16,gridCountCpu,0,0.0,0.0,0.0,0.0,0.0
cached,256,1.5,16,gridPrefixCpu,0,0.0,0.0,0.0,0.0,0.0
cached,256,1.5,16,gridFillCpu,0,0.0,0.0,0.0,0.0,0.0
cached,256,3.0,1,wallFrame,1800,2.732122222222222,2.72505,3.1681399999999997,3.412701,2.71845
cached,256,3.0,1,cpuFrame,1800,2.7240051666666667,2.7154,3.1601150000000002,3.405111,2.70835
cached,256,3.0,1,gpuFrame,1800,1.4475969066666665,1.413408,1.6458271999999998,1.85420064,1.414784
cached,256,3.0,1,gridLightingCpu,1800,0.003763888888888889,0.0036,0.0048,0.006800999999999999,0.0036
cached,256,3.0,1,gridLightingGpu,1800,0.7509292444444445,0.7360800000000001,0.89268,1.1471251199999999,0.736848
cached,256,3.0,1,cacheCheckCpu,1800,0.014384000000000001,0.014,0.0163,0.017906999999999992,0.0139
cached,256,3.0,1,gridBuildCpu,1800,3.066666666666667e-05,0.0,0.0001,0.0001,0.0
cached,256,3.0,1,gridUploadCpu,1800,2.9722222222222223e-05,0.0,0.0001,0.0001,0.0
cached,256,3.0,1,gridBoundsCpu,0,0.0,0.0,0.0,0.0,0.0
cached,256,3.0,1,gridCountCpu,0,0.0,0.0,0.0,0.0,0.0
cached,256,3.0,1,gridPrefixCpu,0,0.0,0.0,0.0,0.0,0.0
cached,256,3.0,1,gridFillCpu,0,0.0,0.0,0.0,0.0,0.0
cached,256,3.0,2,wallFrame,1800,2.5400000555555557,2.4669,3.0706,3.2636459999999996,2.4702
cached,256,3.0,2,cpuFrame,1800,2.5320419444444444,2.4592,3.063205,3.2548619999999997,2.4631499999999997
cached,256,3.0,2,gpuFrame,1800,1.341070648888889,1.295552,1.5272895999999998,1.72547264,1.29312
cached,256,3.0,2,gridLightingCpu,1800,0.0037811666666666666,0.0036,0.004704999999999996,0.006101,0.0036
cached,256,3.0,2,gridLightingGpu,1800,0.64073952,0.623296,0.7873551999999999,1.03238656,0.622656
cached,256,3.0,2,cacheCheckCpu,1800,0.014242222222222224,0.0139,0.0161,0.0172,0.0139
cached,256,3.0,2,gridBuildCpu,1800,3.216666666666667e-05,0.0,0.0001,0.0001,0.0
cached,256,3.0,2,gridUploadCpu,1800,2.8333333333333335e-05,0.0,0.0001,0.0001,0.0
cached,256,3.0,2,gridBoundsCpu,0,0.0,0.0,0.0,0.0,0.0
cached,256,3.0,2,gridCountCpu,0,0.0,0.0,0.0,0.0,0.0
cached,256,3.0,2,gridPrefixCpu,0,0.0,0.0,0.0,0.0,0.0
cached,256,3.0,2,gridFillCpu,0,0.0,0.0,0.0,0.0,0.0
cached,256,3.0,4,wallFrame,1800,2.526778666666667,2.4665999999999997,3.051395,3.277028,2.45005
cached,256,3.0,4,cpuFrame,1800,2.5187906111111116,2.45755,3.044365,3.269726,2.44115
cached,256,3.0,4,gpuFrame,1800,1.3368234133333332,1.291968,1.5196752,1.71555264,1.291952
cached,256,3.0,4,gridLightingCpu,1800,0.003795833333333333,0.0036,0.004804999999999995,0.0062,0.0035
cached,256,3.0,4,gridLightingGpu,1800,0.6363897422222222,0.61904,0.7828896,1.02302784,0.618864
cached,256,3.0,4,cacheCheckCpu,1800,0.014366611111111113,0.014,0.0162,0.0173,0.0139
cached,256,3.0,4,gridBuildCpu,1800,3.216666666666667e-05,0.0,0.0001,0.0001,0.0
cached,256,3.0,4,gridUploadCpu,1800,3.2000000000000005e-05,0.0,0.0001,0.0001,0.0
cached,256,3.0,4,gridBoundsCpu,0,0.0,0.0,0.0,0.0,0.0
cached,256,3.0,4,gridCountCpu,0,0.0,0.0,0.0,0.0,0.0
cached,256,3.0,4,gridPrefixCpu,0,0.0,0.0,0.0,0.0,0.0
cached,256,3.0,4,gridFillCpu,0,0.0,0.0,0.0,0.0,0.0
cached,256,3.0,8,wallFrame,1800,2.431576777777778,2.3756,2.90469,3.142007,2.3606499999999997
cached,256,3.0,8,cpuFrame,1800,2.4235903333333337,2.3669000000000002,2.8919099999999998,3.134432,2.35365
cached,256,3.0,8,gpuFrame,1800,1.2753499199999998,1.233728,1.4575728,1.63906592,1.233376
cached,256,3.0,8,gridLightingCpu,1800,0.003717555555555555,0.0036,0.0048,0.005800999999999999,0.0036
cached,256,3.0,8,gridLightingGpu,1800,0.5765205688888889,0.561648,0.7120991999999999,0.93155712,0.560992
cached,256,3.0,8,cacheCheckCpu,1800,0.014434500000000001,0.014,0.0163,0.0174,0.014
cached,256,3.0,8,gridBuildCpu,1800,3.238888888888889e-05,0.0,0.0001,0.0001,0.0
cached,256,3.0,8,gridUploadCpu,1800,3.0277777777777782e-05,0.0,0.0001,0.0001,0.0
cached,256,3.0,8,gridBoundsCpu,0,0.0,0.0,0.0,0.0,0.0
cached,256,3.0,8,gridCountCpu,0,0.0,0.0,0.0,0.0,0.0
cached,256,3.0,8,gridPrefixCpu,0,0.0,0.0,0.0,0.0,0.0
cached,256,3.0,8,gridFillCpu,0,0.0,0.0,0.0,0.0,0.0
cached,256,3.0,16,wallFrame,1800,2.4022066666666664,2.3522499999999997,2.8434299999999997,3.046741,2.3506
cached,256,3.0,16,cpuFrame,1800,2.3942490555555556,2.34415,2.834215,3.038453,2.3425000000000002
cached,256,3.0,16,gpuFrame,1800,1.2455678933333336,1.203808,1.4408944,1.6381839999999999,1.201376
cached,256,3.0,16,gridLightingCpu,1800,0.0039005555555555555,0.0036,0.0049,0.0065,0.0035
cached,256,3.0,16,gridLightingGpu,1800,0.5485580977777778,0.531936,0.6847984,0.93635552,0.531456
cached,256,3.0,16,cacheCheckCpu,1800,0.014507444444444446,0.014,0.0164,0.018902999999999996,0.014
cached,256,3.0,16,gridBuildCpu,1800,3.2055555555555556e-05,0.0,0.0001,0.0001,0.0
cached,256,3.0,16,gridUploadCpu,1800,3.077777777777778e-05,0.0,0.0001,0.0001,0.0
cached,256,3.0,16,gridBoundsCpu,0,0.0,0.0,0.0,0.0,0.0
cached,256,3.0,16,gridCountCpu,0,0.0,0.0,0.0,0.0,0.0
cached,256,3.0,16,gridPrefixCpu,0,0.0,0.0,0.0,0.0,0.0
cached,256,3.0,16,gridFillCpu,0,0.0,0.0,0.0,0.0,0.0
cached,256,6.0,1,wallFrame,1800,4.832864666666667,4.8178,5.3502,5.617627,4.83605
cached,256,6.0,1,cpuFrame,1800,4.824962777777778,4.811249999999999,5.343405,5.611629000000001,4.8286
cached,256,6.0,1,gpuFrame,1800,3.608946684444444,3.591872,4.0375776000000005,4.258310399999999,3.589792
cached,256,6.0,1,gridLightingCpu,1800,0.003945388888888889,0.0038,0.0048,0.0057,0.0038
cached,256,6.0,1,gridLightingGpu,1800,2.8503066133333332,2.860144,3.2237952,3.4634569600000003,2.869056
cached,256,6.0,1,cacheCheckCpu,1800,0.014711055555555555,0.0141,0.0165,0.018818999999999985,0.0141
cached,256,6.0,1,gridBuildCpu,1800,3.3444444444444443e-05,0.0,0.0001,0.0001,0.0
cached,256,6.0,1,gridUploadCpu,1800,3.2055555555555556e-05,0.0,0.0001,0.0001,0.0
cached,256,6.0,1,gridBoundsCpu,0,0.0,0.0,0.0,0.0,0.0
cached,256,6.0,1,gridCountCpu,0,0.0,0.0,0.0,0.0,0.0
cached,256,6.0,1,gridPrefixCpu,0,0.0,0.0,0.0,0.0,0.0
cached,256,6.0,1,gridFillCpu,0,0.0,0.0,0.0,0.0,0.0
cached,256,6.0,2,wallFrame,1800,4.6181885000000005,4.5961,5.117005,5.378105,4.60735
cached,256,6.0,2,cpuFrame,1800,4.610328777777778,4.5876,5.108695,5.371113,4.599
cached,256,6.0,2,gpuFrame,1800,3.4087005688888885,3.4004,3.7845999999999997,3.98509824,3.4093600000000004
cached,256,6.0,2,gridLightingCpu,1800,0.004023111111111111,0.0039,0.005,0.0073,0.0039
cached,256,6.0,2,gridLightingGpu,1800,2.6742326222222226,2.6988000000000003,3.0321696,3.22475104,2.701696
cached,256,6.0,2,cacheCheckCpu,1800,0.014803777777777777,0.0141,0.0166,0.027001999999999998,0.0141
cached,256,6.0,2,gridBuildCpu,1800,3.755555555555556e-05,0.0,0.0001,0.0001,0.0
cached,256,6.0,2,gridUploadCpu,1800,3.144444444444445e-05,0.0,0.0001,0.0001,0.0
cached,256,6.0,2,gridBoundsCpu,0,0.0,0.0,0.0,0.0,0.0
cached,256,6.0,2,gridCountCpu,0,0.0,0.0,0.0,0.0,0.0
cached,256,6.0,2,gridPrefixCpu,0,0.0,0.0,0.0,0.0,0.0
cached,256,6.0,2,gridFillCpu,0,0.0,0.0,0.0,0.0,0.0
cached,256,6.0,4,wallFrame,1800,4.619598777777778,4.6038,5.1073450000000005,5.359989,4.59585
cached,256,6.0,4,cpuFrame,1800,4.611490388888889,4.59595,5.09977,5.352197,4.58905
cached,256,6.0,4,gpuFrame,1800,3.4065520000000005,3.402288,3.7781728,3.9682617600000003,3.39792
cached,256,6.0,4,gridLightingCpu,1800,0.004113277777777778,0.004,0.005,0.006300999999999999,0.004
cached,256,6.0,4,gridLightingGpu,1800,2.6699031644444444,2.696784,3.0088255999999998,3.20435744,2.700576
cached,256,6.0,4,cacheCheckCpu,1800,0.014757722222222224,0.0141,0.0166,0.024507999999999995,0.0141
cached,256,6.0,4,gridBuildCpu,1800,3.7944444444444444e-05,0.0,0.0001,0.0001,0.0
cached,256,6.0,4,gridUploadCpu,1800,3.2500000000000004e-05,0.0,0.0001,0.0001,0.0
cached,256,6.0,4,gridBoundsCpu,0,0.0,0.0,0.0,0.0,0.0
cached,256,6.0,4,gridCountCpu,0,0.0,0.0,0.0,0.0,0.0
cached,256,6.0,4,gridPrefixCpu,0,0.0,0.0,0.0,0.0,0.0
cached,256,6.0,4,gridFillCpu,0,0.0,0.0,0.0,0.0,0.0
cached,256,6.0,8,wallFrame,1800,4.573856666666666,4.55685,5.04913,5.238622,4.54905
cached,256,6.0,8,cpuFrame,1800,4.565954888888889,4.54875,5.040455,5.230545,4.541399999999999
cached,256,6.0,8,gpuFrame,1800,3.3591314311111113,3.354192,3.7360848,3.9462287999999996,3.350112
cached,256,6.0,8,gridLightingCpu,1800,0.0039731666666666665,0.0038,0.0049,0.007000999999999999,0.0038
cached,256,6.0,8,gridLightingGpu,1800,2.627067573333333,2.6490080000000003,2.9872368000000002,3.20482944,2.6552800000000003
cached,256,6.0,8,cacheCheckCpu,1800,0.014667500000000002,0.0141,0.0166,0.025705999999999996,0.0141
cached,256,6.0,8,gridBuildCpu,1800,3.1611111111111115e-05,0.0,0.0001,0.0001,0.0
cached,256,6.0,8,gridUploadCpu,1800,3.0833333333333335e-05,0.0,0.0001,0.0001,0.0
cached,256,6.0,8,gridBoundsCpu,0,0.0,0.0,0.0,0.0,0.0
cached,256,6.0,8,gridCountCpu,0,0.0,0.0,0.0,0.0,0.0
cached,256,6.0,8,gridPrefixCpu,0,0.0,0.0,0.0,0.0,0.0
cached,256,6.0,8,gridFillCpu,0,0.0,0.0,0.0,0.0,0.0
cached,256,6.0,16,wallFrame,1800,4.52867861111111,4.507300000000001,5.030225,5.240467,4.480700000000001
cached,256,6.0,16,cpuFrame,1800,4.520748888888889,4.49955,5.02454,5.234163,4.47265
cached,256,6.0,16,gpuFrame,1800,3.3140794666666666,3.304976,3.7127712,3.95509632,3.301616
cached,256,6.0,16,gridLightingCpu,1800,0.004154,0.004,0.0051,0.0073049999999999955,0.0039
cached,256,6.0,16,gridLightingGpu,1800,2.5827633955555553,2.6058719999999997,2.9524208,3.1501456,2.608032
cached,256,6.0,16,cacheCheckCpu,1800,0.014860777777777778,0.0142,0.0167,0.026514999999999986,0.0142
cached,256,6.0,16,gridBuildCpu,1800,3.177777777777778e-05,0.0,0.0001,0.0001,0.0
cached,256,6.0,16,gridUploadCpu,1800,2.938888888888889e-05,0.0,0.0001,0.0001,0.0
cached,256,6.0,16,gridBoundsCpu,0,0.0,0.0,0.0,0.0,0.0
cached,256,6.0,16,gridCountCpu,0,0.0,0.0,0.0,0.0,0.0
cached,256,6.0,16,gridPrefixCpu,0,0.0,0.0,0.0,0.0,0.0
cached,256,6.0,16,gridFillCpu,0,0.0,0.0,0.0,0.0,0.0
cached,256,8.0,1,wallFrame,1800,6.045777722222223,6.049300000000001,6.651229999999999,6.907919,6.0502
cached,256,8.0,1,cpuFrame,1800,6.037928333333333,6.04155,6.64433,6.900908,6.0423
cached,256,8.0,1,gpuFrame,1800,4.736485617777778,4.7256,5.2358272,5.47942944,4.734624
cached,256,8.0,1,gridLightingCpu,1800,0.004309722222222223,0.0041,0.0051,0.0069,0.0042
cached,256,8.0,1,gridLightingGpu,1800,3.94597888,3.969904,4.4148112,4.64386304,3.974464
cached,256,8.0,1,cacheCheckCpu,1800,0.014949611111111111,0.0143,0.0167,0.02870899999999999,0.0143
cached,256,8.0,1,gridBuildCpu,1800,3.061111111111112e-05,0.0,0.0001,0.0001,0.0
cached,256,8.0,1,gridUploadCpu,1800,3.183333333333333e-05,0.0,0.0001,0.0001,0.0
cached,256,8.0,1,gridBoundsCpu,0,0.0,0.0,0.0,0.0,0.0
cached,256,8.0,1,gridCountCpu,0,0.0,0.0,0.0,0.0,0.0
cached,256,8.0,1,gridPrefixCpu,0,0.0,0.0,0.0,0.0,0.0
cached,256,8.0,1,gridFillCpu,0,0.0,0.0,0.0,0.0,0.0
cached,256,8.0,2,wallFrame,1800,5.932144277777777,5.9358,6.535715000000001,6.78845,5.96565
cached,256,8.0,2,cpuFrame,1800,5.924411166666666,5.92835,6.528905,6.781955,5.95715
cached,256,8.0,2,gpuFrame,1800,4.6423744,4.642656000000001,5.1258896,5.35004448,4.636048000000001
cached,256,8.0,2,gridLightingCpu,1800,0.0041793333333333335,0.004,0.0051,0.0075,0.004
cached,256,8.0,2,gridLightingGpu,1800,3.8604201600000003,3.867344,4.2845168,4.5055392,3.862448
cached,256,8.0,2,cacheCheckCpu,1800,0.014845111111111111,0.0143,0.0169,0.02870999999999999,0.0143
cached,256,8.0,2,gridBuildCpu,1800,3.1666666666666666e-05,0.0,0.0001,0.0001,0.0
cached,256,8.0,2,gridUploadCpu,1800,3.077777777777778e-05,0.0,0.0001,0.0001,0.0
cached,256,8.0,2,gridBoundsCpu,0,0.0,0.0,0.0,0.0,0.0
cached,256,8.0,2,gridCountCpu,0,0.0,0.0,0.0,0.0,0.0
cached,256,8.0,2,gridPrefixCpu,0,0.0,0.0,0.0,0.0,0.0
cached,256,8.0,2,gridFillCpu,0,0.0,0.0,0.0,0.0,0.0
cached,256,8.0,4,wallFrame,1800,5.942170666666667,5.9282,6.5427599999999995,6.785964,5.949450000000001
cached,256,8.0,4,cpuFrame,1800,5.933859555555556,5.91935,6.536215,6.7785660000000005,5.9389
cached,256,8.0,4,gpuFrame,1800,4.64203032888889,4.6433599999999995,5.134828799999999,5.38080288,4.622496
cached,256,8.0,4,gridLightingCpu,1800,0.004205777777777777,0.0041,0.0051,0.006401,0.0041
cached,256,8.0,4,gridLightingGpu,1800,3.8613709866666666,3.868992,4.3098544,4.555810559999999,3.859344
cached,256,8.0,4,cacheCheckCpu,1800,0.014714555555555557,0.0141,0.0166,0.028102999999999996,0.0141
cached,256,8.0,4,gridBuildCpu,1800,3.194444444444445e-05,0.0,0.0001,0.0001,0.0
cached,256,8.0,4,gridUploadCpu,1800,3.427777777777778e-05,0.0,0.0001,0.0001,0.0
cached,256,8.0,4,gridBoundsCpu,0,0.0,0.0,0.0,0.0,0.0
cached,256,8.0,4,gridCountCpu,0,0.0,0.0,0.0,0.0,0.0
cached,256,8.0,4,gridPrefixCpu,0,0.0,0.0,0.0,0.0,0.0
cached,256,8.0,4,gridFillCpu,0,0.0,0.0,0.0,0.0,0.0
cached,256,8.0,8,wallFrame,1800,5.8873237777777785,5.88425,6.50793,6.829439,5.90325
cached,256,8.0,8,cpuFrame,1800,5.879438111111112,5.8759,6.5002200000000006,6.823397,5.89405
cached,256,8.0,8,gpuFrame,1800,4.586882542222222,4.591952,5.0570319999999995,5.27035872,4.586399999999999
cached,256,8.0,8,gridLightingCpu,1800,0.004240777777777777,0.004,0.0051,0.008201,0.004
cached,256,8.0,8,gridLightingGpu,1800,3.813400177777778,3.83176,4.2522032,4.4556896,3.836624
cached,256,8.0,8,cacheCheckCpu,1800,0.014996277777777779,0.0142,0.0167,0.03256699999999994,0.0142
cached,256,8.0,8,gridBuildCpu,1800,3.1333333333333334e-05,0.0,0.0001,0.0001,0.0
cached,256,8.0,8,gridUploadCpu,1800,3.194444444444445e-05,0.0,0.0001,0.0001,0.0
cached,256,8.0,8,gridBoundsCpu,0,0.0,0.0,0.0,0.0,0.0
cached,256,8.0,8,gridCountCpu,0,0.0,0.0,0.0,0.0,0.0
cached,256,8.0,8,gridPrefixCpu,0,0.0,0.0,0.0,0.0,0.0
cached,256,8.0,8,gridFillCpu,0,0.0,0.0,0.0,0.0,0.0
cached,256,8.0,16,wallFrame,1800,5.8487180555555565,5.8378,6.505485,6.797206,5.824450000000001
cached,256,8.0,16,cpuFrame,1800,5.840826777777778,5.8291,6.499029999999999,6.7890179999999996,5.81795
cached,256,8.0,16,gpuFrame,1800,4.55225008,4.550464,5.030247999999999,5.32754016,4.539056
cached,256,8.0,16,gridLightingCpu,1800,0.004143888888888889,0.004,0.0052,0.007200999999999999,0.0039
cached,256,8.0,16,gridLightingGpu,1800,3.774873191111111,3.786432,4.2257952,4.451392,3.789904
cached,256,8.0,16,cacheCheckCpu,1800,0.014718888888888889,0.0141,0.0165,0.0262,0.0141
cached,256,8.0,16,gridBuildCpu,1800,3.0888888888888886e-05,0.0,0.0001,0.0001,0.0
cached,256,8.0,16,gridUploadCpu,1800,3.4611111111111114e-05,0.0,0.0001,0.0001,0.0
cached,256,8.0,16,gridBoundsCpu,0,0.0,0.0,0.0,0.0,0.0
cached,256,8.0,16,gridCountCpu,0,0.0,0.0,0.0,0.0,0.0
cached,256,8.0,16,gridPrefixCpu,0,0.0,0.0,0.0,0.0,0.0
cached,256,8.0,16,gridFillCpu,0,0.0,0.0,0.0,0.0,0.0
cached,256,12.0,1,wallFrame,1800,7.376978777777778,7.34945,8.061665,8.34531,7.3290500000000005
cached,256,12.0,1,cpuFrame,1800,7.369282277777778,7.3422,8.055445,8.337328000000001,7.3224
cached,256,12.0,1,gpuFrame,1800,6.130173102222222,6.0892800000000005,6.6772,6.9262105599999995,6.083648
cached,256,12.0,1,gridLightingCpu,1800,0.004287277777777778,0.0041,0.0051,0.006500999999999999,0.0041
cached,256,12.0,1,gridLightingGpu,1800,5.181630062222221,5.162992,5.6696896,5.919960959999999,5.162688
cached,256,12.0,1,cacheCheckCpu,1800,0.014996444444444444,0.0143,0.0168,0.03040899999999999,0.0143
cached,256,12.0,1,gridBuildCpu,1800,3.188888888888889e-05,0.0,0.0001,0.0001,0.0
cached,256,12.0,1,gridUploadCpu,1800,3.155555555555556e-05,0.0,0.0001,0.0001,0.0
cached,256,12.0,1,gridBoundsCpu,0,0.0,0.0,0.0,0.0,0.0
cached,256,12.0,1,gridCountCpu,0,0.0,0.0,0.0,0.0,0.0
cached,256,12.0,1,gridPrefixCpu,0,0.0,0.0,0.0,0.0,0.0
cached,256,12.0,1,gridFillCpu,0,0.0,0.0,0.0,0.0,0.0
cached,256,12.0,2,wallFrame,1800,7.319452888888889,7.296099999999999,7.971215,8.200012,7.276
cached,256,12.0,2,cpuFrame,1800,7.311856222222222,7.288449999999999,7.965415,8.192437,7.26945
cached,256,12.0,2,gpuFrame,1800,6.072471466666667,6.038,6.6079344,6.80050944,6.03112
cached,256,12.0,2,gridLightingCpu,1800,0.0042497222222222224,0.004,0.005104999999999996,0.0069,0.004
cached,256,12.0,2,gridLightingGpu,1800,5.122620017777778,5.101024,5.615147199999999,5.9093744,5.10064
cached,256,12.0,2,cacheCheckCpu,1800,0.014581222222222223,0.0142,0.0164,0.02131099999999999,0.01415
cached,256,12.0,2,gridBuildCpu,1800,3.116666666666667e-05,0.0,0.0001,0.0001,0.0
cached,256,12.0,2,gridUploadCpu,1800,3.272222222222222e-05,0.0,0.0001,0.0001,0.0
cached,256,12.0,2,gridBoundsCpu,0,0.0,0.0,0.0,0.0,0.0
cached,256,12.0,2,gridCountCpu,0,0.0,0.0,0.0,0.0,0.0
cached,256,12.0,2,gridPrefixCpu,0,0.0,0.0,0.0,0.0,0.0
cached,256,12.0,2,gridFillCpu,0,0.0,0.0,0.0,0.0,0.0
cached,256,12.0,4,wallFrame,1800,7.309372833333334,7.2867999999999995,7.973345,8.267558,7.26485
cached,256,12.0,4,cpuFrame,1800,7.301519611111111,7.27745,7.965925,8.260769,7.25825
cached,256,12.0,4,gpuFrame,1800,6.061052977777777,6.026928,6.5940864,6.8792716799999996,6.00912
cached,256,12.0,4,gridLightingCpu,1800,0.004476277777777778,0.0041,0.0052,0.009007999999999992,0.0041
cached,256,12.0,4,gridLightingGpu,1800,5.124212408888889,5.1216159999999995,5.571726399999999,5.8274428799999995,5.124207999999999
cached,256,12.0,4,cacheCheckCpu,1800,0.014591000000000002,0.0142,0.016304999999999993,0.0226,0.0142
cached,256,12.0,4,gridBuildCpu,1800,3.1e-05,0.0,0.0001,0.0001,0.0
cached,256,12.0,4,gridUploadCpu,1800,3.0500000000000003e-05,0.0,0.0001,0.0001,0.0
cached,256,12.0,4,gridBoundsCpu,0,0.0,0.0,0.0,0.0,0.0
cached,256,12.0,4,gridCountCpu,0,0.0,0.0,0.0,0.0,0.0
cached,256,12.0,4,gridPrefixCpu,0,0.0,0.0,0.0,0.0,0.0
cached,256,12.0,4,gridFillCpu,0,0.0,0.0,0.0,0.0,0.0
cached,256,12.0,8,wallFrame,1800,7.2913638333333335,7.2578499999999995,7.979975,8.266319999999999,7.2482500000000005
cached,256,12.0,8,cpuFrame,1800,7.283631333333334,7.25,7.972779999999999,8.260898,7.24075
cached,256,12.0,8,gpuFrame,1800,6.047651093333334,6.006416,6.58692,6.91070432,6.002176
cached,256,12.0,8,gridLightingCpu,1800,0.004241388888888889,0.004,0.0051,0.007702999999999997,0.004
cached,256,12.0,8,gridLightingGpu,1800,5.105473813333334,5.08952,5.5686928,5.875414719999999,5.079072
cached,256,12.0,8,cacheCheckCpu,1800,0.014658222222222222,0.0142,0.0165,0.024802999999999995,0.0142
cached,256,12.0,8,gridBuildCpu,1800,3.266666666666667e-05,0.0,0.0001,0.0001,0.0
cached,256,12.0,8,gridUploadCpu,1800,3.1222222222222225e-05,0.0,0.0001,0.0001,0.0
cached,256,12.0,8,gridBoundsCpu,0,0.0,0.0,0.0,0.0,0.0
cached,256,12.0,8,gridCountCpu,0,0.0,0.0,0.0,0.0,0.0
cached,256,12.0,8,gridPrefixCpu,0,0.0,0.0,0.0,0.0,0.0
cached,256,12.0,8,gridFillCpu,0,0.0,0.0,0.0,0.0,0.0
cached,256,12.0,16,wallFrame,1800,7.26719238888889,7.2409,7.90184,8.292747,7.22875
cached,256,12.0,16,cpuFrame,1800,7.259367666666666,7.23385,7.89417,8.28624,7.2219999999999995
cached,256,12.0,16,gpuFrame,1800,6.008827537777778,5.9872,6.5377328,6.77687232,5.9879359999999995
cached,256,12.0,16,gridLightingCpu,1800,0.004181666666666666,0.004,0.0051,0.006500999999999999,0.004
cached,256,12.0,16,gridLightingGpu,1800,5.080993795555556,5.067904,5.560936,5.7583408,5.071616000000001
cached,256,12.0,16,cacheCheckCpu,1800,0.014760722222222224,0.0143,0.0166,0.017901999999999998,0.0143
cached,256,12.0,16,gridBuildCpu,1800,3.116666666666667e-05,0.0,0.0001,0.0001,0.0
cached,256,12.0,16,gridUploadCpu,1800,3.144444444444445e-05,0.0,0.0001,0.0001,0.0
cached,256,12.0,16,gridBoundsCpu,0,0.0,0.0,0.0,0.0,0.0
cached,256,12.0,16,gridCountCpu,0,0.0,0.0,0.0,0.0,0.0
cached,256,12.0,16,gridPrefixCpu,0,0.0,0.0,0.0,0.0,0.0
cached,256,12.0,16,gridFillCpu,0,0.0,0.0,0.0,0.0,0.0
cached,512,1.5,1,wallFrame,1800,2.2252862777777778,2.1871,2.6102749999999997,2.850101,2.17535
cached,512,1.5,1,cpuFrame,1800,2.217304,2.1788499999999997,2.60256,2.843706,2.16755
cached,512,1.5,1,gpuFrame,1800,1.0969850666666667,1.05712,1.2837408,1.4548396799999999,1.055456
cached,512,1.5,1,gridLightingCpu,1800,0.0037508333333333334,0.0035,0.0049,0.0067,0.0035
cached,512,1.5,1,gridLightingGpu,1800,0.39606551111111116,0.385888,0.3985183999999999,0.6190214399999999,0.385824
cached,512,1.5,1,cacheCheckCpu,1800,0.028492444444444445,0.0276,0.0321,0.044651999999999956,0.0276
cached,512,1.5,1,gridBuildCpu,1800,2.866666666666667e-05,0.0,0.0001,0.0001,0.0
cached,512,1.5,1,gridUploadCpu,1800,3.1277777777777776e-05,0.0,0.0001,0.0001,0.0
cached,512,1.5,1,gridBoundsCpu,0,0.0,0.0,0.0,0.0,0.0
cached,512,1.5,1,gridCountCpu,0,0.0,0.0,0.0,0.0,0.0
cached,512,1.5,1,gridPrefixCpu,0,0.0,0.0,0.0,0.0,0.0
cached,512,1.5,1,gridFillCpu,0,0.0,0.0,0.0,0.0,0.0
cached,512,1.5,2,wallFrame,1800,2.1039873888888887,2.0675,2.473645,2.690648,2.0783
cached,512,1.5,2,cpuFrame,1800,2.0960234444444446,2.0597000000000003,2.4673049999999996,2.683753,2.0698
cached,512,1.5,2,gpuFrame,1800,0.9959149866666667,0.965632,1.1534191999999999,1.3403791999999999,0.9656
cached,512,1.5,2,gridLightingCpu,1800,0.003734555555555555,0.0035,0.0048,0.006701999999999999,0.0035
cached,512,1.5,2,gridLightingGpu,1800,0.30453557333333325,0.296032,0.2998752,0.52511168,0.29584
cached,512,1.5,2,cacheCheckCpu,1800,0.028497055555555553,0.0275,0.0321,0.041103999999999995,0.0275
cached,512,1.5,2,gridBuildCpu,1800,3.3722222222222225e-05,0.0,0.0001,0.0001,0.0
cached,512,1.5,2,gridUploadCpu,1800,3.105555555555556e-05,0.0,0.0001,0.0001,0.0
cached,512,1.5,2,gridBoundsCpu,0,0.0,0.0,0.0,0.0,0.0
cached,512,1.5,2,gridCountCpu,0,0.0,0.0,0.0,0.0,0.0
cached,512,1.5,2,gridPrefixCpu,0,0.0,0.0,0.0,0.0,0.0
cached,512,1.5,2,gridFillCpu,0,0.0,0.0,0.0,0.0,0.0
cached,512,1.5,4,wallFrame,1800,2.133727722222222,2.09985,2.521105,2.804224,2.1036
cached,512,1.5,4,cpuFrame,1800,2.125766111111111,2.0915,2.51144,2.7955419999999997,2.0948
cached,512,1.5,4,gpuFrame,1800,0.9811606933333334,0.950688,1.1365824,1.30906144,0.950704
cached,512,1.5,4,gridLightingCpu,1800,0.003961944444444444,0.0037,0.0054,0.007300999999999999,0.0036
cached,512,1.5,4,gridLightingGpu,1800,0.2875542044444444,0.280896,0.284128,0.47134047999999995,0.280992
cached,512,1.5,4,cacheCheckCpu,1800,0.028699500000000003,0.0277,0.0321,0.04531199999999999,0.0277
cached,512,1.5,4,gridBuildCpu,1800,3.066666666666667e-05,0.0,0.0001,0.0001,0.0
cached,512,1.5,4,gridUploadCpu,1800,3.1277777777777776e-05,0.0,0.0001,0.0001,0.0
cached,512,1.5,4,gridBoundsCpu,0,0.0,0.0,0.0,0.0,0.0
cached,512,1.5,4,gridCountCpu,0,0.0,0.0,0.0,0.0,0.0
cached,512,1.5,4,gridPrefixCpu,0,0.0,0.0,0.0,0.0,0.0
cached,512,1.5,4,gridFillCpu,0,0.0,0.0,0.0,0.0,0.0
cached,512,1.5,8,wallFrame,1800,2.0614732777777776,2.0288500000000003,2.435105,2.703906,2.0284
cached,512,1.5,8,cpuFrame,1800,2.0534805555555553,2.02005,2.427485,2.697003,2.02005
cached,512,1.5,8,gpuFrame,1800,0.9411632177777779,0.914816,1.0961999999999998,1.25236032,0.914912
cached,512,1.5,8,gridLightingCpu,1800,0.003566555555555556,0.0034,0.0046,0.0061,0.0034
cached,512,1.5,8,gridLightingGpu,1800,0.24923248,0.243104,0.245632,0.44622719999999994,0.243168
cached,512,1.5,8,cacheCheckCpu,1800,0.028344666666666664,0.0276,0.0321,0.042402999999999996,0.0276
cached,512,1.5,8,gridBuildCpu,1800,3.311111111111112e-05,0.0,0.0001,0.0001,0.0
cached,512,1.5,8,gridUploadCpu,1800,2.8444444444444447e-05,0.0,0.0001,0.0001,0.0
cached,512,1.5,8,gridBoundsCpu,0,0.0,0.0,0.0,0.0,0.0
cached,512,1.5,8,gridCountCpu,0,0.0,0.0,0.0,0.0,0.0
cached,512,1.5,8,gridPrefixCpu,0,0.0,0.0,0.0,0.0,0.0
cached,512,1.5,8,gridFillCpu,0,0.0,0.0,0.0,0.0,0.0
cached,512,1.5,16,wallFrame,1800,2.0195976666666664,1.98795,2.359805,2.613729,1.983
cached,512,1.5,16,cpuFrame,1800,2.011760888888889,1.98015,2.3533999999999997,2.600862,1.97475
cached,512,1.5,16,gpuFrame,1800,0.91736096,0.891552,1.0769487999999998,1.25181408,0.8916
cached,512,1.5,16,gridLightingCpu,1800,0.0036283333333333332,0.0034,0.0046,0.006501999999999998,0.0034
cached,512,1.5,16,gridLightingGpu,1800,0.22547610666666665,0.218752,0.220928,0.42832287999999996,0.218688
cached,512,1.5,16,cacheCheckCpu,1800,0.0284215,0.0275,0.032,0.04452299999999998,0.0275
cached,512,1.5,16,gridBuildCpu,1800,3.055555555555556e-05,0.0,0.0001,0.0001,0.0
cached,512,1.5,16,gridUploadCpu,1800,3.1222222222222225e-05,0.0,0.0001,0.0001,0.0
cached,512,1.5,16,gridBoundsCpu,0,0.0,0.0,0.0,0.0,0.0
cached,512,1.5,16,gridCountCpu,0,0.0,0.0,0.0,0.0,0.0
cached,512,1.5,16,gridPrefixCpu,0,0.0,0.0,0.0,0.0,0.0
cached,512,1.5,16,gridFillCpu,0,0.0,0.0,0.0,0.0,0.0
cached,512,3.0,1,wallFrame,1800,3.568053388888889,3.55855,4.02579,4.2702599999999995,3.56665
cached,512,3.0,1,cpuFrame,1800,3.560098,3.5511,4.0188049999999995,4.26302,3.5591
cached,512,3.0,1,gpuFrame,1800,2.389958862222222,2.349408,2.82648,3.032432,2.354992
cached,512,3.0,1,gridLightingCpu,1800,0.004129555555555556,0.004,0.0053,0.0067,0.004
cached,512,3.0,1,gridLightingGpu,1800,1.4953363733333334,1.42264,1.9405904,2.26491168,1.422336
cached,512,3.0,1,cacheCheckCpu,1800,0.028440722222222225,0.0278,0.031004999999999994,0.04160199999999999,0.0278
cached,512,3.0,1,gridBuildCpu,1800,3.2055555555555556e-05,0.0,0.0001,0.0001,0.0
cached,512,3.0,1,gridUploadCpu,1800,3.155555555555556e-05,0.0,0.0001,0.0001,0.0
cached,512,3.0,1,gridBoundsCpu,0,0.0,0.0,0.0,0.0,0.0
cached,512,3.0,1,gridCountCpu,0,0.0,0.0,0.0,0.0,0.0
cached,512,3.0,1,gridPrefixCpu,0,0.0,0.0,0.0,0.0,0.0
cached,512,3.0,1,gridFillCpu,0,0.0,0.0,0.0,0.0,0.0
cached,512,3.0,2,wallFrame,1800,3.268002055555555,3.2470999999999997,3.749475,4.0036629999999995,3.24105
cached,512,3.0,2,cpuFrame,1800,3.260114388888889,3.2396,3.742425,3.997369,3.2327
cached,512,3.0,2,gpuFrame,1800,1.9815917155555556,1.885344,2.4617136,2.75494432,1.885312
cached,512,3.0,2,gridLightingCpu,1800,0.003912444444444444,0.0037,0.0048,0.006300999999999999,0.0037
cached,512,3.0,2,gridLightingGpu,1800,1.231112248888889,1.205824,1.38616,1.76886944,1.205856
cached,512,3.0,2,cacheCheckCpu,1800,0.028886555555555558,0.0278,0.0322,0.053307999999999994,0.0278
cached,512,3.0,2,gridBuildCpu,1800,3.0222222222222225e-05,0.0,0.0001,0.0001,0.0
cached,512,3.0,2,gridUploadCpu,1800,3.6e-05,0.0,0.0001,0.0001,0.0
cached,512,3.0,2,gridBoundsCpu,0,0.0,0.0,0.0,0.0,0.0
cached,512,3.0,2,gridCountCpu,0,0.0,0.0,0.0,0.0,0.0
cached,512,3.0,2,gridPrefixCpu,0,0.0,0.0,0.0,0.0,0.0
cached,512,3.0,2,gridFillCpu,0,0.0,0.0,0.0,0.0,0.0
cached,512,3.0,4,wallFrame,1800,3.2798205555555553,3.26495,3.75272,3.961773,3.2408
cached,512,3.0,4,cpuFrame,1800,3.2717732777777777,3.2568,3.74441,3.95486,3.232
cached,512,3.0,4,gpuFrame,1800,1.9642967644444445,1.867968,2.4297919999999995,2.6362313599999996,1.867424
cached,512,3.0,4,gridLightingCpu,1800,0.004065555555555556,0.0038,0.0054,0.0075,0.0038
cached,512,3.0,4,gridLightingGpu,1800,1.2110797511111109,1.188288,1.3682576,1.62502944,1.188256
cached,512,3.0,4,cacheCheckCpu,1800,0.02867911111111111,0.0279,0.0316,0.044603,0.0279
cached,512,3.0,4,gridBuildCpu,1800,3.272222222222223e-05,0.0,0.0001,0.0001,0.0
cached,512,3.0,4,gridUploadCpu,1800,3.0944444444444444e-05,0.0,0.0001,0.0001,0.0
cached,512,3.0,4,gridBoundsCpu,0,0.0,0.0,0.0,0.0,0.0
cached,512,3.0,4,gridCountCpu,0,0.0,0.0,0.0,0.0,0.0
cached,512,3.0,4,gridPrefixCpu,0,0.0,0.0,0.0,0.0,0.0
cached,512,3.0,4,gridFillCpu,0,0.0,0.0,0.0,0.0,0.0
cached,512,3.0,8,wallFrame,1800,3.148562888888889,3.13145,3.653065,3.8994340000000003,3.1024
cached,512,3.0,8,cpuFrame,1800,3.1406123333333333,3.12365,3.64581,3.891435,3.0954
cached,512,3.0,8,gpuFrame,1800,1.8280176533333332,1.767776,2.2363696,2.53598848,1.767168
cached,512,3.0,8,gridLightingCpu,1800,0.0040629444444444445,0.0038,0.0054,0.007500999999999999,0.0038
cached,512,3.0,8,gridLightingGpu,1800,1.1063751644444444,1.088672,1.2488256,1.5266444799999999,1.088352
cached,512,3.0,8,cacheCheckCpu,1800,0.028772166666666668,0.0278,0.0315,0.046806999999999994,0.0277
cached,512,3.0,8,gridBuildCpu,1800,3.322222222222222e-05,0.0,0.0001,0.0001,0.0
cached,512,3.0,8,gridUploadCpu,1800,3.0500000000000003e-05,0.0,0.0001,0.0001,0.0
cached,512,3.0,8,gridBoundsCpu,0,0.0,0.0,0.0,0.0,0.0
cached,512,3.0,8,gridCountCpu,0,0.0,0.0,0.0,0.0,0.0
cached,512,3.0,8,gridPrefixCpu,0,0.0,0.0,0.0,0.0,0.0
cached,512,3.0,8,gridFillCpu,0,0.0,0.0,0.0,0.0,0.0
cached,512,3.0,16,wallFrame,1800,3.0745829444444444,3.0650000000000004,3.50672,3.737538,3.0642500000000004
cached,512,3.0,16,cpuFrame,1800,3.066466166666667,3.05735,3.49796,3.7296499999999995,3.0564999999999998
cached,512,3.0,16,gpuFrame,1800,1.7642464533333333,1.71912,2.0693504,2.3129683199999995,1.718608
cached,512,3.0,16,gridLightingCpu,1800,0.0038287222222222225,0.0036,0.0047,0.006801999999999998,0.0036
cached,512,3.0,16,gridLightingGpu,1800,1.052844568888889,1.039936,1.1860415999999998,1.38750464,1.039504
cached,512,3.0,16,cacheCheckCpu,1800,0.028500333333333336,0.0277,0.0316,0.043417999999999984,0.0277
cached,512,3.0,16,gridBuildCpu,1800,3.2055555555555556e-05,0.0,0.0001,0.0001,0.0
cached,512,3.0,16,gridUploadCpu,1800,2.9333333333333333e-05,0.0,0.0001,0.0001,0.0
cached,512,3.0,16,gridBoundsCpu,0,0.0,0.0,0.0,0.0,0.0
cached,512,3.0,16,gridCountCpu,0,0.0,0.0,0.0,0.0,0.0
cached,512,3.0,16,gridPrefixCpu,0,0.0,0.0,0.0,0.0,0.0
cached,512,3.0,16,gridFillCpu,0,0.0,0.0,0.0,0.0,0.0
cached,512,6.0,1,wallFrame,1800,8.075651444444444,8.0542,8.79243,9.148443,8.01755
cached,512,6.0,1,cpuFrame,1800,8.0677945,8.04725,8.785465,9.143904000000001,8.0104
cached,512,6.0,1,gpuFrame,1800,6.812647128888889,6.767904,7.3928367999999995,7.73786976,6.755936
cached,512,6.0,1,gridLightingCpu,1800,0.0045336111111111115,0.0043,0.0056,0.007801999999999998,0.0043
cached,512,6.0,1,gridLightingGpu,1800,5.8443580088888885,5.801472,6.4455776,6.85972768,5.81152
cached,512,6.0,1,cacheCheckCpu,1800,0.028881111111111114,0.0281,0.0311,0.046518999999999984,0.028
cached,512,6.0,1,gridBuildCpu,1800,3.0722222222222227e-05,0.0,0.0001,0.0001,0.0
cached,512,6.0,1,gridUploadCpu,1800,3.3e-05,0.0,0.0001,0.0001,0.0
cached,512,6.0,1,gridBoundsCpu,0,0.0,0.0,0.0,0.0,0.0
cached,512,6.0,1,gridCountCpu,0,0.0,0.0,0.0,0.0,0.0
cached,512,6.0,1,gridPrefixCpu,0,0.0,0.0,0.0,0.0,0.0
cached,512,6.0,1,gridFillCpu,0,0.0,0.0,0.0,0.0,0.0
cached,512,6.0,2,wallFrame,1800,7.619521833333333,7.5984,8.296905,8.636594,7.58735
cached,512,6.0,2,cpuFrame,1800,7.612086555555556,7.5914,8.28955,8.629593,7.5809999999999995
cached,512,6.0,2,gpuFrame,1800,6.372083928888889,6.330592,6.9153664,7.24945728,6.3384160000000005
cached,512,6.0,2,gridLightingCpu,1800,0.004306333333333334,0.0041,0.0051,0.006000999999999999,0.00415
cached,512,6.0,2,gridLightingGpu,1800,5.4055504177777784,5.387568,5.89576,6.20712992,5.3836
cached,512,6.0,2,cacheCheckCpu,1800,0.028675444444444444,0.028,0.0306,0.044904,0.028
cached,512,6.0,2,gridBuildCpu,1800,3.272222222222223e-05,0.0,0.0001,0.0001,0.0
cached,512,6.0,2,gridUploadCpu,1800,2.938888888888889e-05,0.0,0.0001,0.0001,0.0
cached,512,6.0,2,gridBoundsCpu,0,0.0,0.0,0.0,0.0,0.0
cached,512,6.0,2,gridCountCpu,0,0.0,0.0,0.0,0.0,0.0
cached,512,6.0,2,gridPrefixCpu,0,0.0,0.0,0.0,0.0,0.0
cached,512,6.0,2,gridFillCpu,0,0.0,0.0,0.0,0.0,0.0
cached,512,6.0,4,wallFrame,1800,7.663139722222223,7.62775,8.308445,8.645289,7.599
cached,512,6.0,4,cpuFrame,1800,7.655487388888889,7.6203,8.301125,8.638301,7.59205
cached,512,6.0,4,gpuFrame,1800,6.395719342222222,6.351456000000001,6.940352,7.22966144,6.35328
cached,512,6.0,4,gridLightingCpu,1800,0.004358277777777779,0.0042,0.0053,0.0077,0.0041
cached,512,6.0,4,gridLightingGpu,1800,5.42550896,5.411104,5.883088,6.19255904,5.4164639999999995
cached,512,6.0,4,cacheCheckCpu,1800,0.028853444444444445,0.0281,0.0319,0.04452299999999998,0.0281
cached,512,6.0,4,gridBuildCpu,1800,3.116666666666667e-05,0.0,0.0001,0.0001,0.0
cached,512,6.0,4,gridUploadCpu,1800,2.8722222222222225e-05,0.0,0.0001,0.0001,0.0
cached,512,6.0,4,gridBoundsCpu,0,0.0,0.0,0.0,0.0,0.0
cached,512,6.0,4,gridCountCpu,0,0.0,0.0,0.0,0.0,0.0
cached,512,6.0,4,gridPrefixCpu,0,0.0,0.0,0.0,0.0,0.0
cached,512,6.0,4,gridFillCpu,0,0.0,0.0,0.0,0.0,0.0
cached,512,6.0,8,wallFrame,1800,7.5151966111111115,7.4783,8.177705,8.576009,7.45595
cached,512,6.0,8,cpuFrame,1800,7.507360055555556,7.469049999999999,8.169695,8.569707,7.447
cached,512,6.0,8,gpuFrame,1800,6.266731448888889,6.210336,6.8173744,7.05952,6.185344
cached,512,6.0,8,gridLightingCpu,1800,0.004580611111111112,0.0043,0.0055,0.007802999999999997,0.0042
cached,512,6.0,8,gridLightingGpu,1800,5.308613653333333,5.279008,5.810047999999999,6.0752966399999995,5.288336
cached,512,6.0,8,cacheCheckCpu,1800,0.02893972222222222,0.0282,0.0319,0.044604,0.0282
cached,512,6.0,8,gridBuildCpu,1800,3.0833333333333335e-05,0.0,0.0001,0.0001,0.0
cached,512,6.0,8,gridUploadCpu,1800,3.1277777777777776e-05,0.0,0.0001,0.0001,0.0
cached,512,6.0,8,gridBoundsCpu,0,0.0,0.0,0.0,0.0,0.0
cached,512,6.0,8,gridCountCpu,0,0.0,0.0,0.0,0.0,0.0
cached,512,6.0,8,gridPrefixCpu,0,0.0,0.0,0.0,0.0,0.0
cached,512,6.0,8,gridFillCpu,0,0.0,0.0,0.0,0.0,0.0
cached,512,6.0,16,wallFrame,1800,7.399958944444445,7.37135,8.069515,8.346207999999999,7.3485
cached,512,6.0,16,cpuFrame,1800,7.3921205555555565,7.3637999999999995,8.060875,8.338525,7.34185
cached,512,6.0,16,gpuFrame,1800,6.158854879999999,6.108688,6.7046432,6.93688896,6.098656
cached,512,6.0,16,gridLightingCpu,1800,0.004430277777777778,0.0041,0.0053,0.008403999999999997,0.004
cached,512,6.0,16,gridLightingGpu,1800,5.206257671111111,5.185776000000001,5.708399999999999,5.98775744,5.188592
cached,512,6.0,16,cacheCheckCpu,1800,0.029413388888888888,0.028,0.0322,0.055503,0.028
cached,512,6.0,16,gridBuildCpu,1800,3.233333333333333e-05,0.0,0.0001,0.0001,0.0
cached,512,6.0,16,gridUploadCpu,1800,3.227777777777778e-05,0.0,0.0001,0.0001,0.0
cached,512,6.0,16,gridBoundsCpu,0,0.0,0.0,0.0,0.0,0.0
cached,512,6.0,16,gridCountCpu,0,0.0,0.0,0.0,0.0,0.0
cached,512,6.0,16,gridPrefixCpu,0,0.0,0.0,0.0,0.0,0.0
cached,512,6.0,16,gridFillCpu,0,0.0,0.0,0.0,0.0,0.0
cached,512,8.0,1,wallFrame,1800,10.278330722222222,10.25765,11.082015,11.463504,10.206900000000001
cached,512,8.0,1,cpuFrame,1800,10.27017622222222,10.2495,11.073485,11.456308,10.199950000000001
cached,512,8.0,1,gpuFrame,1800,9.040608853333334,9.00448,9.778619200000001,10.1743968,8.977792
cached,512,8.0,1,gridLightingCpu,1800,0.004608388888888888,0.0042,0.0054,0.009605999999999993,0.0042
cached,512,8.0,1,gridLightingGpu,1800,8.169098773333333,8.112704,8.980056,9.3088768,8.072479999999999
cached,512,8.0,1,cacheCheckCpu,1800,0.02931522222222222,0.0281,0.0319,0.054007999999999994,0.0281
cached,512,8.0,1,gridBuildCpu,1800,2.9555555555555553e-05,0.0,0.0001,0.0001,0.0
cached,512,8.0,1,gridUploadCpu,1800,2.9111111111111112e-05,0.0,0.0001,0.0001,0.0
cached,512,8.0,1,gridBoundsCpu,0,0.0,0.0,0.0,0.0,0.0
cached,512,8.0,1,gridCountCpu,0,0.0,0.0,0.0,0.0,0.0
cached,512,8.0,1,gridPrefixCpu,0,0.0,0.0,0.0,0.0,0.0
cached,512,8.0,1,gridFillCpu,0,0.0,0.0,0.0,0.0,0.0
cached,512,8.0,2,wallFrame,1800,9.92181738888889,9.9034,10.698755,10.952982,9.9223
cached,512,8.0,2,cpuFrame,1800,9.913892333333333,9.89475,10.691115,10.946059,9.914950000000001
cached,512,8.0,2,gpuFrame,1800,8.686438808888887,8.658591999999999,9.3988336,9.70534784,8.683440000000001
cached,512,8.0,2,gridLightingCpu,1800,0.004466055555555555,0.0042,0.0053,0.0081,0.0043
cached,512,8.0,2,gridLightingGpu,1800,7.8252523911111105,7.789424,8.6087472,8.930607360000002,7.792944
cached,512,8.0,2,cacheCheckCpu,1800,0.0291915,0.0281,0.031605,0.055801,0.0281
cached,512,8.0,2,gridBuildCpu,1800,3.155555555555556e-05,0.0,0.0001,0.0001,0.0
cached,512,8.0,2,gridUploadCpu,1800,3.261111111111111e-05,0.0,0.0001,0.0001,0.0
cached,512,8.0,2,gridBoundsCpu,0,0.0,0.0,0.0,0.0,0.0
cached,512,8.0,2,gridCountCpu,0,0.0,0.0,0.0,0.0,0.0
cached,512,8.0,2,gridPrefixCpu,0,0.0,0.0,0.0,0.0,0.0
cached,512,8.0,2,gridFillCpu,0,0.0,0.0,0.0,0.0,0.0
cached,512,8.0,4,wallFrame,1800,9.931965222222221,9.90695,10.74644,11.065821,9.8951
cached,512,8.0,4,cpuFrame,1800,9.924203166666668,9.89965,10.738705,11.057135,9.8874
cached,512,8.0,4,gpuFrame,1800,8.696390737777778,8.651312,9.4650544,9.78205472,8.65064
cached,512,8.0,4,gridLightingCpu,1800,0.004661722222222223,0.0043,0.0057,0.0085,0.0044
cached,512,8.0,4,gridLightingGpu,1800,7.828489386666667,7.762288,8.684964800000001,8.9901856,7.750176
cached,512,8.0,4,cacheCheckCpu,1800,0.029500222222222223,0.0282,0.0321,0.055701,0.02815
cached,512,8.0,4,gridBuildCpu,1800,3.1222222222222225e-05,0.0,0.0001,0.0001,0.0
cached,512,8.0,4,gridUploadCpu,1800,3.15e-05,0.0,0.0001,0.0001,0.0
cached,512,8.0,4,gridBoundsCpu,0,0.0,0.0,0.0,0.0,0.0
cached,512,8.0,4,gridCountCpu,0,0.0,0.0,0.0,0.0,0.0
cached,512,8.0,4,gridPrefixCpu,0,0.0,0.0,0.0,0.0,0.0
cached,512,8.0,4,gridFillCpu,0,0.0,0.0,0.0,0.0,0.0
cached,512,8.0,8,wallFrame,1800,9.826128777777775,9.8094,10.636965,10.993231999999999,9.79575
cached,512,8.0,8,cpuFrame,1800,9.818407888888888,9.80325,10.629555,10.985533,9.7878
cached,512,8.0,8,gpuFrame,1800,8.586127804444445,8.554576,9.367119999999998,9.737828480000001,8.513776
cached,512,8.0,8,gridLightingCpu,1800,0.004426444444444445,0.0042,0.0056,0.0076019999999999985,0.00425
cached,512,8.0,8,gridLightingGpu,1800,7.681224977777778,7.596704,8.580956800000001,8.94978144,7.586880000000001
cached,512,8.0,8,cacheCheckCpu,1800,0.028891,0.0281,0.030904999999999995,0.053904,0.0281
cached,512,8.0,8,gridBuildCpu,1800,3.2444444444444446e-05,0.0,0.0001,0.0001,0.0
cached,512,8.0,8,gridUploadCpu,1800,2.988888888888889e-05,0.0,0.0001,0.0001,0.0
cached,512,8.0,8,gridBoundsCpu,0,0.0,0.0,0.0,0.0,0.0
cached,512,8.0,8,gridCountCpu,0,0.0,0.0,0.0,0.0,0.0
cached,512,8.0,8,gridPrefixCpu,0,0.0,0.0,0.0,0.0,0.0
cached,512,8.0,8,gridFillCpu,0,0.0,0.0,0.0,0.0,0.0
cached,512,8.0,16,wallFrame,1800,9.647506833333335,9.61995,10.41268,10.71407,9.59605
cached,512,8.0,16,cpuFrame,1800,9.639563277777778,9.61155,10.40648,10.707045,9.58835
cached,512,8.0,16,gpuFrame,1800,8.424026453333333,8.375648,9.1961232,9.44550624,8.373695999999999
cached,512,8.0,16,gridLightingCpu,1800,0.004595833333333334,0.0043,0.0055,0.008302999999999998,0.0043
cached,512,8.0,16,gridLightingGpu,1800,7.368129173333333,7.218304,8.294387200000001,8.6604848,7.23672
cached,512,8.0,16,cacheCheckCpu,1800,0.029042444444444447,0.0281,0.0313,0.053409,0.0281
cached,512,8.0,16,gridBuildCpu,1800,3.0000000000000004e-05,0.0,0.0001,0.0001,0.0
cached,512,8.0,16,gridUploadCpu,1800,3.066666666666667e-05,0.0,0.0001,0.0001,0.0
cached,512,8.0,16,gridBoundsCpu,0,0.0,0.0,0.0,0.0,0.0
cached,512,8.0,16,gridCountCpu,0,0.0,0.0,0.0,0.0,0.0
cached,512,8.0,16,gridPrefixCpu,0,0.0,0.0,0.0,0.0,0.0
cached,512,8.0,16,gridFillCpu,0,0.0,0.0,0.0,0.0,0.0
cached,512,12.0,1,wallFrame,1800,12.775074500000002,12.7519,13.731005,14.231900999999999,12.6769
cached,512,12.0,1,cpuFrame,1800,12.767249277777777,12.7439,13.720905,14.223514999999999,12.6702
cached,512,12.0,1,gpuFrame,1800,11.478087573333333,11.44752,12.342353600000001,12.751548479999999,11.376752
cached,512,12.0,1,gridLightingCpu,1800,0.004696,0.0045,0.0056,0.008301,0.0045
cached,512,12.0,1,gridLightingGpu,1800,10.555324355555555,10.545536,11.439676799999999,11.8495984,10.448319999999999
cached,512,12.0,1,cacheCheckCpu,1800,0.02880194444444445,0.0281,0.0307,0.042804999999999996,0.0281
cached,512,12.0,1,gridBuildCpu,1800,3.033333333333334e-05,0.0,0.0001,0.0001,0.0
cached,512,12.0,1,gridUploadCpu,1800,3.1e-05,0.0,0.0001,0.0001,0.0
cached,512,12.0,1,gridBoundsCpu,0,0.0,0.0,0.0,0.0,0.0
cached,512,12.0,1,gridCountCpu,0,0.0,0.0,0.0,0.0,0.0
cached,512,12.0,1,gridPrefixCpu,0,0.0,0.0,0.0,0.0,0.0
cached,512,12.0,1,gridFillCpu,0,0.0,0.0,0.0,0.0,0.0
cached,512,12.0,2,wallFrame,1800,12.626824055555558,12.602599999999999,13.593414999999998,14.027925000000002,12.5847
cached,512,12.0,2,cpuFrame,1800,12.6192005,12.59515,13.586325,14.021808,12.577549999999999
cached,512,12.0,2,gpuFrame,1800,11.331341244444443,11.31424,12.2078032,12.59374208,11.281488
cached,512,12.0,2,gridLightingCpu,1800,0.0045751111111111105,0.0043,0.0054,0.008001999999999999,0.0043
cached,512,12.0,2,gridLightingGpu,1800,10.419392444444444,10.407056,11.258568,11.65949376,10.346720000000001
cached,512,12.0,2,cacheCheckCpu,1800,0.028844611111111113,0.0281,0.0308,0.054301,0.0281
cached,512,12.0,2,gridBuildCpu,1800,3.0000000000000004e-05,0.0,0.0001,0.0001,0.0
cached,512,12.0,2,gridUploadCpu,1800,2.966666666666667e-05,0.0,0.0001,0.0001,0.0
cached,512,12.0,2,gridBoundsCpu,0,0.0,0.0,0.0,0.0,0.0
cached,512,12.0,2,gridCountCpu,0,0.0,0.0,0.0,0.0,0.0
cached,512,12.0,2,gridPrefixCpu,0,0.0,0.0,0.0,0.0,0.0
cached,512,12.0,2,gridFillCpu,0,0.0,0.0,0.0,0.0,0.0
cached,512,12.0,4,wallFrame,1800,12.62227388888889,12.587499999999999,13.575075,14.006678,12.64675
cached,512,12.0,4,cpuFrame,1800,12.614558888888888,12.58465,13.564805,14.000459999999999,12.63935
cached,512,12.0,4,gpuFrame,1800,11.32982398222222,11.307535999999999,12.2153408,12.58929376,11.345151999999999
cached,512,12.0,4,gridLightingCpu,1800,0.004609611111111111,0.0044,0.0055,0.0083,0.0044
cached,512,12.0,4,gridLightingGpu,1800,10.4114368,10.385359999999999,11.311696,11.66768864,10.44896
cached,512,12.0,4,cacheCheckCpu,1800,0.02885838888888889,0.028,0.031,0.04721599999999999,0.028
cached,512,12.0,4,gridBuildCpu,1800,3.177777777777778e-05,0.0,0.0001,0.0001,0.0
cached,512,12.0,4,gridUploadCpu,1800,3.088888888888889e-05,0.0,0.0001,0.0001,0.0
cached,512,12.0,4,gridBoundsCpu,0,0.0,0.0,0.0,0.0,0.0
cached,512,12.0,4,gridCountCpu,0,0.0,0.0,0.0,0.0,0.0
cached,512,12.0,4,gridPrefixCpu,0,0.0,0.0,0.0,0.0,0.0
cached,512,12.0,4,gridFillCpu,0,0.0,0.0,0.0,0.0,0.0
cached,512,12.0,8,wallFrame,1800,12.52508011111111,12.504000000000001,13.503525,13.884924,12.40925
cached,512,12.0,8,cpuFrame,1800,12.517325166666666,12.49455,13.496135,13.875742,12.4019
cached,512,12.0,8,gpuFrame,1800,11.235112835555556,11.218992,12.116132799999999,12.5258064,11.150336
cached,512,12.0,8,gridLightingCpu,1800,0.004520277777777778,0.0043,0.0055,0.0081,0.0044
cached,512,12.0,8,gridLightingGpu,1800,10.340535608888889,10.33888,11.175448,11.50219552,10.250608
cached,512,12.0,8,cacheCheckCpu,1800,0.029025166666666668,0.0282,0.030604999999999993,0.04181199999999999,0.0282
cached,512,12.0,8,gridBuildCpu,1800,2.8611111111111113e-05,0.0,0.0001,0.0001,0.0
cached,512,12.0,8,gridUploadCpu,1800,3.45e-05,0.0,0.0001,0.0001,0.0
cached,512,12.0,8,gridBoundsCpu,0,0.0,0.0,0.0,0.0,0.0
cached,512,12.0,8,gridCountCpu,0,0.0,0.0,0.0,0.0,0.0
cached,512,12.0,8,gridPrefixCpu,0,0.0,0.0,0.0,0.0,0.0
cached,512,12.0,8,gridFillCpu,0,0.0,0.0,0.0,0.0,0.0
cached,512,12.0,16,wallFrame,1800,12.46814011111111,12.443449999999999,13.4102,13.745943,12.437100000000001
cached,512,12.0,16,cpuFrame,1800,12.460210611111112,12.436,13.402235000000001,13.738735,12.426749999999998
cached,512,12.0,16,gpuFrame,1800,11.177758257777779,11.14776,12.0202848,12.303408,11.134368
cached,512,12.0,16,gridLightingCpu,1800,0.004530555555555555,0.0042,0.0053049999999999955,0.0085,0.0042
cached,512,12.0,16,gridLightingGpu,1800,10.299792782222221,10.267328,11.1214224,11.4175568,10.235136
cached,512,12.0,16,cacheCheckCpu,1800,0.029175166666666665,0.0281,0.0309,0.054304,0.02805
cached,512,12.0,16,gridBuildCpu,1800,2.9500000000000006e-05,0.0,0.0001,0.0001,0.0
cached,512,12.0,16,gridUploadCpu,1800,3.005555555555556e-05,0.0,0.0001,0.0001,0.0
cached,512,12.0,16,gridBoundsCpu,0,0.0,0.0,0.0,0.0,0.0
cached,512,12.0,16,gridCountCpu,0,0.0,0.0,0.0,0.0,0.0
cached,512,12.0,16,gridPrefixCpu,0,0.0,0.0,0.0,0.0,0.0
cached,512,12.0,16,gridFillCpu,0,0.0,0.0,0.0,0.0,0.0
rebuild,32,1.5,1,wallFrame,1800,2.3159084444444447,2.2817999999999996,2.74614,3.038402,2.2591
rebuild,32,1.5,1,cpuFrame,1800,2.3086367777777776,2.2744999999999997,2.740415,3.031306,2.25205
rebuild,32,1.5,1,gpuFrame,1800,1.1603664533333333,1.1219519999999998,1.4392784,1.6085712,1.116848
rebuild,32,1.5,1,gridLightingCpu,1800,0.005643166666666666,0.0051,0.008804999999999995,0.011301999999999998,0.0051
rebuild,32,1.5,1,gridLightingGpu,1800,0.08698245333333333,0.083776,0.08694879999999999,0.2393599999999999,0.083776
rebuild,32,1.5,1,cacheCheckCpu,1800,0.0020062777777777774,0.0019,0.0023,0.0028009999999999992,0.0019
rebuild,32,1.5,1,gridBuildCpu,1800,1.3830961666666668,1.3686,1.7106249999999998,1.836063,1.3626
rebuild,32,1.5,1,gridUploadCpu,1800,0.005790388888888888,0.0053,0.0082,0.0116,0.0052
rebuild,32,1.5,1,gridBoundsCpu,1800,0.5403426666666666,0.52805,0.608725,0.6899749999999999,0.5282
rebuild,32,1.5,1,gridCountCpu,1800,0.0127455,0.0119,0.0142,0.025024999999999978,0.0117
rebuild,32,1.5,1,gridPrefixCpu,1800,0.011325222222222223,0.0108,0.013,0.025800999999999998,0.0108
rebuild,32,1.5,1,gridFillCpu,1800,0.028541222222222225,0.0273,0.0326,0.05121299999999999,0.0271
rebuild,32,1.5,2,wallFrame,1800,2.395154166666667,2.3619,2.80927,3.06136,2.35055
rebuild,32,1.5,2,cpuFrame,1800,2.3877975555555557,2.35385,2.80132,3.051496,2.3432000000000004
rebuild,32,1.5,2,gpuFrame,1800,1.2659203733333333,1.234,1.5157648,1.6962022399999999,1.234432
rebuild,32,1.5,2,gridLightingCpu,1800,0.005520944444444444,0.0051,0.0084,0.011101,0.0049
rebuild,32,1.5,2,gridLightingGpu,1800,0.08107687111111113,0.079232,0.081568,0.1234601599999999,0.07936
rebuild,32,1.5,2,cacheCheckCpu,1800,0.0019674999999999996,0.0019,0.0023,0.0026,0.0019
rebuild,32,1.5,2,gridBuildCpu,1800,1.481734388888889,1.4581,1.804335,1.968917,1.4581
rebuild,32,1.5,2,gridUploadCpu,1800,0.00820688888888889,0.0075,0.0113,0.016909999999999988,0.0075
rebuild,32,1.5,2,gridBoundsCpu,1800,0.5391508333333334,0.5287,0.6001449999999999,0.680527,0.52855
rebuild,32,1.5,2,gridCountCpu,1800,0.017038722222222222,0.0163,0.018604999999999993,0.034009,0.0163
rebuild,32,1.5,2,gridPrefixCpu,1800,0.023295166666666665,0.0224,0.0261,0.049401,0.0223
rebuild,32,1.5,2,gridFillCpu,1800,0.037220555555555555,0.0354,0.0434,0.070501,0.0356
rebuild,32,1.5,4,wallFrame,1800,2.6596753333333334,2.6243499999999997,3.1049550000000004,3.3476679999999996,2.6332000000000004
rebuild,32,1.5,4,cpuFrame,1800,2.652025611111111,2.6182,3.098145,3.3418550000000002,2.62475
rebuild,32,1.5,4,gpuFrame,1800,1.4839365333333332,1.451968,1.7677631999999999,1.9405430399999999,1.451824
rebuild,32,1.5,4,gridLightingCpu,1800,0.006367944444444444,0.006,0.0097,0.012303999999999997,0.0061
rebuild,32,1.5,4,gridLightingGpu,1800,0.08242144,0.07936,0.08211360000000001,0.23296896,0.079584
rebuild,32,1.5,4,cacheCheckCpu,1800,0.0020606666666666664,0.0019,0.0024,0.003,0.0019
rebuild,32,1.5,4,gridBuildCpu,1800,1.6827604999999999,1.6647,2.02623,2.1799869999999997,1.6693500000000001
rebuild,32,1.5,4,gridUploadCpu,1800,0.013717166666666666,0.0122,0.0216,0.029900999999999997,0.0124
rebuild,32,1.5,4,gridBoundsCpu,1800,0.5445152222222222,0.5341,0.613405,0.70444,0.5338
rebuild,32,1.5,4,gridCountCpu,1800,0.021395555555555557,0.0199,0.0247,0.047403999999999995,0.0199
rebuild,32,1.5,4,gridPrefixCpu,1800,0.04491283333333333,0.04355,0.0528,0.074805,0.0434
rebuild,32,1.5,4,gridFillCpu,1800,0.05117644444444444,0.0486,0.06140999999999999,0.0961,0.0485
rebuild,32,1.5,8,wallFrame,1800,3.0673525555555554,3.02685,3.52752,3.8194559999999997,2.9871999999999996
rebuild,32,1.5,8,cpuFrame,1800,3.060057,3.0193000000000003,3.516485,3.8131229999999996,2.97945
rebuild,32,1.5,8,gpuFrame,1800,1.9046371733333334,1.8735840000000001,2.2219311999999998,2.4073392,1.878752
rebuild,32,1.5,8,gridLightingCpu,1800,0.00687938888888889,0.0065,0.010204999999999995,0.013930999999999971,0.0063
rebuild,32,1.5,8,gridLightingGpu,1800,0.08163518222222223,0.079264,0.0836512,0.20589823999999987,0.079328
rebuild,32,1.5,8,cacheCheckCpu,1800,0.0020252777777777773,0.0019,0.0024,0.0029,0.0019
rebuild,32,1.5,8,gridBuildCpu,1800,2.061892,2.04415,2.3825999999999996,2.612208,2.0378
rebuild,32,1.5,8,gridUploadCpu,1800,0.024862444444444444,0.0216,0.042,0.06061399999999999,0.0214
rebuild,32,1.5,8,gridBoundsCpu,1800,0.5422389444444444,0.5291,0.6214599999999999,0.7090059999999999,0.529
rebuild,32,1.5,8,gridCountCpu,1800,0.03256155555555555,0.0305,0.041,0.066202,0.0305
rebuild,32,1.5,8,gridPrefixCpu,1800,0.0890358888888889,0.0851,0.113505,0.17544299999999996,0.0843
rebuild,32,1.5,8,gridFillCpu,1800,0.0841141111111111,0.08015,0.10931999999999997,0.17083299999999998,0.07955000000000001
rebuild,32,1.5,16,wallFrame,1800,3.966148388888889,3.93345,4.417854999999999,4.779687999999999,3.95125
rebuild,32,1.5,16,cpuFrame,1800,3.9588064444444444,3.9259500000000003,4.410229999999999,4.7735829999999995,3.94535
rebuild,32,1.5,16,gpuFrame,1800,2.7582728355555557,2.733872,3.0560608,3.2889350399999997,2.7253600000000002
rebuild,32,1.5,16,gridLightingCpu,1800,0.008135666666666668,0.0078,0.0115,0.014005999999999994,0.0076500000000000005
rebuild,32,1.5,16,gridLightingGpu,1800,0.07933792,0.07728,0.0814416,0.107744,0.077248
rebuild,32,1.5,16,cacheCheckCpu,1800,0.0021377222222222223,0.002,0.0026,0.0033,0.002
rebuild,32,1.5,16,gridBuildCpu,1800,2.863917166666667,2.8320499999999997,3.21152,3.461934,2.82865
rebuild,32,1.5,16,gridUploadCpu,1800,0.050570277777777776,0.0482,0.07050999999999999,0.098901,0.0481
rebuild,32,1.5,16,gridBoundsCpu,1800,0.5404138333333334,0.5291,0.58712,0.7059759999999999,0.52915
rebuild,32,1.5,16,gridCountCpu,1800,0.05592433333333333,0.053,0.0702,0.109205,0.0523
rebuild,32,1.5,16,gridPrefixCpu,1800,0.17837544444444442,0.1736,0.21262999999999999,0.285302,0.17404999999999998
rebuild,32,1.5,16,gridFillCpu,1800,0.1539387222222222,0.1495,0.192005,0.238814,0.1503
rebuild,32,3.0,1,wallFrame,1800,3.8549378333333335,3.8173,4.279625,4.602379,3.79795
rebuild,32,3.0,1,cpuFrame,1800,3.8472965,3.81,4.27143,4.5922149999999995,3.7905499999999996
rebuild,32,3.0,1,gpuFrame,1800,2.697688106666667,2.6684479999999997,3.0112352000000002,3.2583532799999997,2.6734080000000002
rebuild,32,3.0,1,gridLightingCpu,1800,0.007540555555555555,0.0072,0.0107,0.018601999999999997,0.0071
rebuild,32,3.0,1,gridLightingGpu,1800,0.1652774577777778,0.161056,0.16358720000000002,0.32215264,0.16112
rebuild,32,3.0,1,cacheCheckCpu,1800,0.0021490555555555555,0.0019,0.0024,0.0031,0.0019
rebuild,32,3.0,1,gridBuildCpu,1800,2.809706833333333,2.79335,3.17588,3.3758,2.7829
rebuild,32,3.0,1,gridUploadCpu,1800,0.017669777777777777,0.0155,0.029104999999999995,0.04741699999999998,0.0153
rebuild,32,3.0,1,gridBoundsCpu,1800,1.3903907777777775,1.3617,1.5599100000000001,1.691914,1.3643
rebuild,32,3.0,1,gridCountCpu,1800,0.06137016666666666,0.0586,0.072905,0.11441099999999998,0.0581
rebuild,32,3.0,1,gridPrefixCpu,1800,0.010150222222222224,0.0098,0.0111,0.018001999999999997,0.0098
rebuild,32,3.0,1,gridFillCpu,1800,0.2253935,0.218,0.26820499999999997,0.34643899999999994,0.21795
rebuild,32,3.0,2,wallFrame,1800,4.270871444444444,4.2258,4.701935,5.023955,4.21685
rebuild,32,3.0,2,cpuFrame,1800,4.2635060000000005,4.21875,4.694954999999999,5.016565,4.20935
rebuild,32,3.0,2,gpuFrame,1800,3.103917404444444,3.0784960000000003,3.4463983999999996,3.6943590399999997,3.084768
rebuild,32,3.0,2,gridLightingCpu,1800,0.007831277777777777,0.0075,0.0112,0.016211999999999987,0.0076
rebuild,32,3.0,2,gridLightingGpu,1800,0.15487475555555555,0.15024,0.1534784,0.3203184,0.15024
rebuild,32,3.0,2,cacheCheckCpu,1800,0.002079388888888889,0.002,0.0025,0.0032,0.002
rebuild,32,3.0,2,gridBuildCpu,1800,3.191796611111111,3.1721500000000002,3.5639049999999997,3.803384,3.1704
rebuild,32,3.0,2,gridUploadCpu,1800,0.02732627777777778,0.0236,0.045605,0.07340300000000001,0.024149999999999998
rebuild,32,3.0,2,gridBoundsCpu,1800,1.3936607777777776,1.3651,1.5597050000000001,1.711656,1.36855
rebuild,32,3.0,2,gridCountCpu,1800,0.09344172222222223,0.0894,0.11231999999999998,0.166816,0.0893
rebuild,32,3.0,2,gridPrefixCpu,1800,0.019956444444444443,0.0192,0.02350999999999999,0.03510699999999999,0.01925
rebuild,32,3.0,2,gridFillCpu,1800,0.2946324444444445,0.2859,0.34801499999999996,0.445717,0.28605
rebuild,32,3.0,4,wallFrame,1800,4.87766811111111,4.835050000000001,5.32181,5.585864,4.8184000000000005
rebuild,32,3.0,4,cpuFrame,1800,4.870428666666666,4.82835,5.31536,5.578666,4.8111999999999995
rebuild,32,3.0,4,gpuFrame,1800,3.707189511111111,3.681568,4.0296112,4.2715155199999995,3.675872
rebuild,32,3.0,4,gridLightingCpu,1800,0.008782833333333333,0.0086,0.012,0.0145,0.0085
rebuild,32,3.0,4,gridLightingGpu,1800,0.1548580622222222,0.150016,0.1545008,0.31110688,0.150176
rebuild,32,3.0,4,cacheCheckCpu,1800,0.0021742777777777776,0.002,0.0026,0.0032009999999999994,0.002
rebuild,32,3.0,4,gridBuildCpu,1800,3.7404982222222225,3.72275,4.108255,4.362305,3.7169
rebuild,32,3.0,4,gridUploadCpu,1800,0.043564,0.0406,0.06661999999999998,0.09391699999999999,0.0409
rebuild,32,3.0,4,gridBoundsCpu,1800,1.3851537777777776,1.3591,1.5410199999999998,1.757806,1.35465
rebuild,32,3.0,4,gridCountCpu,1800,0.13002655555555556,0.1254,0.15323499999999998,0.207204,0.1253
rebuild,32,3.0,4,gridPrefixCpu,1800,0.03926855555555556,0.0381,0.0472,0.06581199999999998,0.0381
rebuild,32,3.0,4,gridFillCpu,1800,0.41776511111111114,0.4091,0.48411,0.587626,0.4059
rebuild,32,3.0,8,wallFrame,1800,6.3398939444444435,6.3020499999999995,6.85121,7.225432,6.27625
rebuild,32,3.0,8,cpuFrame,1800,6.332528444444446,6.29495,6.84348,7.218368,6.2693
rebuild,32,3.0,8,gpuFrame,1800,5.151248213333333,5.12656,5.5128464,5.8044300799999995,5.106512
rebuild,32,3.0,8,gridLightingCpu,1800,0.010000166666666668,0.0098,0.0124,0.015808999999999993,0.0099
rebuild,32,3.0,8,gridLightingGpu,1800,0.14632620444444444,0.142752,0.150384,0.29693536,0.142816
rebuild,32,3.0,8,cacheCheckCpu,1800,0.002107111111111111,0.002,0.0025,0.0032,0.002
rebuild,32,3.0,8,gridBuildCpu,1800,4.7935543888888885,4.771100000000001,5.2032799999999995,5.457173999999999,4.7596
rebuild,32,3.0,8,gridUploadCpu,1800,0.2326208333333333,0.2247,0.29414499999999993,0.375803,0.223
rebuild,32,3.0,8,gridBoundsCpu,1800,1.382807388888889,1.34905,1.5500099999999999,1.721456,1.347
rebuild,32,3.0,8,gridCountCpu,1800,0.20611844444444444,0.1989,0.24972,0.320921,0.19874999999999998
rebuild,32,3.0,8,gridPrefixCpu,1800,0.08100783333333333,0.0785,0.09960999999999999,0.135016,0.07885
rebuild,32,3.0,8,gridFillCpu,1800,0.6502627777777777,0.6385,0.746805,0.848724,0.63835
rebuild,32,3.0,16,wallFrame,1800,9.107558055555556,9.06785,9.664869999999999,9.965636,9.04695
rebuild,32,3.0,16,cpuFrame,1800,9.099914444444444,9.06105,9.654615,9.958646,9.03945
rebuild,32,3.0,16,gpuFrame,1800,7.898275537777778,7.845536,8.3811232,8.71871392,7.835343999999999
rebuild,32,3.0,16,gridLightingCpu,1800,0.011586388888888889,0.0111,0.0133,0.028105999999999996,0.0111
rebuild,32,3.0,16,gridLightingGpu,1800,0.14669578666666666,0.142304,0.155712,0.2906608,0.142384
rebuild,32,3.0,16,cacheCheckCpu,1800,0.002270277777777778,0.0021,0.0028,0.0033,0.0021
rebuild,32,3.0,16,gridBuildCpu,1800,7.126533944444445,7.1002,7.61569,7.963318999999999,7.0695
rebuild,32,3.0,16,gridUploadCpu,1800,0.4180563888888889,0.4076,0.5072149999999999,0.618817,0.40415
rebuild,32,3.0,16,gridBoundsCpu,1800,1.3801819444444443,1.34905,1.5243799999999998,1.7325769999999998,1.3495
rebuild,32,3.0,16,gridCountCpu,1800,0.3712931111111111,0.358,0.441015,0.5877659999999998,0.358
rebuild,32,3.0,16,gridPrefixCpu,1800,0.17537727777777778,0.1689,0.221015,0.273109,0.168
rebuild,32,3.0,16,gridFillCpu,1800,1.1913740000000002,1.1699,1.3533549999999999,1.499216,1.1694
rebuild,32,6.0,1,wallFrame,1800,5.601063444444444,5.5619499999999995,6.046685,6.330024,5.55425
rebuild,32,6.0,1,cpuFrame,1800,5.593877388888889,5.5542,6.041125,6.323525,5.54685
rebuild,32,6.0,1,gpuFrame,1800,4.43724,4.405264000000001,4.811065599999999,5.042346879999999,4.400576
rebuild,32,6.0,1,gridLightingCpu,1800,0.009248222222222222,0.009,0.0121,0.019302999999999997,0.009
rebuild,32,6.0,1,gridLightingGpu,1800,0.3556586666666667,0.347168,0.3520704,0.5489584,0.34704
rebuild,32,6.0,1,cacheCheckCpu,1800,0.0020773888888888886,0.002,0.0025,0.0031,0.0019
rebuild,32,6.0,1,gridBuildCpu,1800,4.482565611111111,4.4671,4.90881,5.171591,4.475099999999999
rebuild,32,6.0,1,gridUploadCpu,1800,0.030686222222222226,0.0273,0.051514999999999984,0.07603699999999997,0.0273
rebuild,32,6.0,1,gridBoundsCpu,1800,2.2407414444444447,2.2007000000000003,2.454214999999999,2.6929149999999997,2.1965500000000002
rebuild,32,6.0,1,gridCountCpu,1800,0.1119765,0.1075,0.13640999999999998,0.19587899999999994,0.1073
rebuild,32,6.0,1,gridPrefixCpu,1800,0.010115222222222222,0.0098,0.011404999999999995,0.018502999999999995,0.0098
rebuild,32,6.0,1,gridFillCpu,1800,0.4810480555555556,0.4674,0.5605249999999999,0.6614019999999999,0.4677
rebuild,32,6.0,2,wallFrame,1800,7.1053169444444455,7.056699999999999,7.621465000000001,7.96261,7.05575
rebuild,32,6.0,2,cpuFrame,1800,7.097964055555555,7.0495,7.61525,7.955081999999999,7.0476
rebuild,32,6.0,2,gpuFrame,1800,5.942014737777778,5.900944,6.3213728,6.67503168,5.912272
rebuild,32,6.0,2,gridLightingCpu,1800,0.010283500000000001,0.01,0.0127,0.021302999999999996,0.01
rebuild,32,6.0,2,gridLightingGpu,1800,0.3364684266666667,0.332704,0.3363216,0.49448063999999986,0.332944
rebuild,32,6.0,2,cacheCheckCpu,1800,0.002153055555555555,0.002,0.0026,0.003,0.002
rebuild,32,6.0,2,gridBuildCpu,1800,5.595590888888888,5.59105,6.04659,6.329915,5.5933
rebuild,32,6.0,2,gridUploadCpu,1800,0.2035483888888889,0.1965,0.24860999999999997,0.315706,0.19729999999999998
rebuild,32,6.0,2,gridBoundsCpu,1800,2.2544216666666665,2.2194,2.449265,2.694911,2.21665
rebuild,32,6.0,2,gridCountCpu,1800,0.19568322222222223,0.1868,0.24592999999999998,0.34467299999999995,0.1864
rebuild,32,6.0,2,gridPrefixCpu,1800,0.02043188888888889,0.0197,0.0252,0.03600599999999999,0.0199
rebuild,32,6.0,2,gridFillCpu,1800,0.9046272222222222,0.88195,1.024425,1.2042759999999997,0.8815500000000001
rebuild,32,6.0,4,wallFrame,1800,8.438558500000001,8.396650000000001,8.946114999999999,9.209619,8.3917
rebuild,32,6.0,4,cpuFrame,1800,8.431467,8.38865,8.939345,9.203414,8.3819
rebuild,32,6.0,4,gpuFrame,1800,7.268083964444443,7.227072,7.6880543999999995,7.976948799999999,7.22512
rebuild,32,6.0,4,gridLightingCpu,1800,0.011023333333333333,0.0106,0.0128,0.030504999999999994,0.0106
rebuild,32,6.0,4,gridLightingGpu,1800,0.3418312177777778,0.3336,0.3397536,0.50926112,0.333792
rebuild,32,6.0,4,cacheCheckCpu,1800,0.0021995555555555557,0.002,0.0028,0.0034,0.002
rebuild,32,6.0,4,gridBuildCpu,1800,6.76471761111111,6.7595,7.23945,7.5176609999999995,6.7544
rebuild,32,6.0,4,gridUploadCpu,1800,0.2802516666666667,0.2726,0.33730499999999997,0.41595199999999993,0.27075
rebuild,32,6.0,4,gridBoundsCpu,1800,2.2451960000000004,2.21145,2.4631049999999997,2.668379,2.20685
rebuild,32,6.0,4,gridCountCpu,1800,0.27421449999999997,0.264,0.33430499999999996,0.437401,0.2637
rebuild,32,6.0,4,gridPrefixCpu,1800,0.0422,0.0408,0.05,0.07470399999999999,0.0408
rebuild,32,6.0,4,gridFillCpu,1800,1.3256471111111112,1.3012,1.4681799999999998,1.650229,1.2983
rebuild,32,6.0,8,wallFrame,1800,11.780024166666667,11.73605,12.373455,12.721545,11.7105
rebuild,32,6.0,8,cpuFrame,1800,11.772816833333334,11.72965,12.36665,12.715538,11.7027
rebuild,32,6.0,8,gpuFrame,1800,10.60170472888889,10.576912,11.1171344,11.435198080000001,10.54472
rebuild,32,6.0,8,gridLightingCpu,1800,0.011953166666666667,0.0115,0.0138,0.027500999999999998,0.0115
rebuild,32,6.0,8,gridLightingGpu,1800,0.33161584000000005,0.327008,0.3321936,0.5048444799999999,0.32728
rebuild,32,6.0,8,cacheCheckCpu,1800,0.0021618333333333333,0.002,0.0026,0.003400999999999999,0.002
rebuild,32,6.0,8,gridBuildCpu,1800,9.648208666666667,9.6492,10.165225000000001,10.461212999999999,9.642
rebuild,32,6.0,8,gridUploadCpu,1800,0.5092042777777778,0.4898,0.650515,0.7626419999999999,0.4921
rebuild,32,6.0,8,gridBoundsCpu,1800,2.258379277777778,2.2228000000000003,2.46658,2.687313,2.2275
rebuild,32,6.0,8,gridCountCpu,1800,0.4802053888888889,0.4626,0.5679,0.7084050000000001,0.4631
rebuild,32,6.0,8,gridPrefixCpu,1800,0.08827461111111112,0.0834,0.1143,0.15683199999999997,0.0835
rebuild,32,6.0,8,gridFillCpu,1800,2.3440283888888884,2.31235,2.5696399999999997,2.782762,2.30445
rebuild,32,6.0,16,wallFrame,1800,18.078023388888887,18.051450000000003,18.767374999999998,19.253025,18.021250000000002
rebuild,32,6.0,16,cpuFrame,1800,18.070468,18.0415,18.76058,19.246814,18.0146
rebuild,32,6.0,16,gpuFrame,1800,16.91914096,16.87616,17.604441599999998,17.9847824,16.852192000000002
rebuild,32,6.0,16,gridLightingCpu,1800,0.012818,0.0118,0.0153,0.03553599999999996,0.0118
rebuild,32,6.0,16,gridLightingGpu,1800,0.3342544711111111,0.32384,0.3322016,0.64097024,0.32336
rebuild,32,6.0,16,cacheCheckCpu,1800,0.002135666666666667,0.002,0.0026,0.0033,0.002
rebuild,32,6.0,16,gridBuildCpu,1800,15.053890166666667,15.0287,15.68742,16.103345,15.01575
rebuild,32,6.0,16,gridUploadCpu,1800,0.9989893888888888,0.96735,1.228535,1.416401,0.9483
rebuild,32,6.0,16,gridBoundsCpu,1800,2.243548666666667,2.2142,2.4153,2.617928,2.2220500000000003
rebuild,32,6.0,16,gridCountCpu,1800,0.8964774444444444,0.8677,1.0479100000000001,1.216997,0.85805
rebuild,32,6.0,16,gridPrefixCpu,1800,0.18640661111111112,0.1785,0.2411,0.29838499999999996,0.1788
rebuild,32,6.0,16,gridFillCpu,1800,4.268579611111111,4.2357,4.538035,4.805178000000001,4.2359
rebuild,32,12.0,1,wallFrame,1800,6.766257944444444,6.7273,7.263645,7.653519999999999,6.7006499999999996
rebuild,32,12.0,1,cpuFrame,1800,6.758997388888888,6.72025,7.257515000000001,7.646863999999999,6.69295
rebuild,32,12.0,1,gpuFrame,1800,5.600653848888889,5.564272,5.970415999999999,6.362554240000001,5.579008
rebuild,32,12.0,1,gridLightingCpu,1800,0.010314111111111109,0.0101,0.013104999999999995,0.017202,0.0098
rebuild,32,12.0,1,gridLightingGpu,1800,0.5770679466666666,0.565824,0.620993599999999,0.8971180799999999,0.565696
rebuild,32,12.0,1,cacheCheckCpu,1800,0.0021376666666666666,0.002,0.0026,0.0033,0.002
rebuild,32,12.0,1,gridBuildCpu,1800,5.615267,5.6137,6.078539999999999,6.438991,5.61775
rebuild,32,12.0,1,gridUploadCpu,1800,0.03806477777777778,0.0346,0.05800999999999999,0.091203,0.0339
rebuild,32,12.0,1,gridBoundsCpu,1800,2.8130012777777775,2.7779499999999997,3.04824,3.329145,2.79195
rebuild,32,12.0,1,gridCountCpu,1800,0.14314849999999998,0.1374,0.17701499999999998,0.252017,0.1367
rebuild,32,12.0,1,gridPrefixCpu,1800,0.01049538888888889,0.0102,0.011304999999999996,0.01830999999999999,0.0102
rebuild,32,12.0,1,gridFillCpu,1800,0.6031445000000001,0.58685,0.6914899999999999,0.820332,0.5891
rebuild,32,12.0,2,wallFrame,1800,9.32624222222222,9.273,9.881125,10.251468000000001,9.3193
rebuild,32,12.0,2,cpuFrame,1800,9.318948333333331,9.26635,9.875005,10.243763000000001,9.3105
rebuild,32,12.0,2,gpuFrame,1800,8.144449991111111,8.094096,8.630208,9.021267519999999,8.124496
rebuild,32,12.0,2,gridLightingCpu,1800,0.011286944444444443,0.011,0.013709999999999991,0.021509999999999987,0.011
rebuild,32,12.0,2,gridLightingGpu,1800,0.5788191466666667,0.567488,0.7114976,0.8054118399999998,0.56784
rebuild,32,12.0,2,cacheCheckCpu,1800,0.00211,0.002,0.0026,0.0032009999999999994,0.002
rebuild,32,12.0,2,gridBuildCpu,1800,7.647436777777777,7.63575,8.167964999999999,8.511727,7.64945
rebuild,32,12.0,2,gridUploadCpu,1800,0.2760174444444445,0.2684,0.32470499999999997,0.40734099999999995,0.27155
rebuild,32,12.0,2,gridBoundsCpu,1800,2.7930643333333327,2.7560000000000002,3.01837,3.323529,2.7487500000000002
rebuild,32,12.0,2,gridCountCpu,1800,0.27377049999999997,0.2645,0.32195999999999997,0.42894099999999996,0.2646
rebuild,32,12.0,2,gridPrefixCpu,1800,0.021311500000000004,0.0207,0.0245,0.036301999999999994,0.0206
rebuild,32,12.0,2,gridFillCpu,1800,1.548540611111111,1.52495,1.71363,1.914601,1.5366
rebuild,32,12.0,4,wallFrame,1800,12.663376000000001,12.6153,13.261999999999999,13.739640999999999,12.659749999999999
rebuild,32,12.0,4,cpuFrame,1800,12.656035000000001,12.6078,13.260169999999999,13.72413,12.6537
rebuild,32,12.0,4,gpuFrame,1800,11.48335720888889,11.4484,11.966769600000001,12.3703712,11.493680000000001
rebuild,32,12.0,4,gridLightingCpu,1800,0.012215611111111111,0.0117,0.0137,0.021702,0.0116
rebuild,32,12.0,4,gridLightingGpu,1800,0.57762608,0.56672,0.7109504,0.79874656,0.5660959999999999
rebuild,32,12.0,4,cacheCheckCpu,1800,0.0021149444444444445,0.002,0.0024049999999999952,0.0033,0.0019
rebuild,32,12.0,4,gridBuildCpu,1800,10.60469338888889,10.60965,11.15606,11.587397999999999,10.633700000000001
rebuild,32,12.0,4,gridUploadCpu,1800,0.4768952222222222,0.4667,0.574215,0.6736059999999999,0.47015
rebuild,32,12.0,4,gridBoundsCpu,1800,2.787279111111111,2.75135,3.0005599999999997,3.298088,2.7573499999999997
rebuild,32,12.0,4,gridCountCpu,1800,0.46868777777777776,0.45325,0.5478999999999998,0.70726,0.4529
rebuild,32,12.0,4,gridPrefixCpu,1800,0.04233677777777778,0.0406,0.050804999999999996,0.07241,0.0406
rebuild,32,12.0,4,gridFillCpu,1800,2.793890888888889,2.7628500000000003,3.0098049999999996,3.220227,2.7689500000000002
rebuild,32,12.0,8,wallFrame,1800,19.1356775,19.0674,19.994175,20.530622,19.058
rebuild,32,12.0,8,cpuFrame,1800,19.128319944444446,19.060450000000003,19.987555,20.519056999999997,19.05155
rebuild,32,12.0,8,gpuFrame,1800,17.93341784888889,17.882288,18.6156304,19.03558656,17.874736
rebuild,32,12.0,8,gridLightingCpu,1800,0.012430277777777776,0.0117,0.014404999999999996,0.027511999999999988,0.0117
rebuild,32,12.0,8,gridLightingGpu,1800,0.5805253333333333,0.56688,0.7119776,0.8701225599999999,0.565888
rebuild,32,12.0,8,cacheCheckCpu,1800,0.002174,0.002,0.0026,0.0033,0.002
rebuild,32,12.0,8,gridBuildCpu,1800,16.28445438888889,16.253149999999998,17.02665,17.544908999999997,16.2652
rebuild,32,12.0,8,gridUploadCpu,1800,0.9104060555555555,0.87705,1.099935,1.2764529999999998,0.87225
rebuild,32,12.0,8,gridBoundsCpu,1800,2.801899888888889,2.7627,3.0610399999999998,3.325714,2.76335
rebuild,32,12.0,8,gridCountCpu,1800,0.8567503333333333,0.8322,0.992945,1.1355479999999998,0.83165
rebuild,32,12.0,8,gridPrefixCpu,1800,0.08587344444444445,0.0819,0.10511,0.1379,0.082
rebuild,32,12.0,8,gridFillCpu,1800,5.288097611111111,5.24485,5.6382650000000005,5.9022049999999995,5.249750000000001
rebuild,32,12.0,16,wallFrame,1800,32.082136,31.8685,33.20932,35.070062,31.838
rebuild,32,12.0,16,cpuFrame,1800,32.07455216666666,31.86055,33.202194999999996,35.059906,31.831249999999997
rebuild,32,12.0,16,gpuFrame,1800,30.756738968888886,30.647247999999998,31.8891456,33.353226559999996,30.61144
rebuild,32,12.0,16,gridLightingCpu,1800,0.012260777777777777,0.0116,0.0145,0.032240999999999964,0.0116
rebuild,32,12.0,16,gridLightingGpu,1800,0.5927288177777779,0.568832,0.7501407999999999,0.8951388800000001,0.568032
rebuild,32,12.0,16,cacheCheckCpu,1800,0.0023837777777777776,0.0021,0.0029,0.0036,0.0021
rebuild,32,12.0,16,gridBuildCpu,1800,27.65611461111111,27.476750000000003,28.594060000000002,29.897218,27.4685
rebuild,32,12.0,16,gridUploadCpu,1800,1.7669970555555556,1.7272,2.056615,2.316915,1.7288
rebuild,32,12.0,16,gridBoundsCpu,1800,2.819627444444445,2.77475,3.081075,3.365637,2.7746500000000003
rebuild,32,12.0,16,gridCountCpu,1800,1.6263985,1.5788,1.8428999999999998,2.178416,1.5787499999999999
rebuild,32,12.0,16,gridPrefixCpu,1800,0.17942083333333333,0.17445,0.22073999999999996,0.28636999999999996,0.175
rebuild,32,12.0,16,gridFillCpu,1800,10.295942166666666,10.1955,11.10533,11.904541,10.15565
rebuild,128,1.5,1,wallFrame,1800,4.8859906111111115,4.8362,5.36221,5.7201070000000005,4.8367
rebuild,128,1.5,1,cpuFrame,1800,4.878822499999999,4.8289,5.348109999999999,5.712809,4.82885
rebuild,128,1.5,1,gpuFrame,1800,3.688078933333333,3.6689920000000003,3.988,4.2403775999999995,3.6636319999999998
rebuild,128,1.5,1,gridLightingCpu,1800,0.00826211111111111,0.008150000000000001,0.0112,0.0145,0.0082
rebuild,128,1.5,1,gridLightingGpu,1800,0.14561726222222224,0.139936,0.1450016,0.30811071999999995,0.139824
rebuild,128,1.5,1,cacheCheckCpu,1800,0.007479277777777779,0.0072,0.0084,0.010406999999999993,0.0072
rebuild,128,1.5,1,gridBuildCpu,1800,3.7707538888888887,3.75785,4.11351,4.386559999999999,3.765
rebuild,128,1.5,1,gridUploadCpu,1800,0.01672888888888889,0.0147,0.027604999999999994,0.045001,0.0149
rebuild,128,1.5,1,gridBoundsCpu,1800,2.4895,2.4661,2.6512749999999996,2.8164589999999996,2.4533500000000004
rebuild,128,1.5,1,gridCountCpu,1800,0.053066388888888885,0.0505,0.06321999999999998,0.103207,0.0505
rebuild,128,1.5,1,gridPrefixCpu,1800,0.010537277777777779,0.0102,0.0122,0.018407999999999994,0.0102
rebuild,128,1.5,1,gridFillCpu,1800,0.18428883333333337,0.1785,0.21916499999999994,0.291701,0.1781
rebuild,128,1.5,2,wallFrame,1800,5.0721522777777786,5.02895,5.527115,5.800016,5.0126
rebuild,128,1.5,2,cpuFrame,1800,5.064958888888889,5.0215499999999995,5.520815000000001,5.793517,5.003500000000001
rebuild,128,1.5,2,gpuFrame,1800,3.885327146666667,3.8617280000000003,4.192588799999999,4.391487359999999,3.85624
rebuild,128,1.5,2,gridLightingCpu,1800,0.008484833333333334,0.0082,0.0113,0.016911999999999986,0.008
rebuild,128,1.5,2,gridLightingGpu,1800,0.12452851555555554,0.119968,0.1246416,0.28563968,0.12016
rebuild,128,1.5,2,cacheCheckCpu,1800,0.007525111111111112,0.0071,0.0084,0.011300999999999999,0.0071
rebuild,128,1.5,2,gridBuildCpu,1800,3.9722955555555552,3.94825,4.33094,4.560568,3.9393000000000002
rebuild,128,1.5,2,gridUploadCpu,1800,0.023167722222222225,0.0201,0.039924999999999974,0.06532499999999998,0.0198
rebuild,128,1.5,2,gridBoundsCpu,1800,2.479997388888889,2.44925,2.65793,2.8482529999999997,2.44585
rebuild,128,1.5,2,gridCountCpu,1800,0.06934405555555556,0.0664,0.08362999999999997,0.129301,0.0663
rebuild,128,1.5,2,gridPrefixCpu,1800,0.02086822222222222,0.0201,0.025304999999999994,0.04201599999999999,0.02
rebuild,128,1.5,2,gridFillCpu,1800,0.1986361111111111,0.1923,0.24030500000000002,0.3162459999999999,0.19185
rebuild,128,1.5,4,wallFrame,1800,5.435894166666666,5.39665,5.862509999999999,6.122772,5.39825
rebuild,128,1.5,4,cpuFrame,1800,5.4285515,5.389799999999999,5.85534,6.115977,5.392200000000001
rebuild,128,1.5,4,gpuFrame,1800,4.218656906666666,4.198688,4.521780799999999,4.83356096,4.200848000000001
rebuild,128,1.5,4,gridLightingCpu,1800,0.009025333333333333,0.0087,0.012,0.019308999999999993,0.0086
rebuild,128,1.5,4,gridLightingGpu,1800,0.12278104888888887,0.11888,0.123008,0.2794256,0.118976
rebuild,128,1.5,4,cacheCheckCpu,1800,0.007581333333333333,0.0072,0.0084,0.009401999999999999,0.0072
rebuild,128,1.5,4,gridBuildCpu,1800,4.2952427222222225,4.276400000000001,4.64673,4.835014,4.26875
rebuild,128,1.5,4,gridUploadCpu,1800,0.031110500000000003,0.0278,0.051705,0.077402,0.02785
rebuild,128,1.5,4,gridBoundsCpu,1800,2.481647,2.46225,2.62421,2.809437,2.4452499999999997
rebuild,128,1.5,4,gridCountCpu,1800,0.08729499999999998,0.0847,0.10130499999999999,0.148103,0.0847
rebuild,128,1.5,4,gridPrefixCpu,1800,0.04018322222222222,0.0392,0.047005,0.066702,0.0389
rebuild,128,1.5,4,gridFillCpu,1800,0.24461833333333333,0.2391,0.28422,0.348104,0.2392
rebuild,128,1.5,8,wallFrame,1800,6.2455376666666655,6.200699999999999,6.718805,7.070447,6.1754
rebuild,128,1.5,8,cpuFrame,1800,6.238307000000001,6.1937,6.711545,7.062430999999999,6.16925
rebuild,128,1.5,8,gpuFrame,1800,5.07811608888889,5.047344000000001,5.3751728,5.59001664,5.035808
rebuild,128,1.5,8,gridLightingCpu,1800,0.0098725,0.0097,0.0123,0.015001999999999998,0.0097
rebuild,128,1.5,8,gridLightingGpu,1800,0.1167987911111111,0.114816,0.118016,0.13715296,0.11488
rebuild,128,1.5,8,cacheCheckCpu,1800,0.007565166666666667,0.0073,0.0085,0.009800999999999999,0.0073
rebuild,128,1.5,8,gridBuildCpu,1800,5.060074888888889,5.0348500000000005,5.423335,5.67012,5.03075
rebuild,128,1.5,8,gridUploadCpu,1800,0.055774222222222225,0.0529,0.07780499999999999,0.11653099999999998,0.0529
rebuild,128,1.5,8,gridBoundsCpu,1800,2.4912060555555553,2.4631,2.64972,2.847639,2.45675
rebuild,128,1.5,8,gridCountCpu,1800,0.13962594444444446,0.1349,0.16953999999999997,0.22572199999999998,0.1348
rebuild,128,1.5,8,gridPrefixCpu,1800,0.08159599999999999,0.0789,0.09861499999999998,0.140702,0.0786
rebuild,128,1.5,8,gridFillCpu,1800,0.3714326666666667,0.36175,0.43701,0.527025,0.36245
rebuild,128,1.5,16,wallFrame,1800,8.225895277777779,8.19955,8.744555,9.056130000000001,8.187650000000001
rebuild,128,1.5,16,cpuFrame,1800,8.218643111111112,8.192450000000001,8.733295,9.049033999999999,8.179
rebuild,128,1.5,16,gpuFrame,1800,6.96797688888889,6.918528,7.388488000000001,7.68863872,6.917104
rebuild,128,1.5,16,gridLightingCpu,1800,0.011123111111111111,0.0108,0.0132,0.024011999999999988,0.0107
rebuild,128,1.5,16,gridLightingGpu,1800,0.12034702222222222,0.114528,0.131424,0.27764416,0.114528
rebuild,128,1.5,16,cacheCheckCpu,1800,0.0075691111111111115,0.0073,0.0086,0.010206999999999994,0.0074
rebuild,128,1.5,16,gridBuildCpu,1800,6.520452888888888,6.49935,6.9343449999999995,7.195431,6.4981
rebuild,128,1.5,16,gridUploadCpu,1800,0.26968305555555555,0.26075,0.33741999999999994,0.43171799999999994,0.26085
rebuild,128,1.5,16,gridBoundsCpu,1800,2.5090909444444445,2.48065,2.69376,2.870829,2.48745
rebuild,128,1.5,16,gridCountCpu,1800,0.23107511111111112,0.2227,0.28431,0.368604,0.2225
rebuild,128,1.5,16,gridPrefixCpu,1800,0.17434683333333334,0.1684,0.21880999999999998,0.270109,0.16785
rebuild,128,1.5,16,gridFillCpu,1800,0.6313074444444444,0.61555,0.738615,0.863821,0.6154
rebuild,128,3.0,1,wallFrame,1800,10.247710277777777,10.19965,10.760509999999998,11.17874,10.1732
rebuild,128,3.0,1,cpuFrame,1800,10.240429055555555,10.192599999999999,10.75476,11.174391,10.1661
rebuild,128,3.0,1,gpuFrame,1800,9.072288053333333,9.032544,9.500704,9.94464448,9.021664000000001
rebuild,128,3.0,1,gridLightingCpu,1800,0.0110845,0.0109,0.013,0.017002,0.0109
rebuild,128,3.0,1,gridLightingGpu,1800,0.41906047999999996,0.406784,0.5528672,0.6638163199999999,0.406208
rebuild,128,3.0,1,cacheCheckCpu,1800,0.007503,0.0073,0.0085,0.009501999999999998,0.0073
rebuild,128,3.0,1,gridBuildCpu,1800,8.655399166666665,8.64225,9.17008,9.502437,8.6457
rebuild,128,3.0,1,gridUploadCpu,1800,0.2184297222222222,0.2136,0.262505,0.306903,0.2154
rebuild,128,3.0,1,gridBoundsCpu,1800,5.117485222222221,5.0732,5.405395,5.752788,5.09
rebuild,128,3.0,1,gridCountCpu,1800,0.21116666666666667,0.2048,0.25606999999999996,0.3407,0.2027
rebuild,128,3.0,1,gridPrefixCpu,1800,0.010950055555555553,0.0107,0.0121,0.016607999999999994,0.0107
rebuild,128,3.0,1,gridFillCpu,1800,1.0059061666666667,0.9856,1.11911,1.287951,0.9542
rebuild,128,3.0,2,wallFrame,1800,12.177435000000001,12.1257,12.770809999999999,13.319640999999999,12.0723
rebuild,128,3.0,2,cpuFrame,1800,12.170015666666664,12.119,12.762880000000001,13.308575000000001,12.06575
rebuild,128,3.0,2,gpuFrame,1800,11.039116995555556,10.98672,11.5479936,12.08596448,10.944431999999999
rebuild,128,3.0,2,gridLightingCpu,1800,0.011923166666666667,0.0115,0.0138,0.026007999999999993,0.0115
rebuild,128,3.0,2,gridLightingGpu,1800,0.3635456355555556,0.3584,0.3639056,0.53993664,0.358048
rebuild,128,3.0,2,cacheCheckCpu,1800,0.007665333333333333,0.0074,0.0087,0.010100999999999999,0.0074
rebuild,128,3.0,2,gridBuildCpu,1800,10.367192277777779,10.34125,10.961640000000001,11.508026999999998,10.3143
rebuild,128,3.0,2,gridUploadCpu,1800,0.32976666666666676,0.3171,0.4199649999999999,0.524126,0.31765
rebuild,128,3.0,2,gridBoundsCpu,1800,5.18390811111111,5.14395,5.5024,5.977359999999999,5.10075
rebuild,128,3.0,2,gridCountCpu,1800,0.31632144444444443,0.3063,0.36946999999999997,0.523142,0.30645
rebuild,128,3.0,2,gridPrefixCpu,1800,0.021395611111111112,0.0207,0.025104999999999995,0.033003,0.0207
rebuild,128,3.0,2,gridFillCpu,1800,1.8112081666666666,1.78165,1.9931050000000001,2.239908,1.7852000000000001
rebuild,128,3.0,4,wallFrame,1800,14.184508444444445,14.1145,14.837914999999999,15.400114,14.140550000000001
rebuild,128,3.0,4,cpuFrame,1800,14.177358777777776,14.107,14.831295,15.393108,14.1341
rebuild,128,3.0,4,gpuFrame,1800,12.998004906666667,12.941552,13.5359488,14.1489376,12.98784
rebuild,128,3.0,4,gridLightingCpu,1800,0.012096388888888887,0.0115,0.0139,0.028200999999999997,0.0115
rebuild,128,3.0,4,gridLightingGpu,1800,0.36401856,0.358016,0.3656336,0.5109152,0.35776
rebuild,128,3.0,4,cacheCheckCpu,1800,0.0076826666666666675,0.0074,0.0088,0.011601999999999998,0.0074
rebuild,128,3.0,4,gridBuildCpu,1800,12.174762388888889,12.15315,12.76231,13.217285,12.1698
rebuild,128,3.0,4,gridUploadCpu,1800,0.4360406666666667,0.4232,0.54021,0.640703,0.42495
rebuild,128,3.0,4,gridBoundsCpu,1800,5.1485908333333334,5.0994,5.4407049999999995,5.849621,5.1143
rebuild,128,3.0,4,gridCountCpu,1800,0.43662222222222224,0.4213,0.5294,0.6443869999999999,0.4198
rebuild,128,3.0,4,gridPrefixCpu,1800,0.04413361111111111,0.0423,0.0517,0.073901,0.0421
rebuild,128,3.0,4,gridFillCpu,1800,2.5779997777777774,2.5472,2.8029599999999997,3.066707,2.5529
rebuild,128,3.0,8,wallFrame,1800,18.592311555555558,18.534100000000002,19.358505,19.864829,18.52375
rebuild,128,3.0,8,cpuFrame,1800,18.584699000000004,18.52545,19.3507,19.857917,18.5171
rebuild,128,3.0,8,gpuFrame,1800,17.410402417777778,17.369008,18.070656,18.63160256,17.36664
rebuild,128,3.0,8,gridLightingCpu,1800,0.01217638888888889,0.0115,0.0137,0.03430199999999999,0.0115
rebuild,128,3.0,8,gridLightingGpu,1800,0.34005452444444445,0.329056,0.4101631999999995,0.5661190399999999,0.328544
rebuild,128,3.0,8,cacheCheckCpu,1800,0.007900222222222222,0.0073,0.0088,0.011624999999999976,0.0073
rebuild,128,3.0,8,gridBuildCpu,1800,16.051945555555555,16.0327,16.783845,17.20111,16.03875
rebuild,128,3.0,8,gridUploadCpu,1800,0.7254324999999999,0.702,0.883115,1.04201,0.7012
rebuild,128,3.0,8,gridBoundsCpu,1800,5.233138222222223,5.1894,5.562925,5.8490470000000006,5.20085
rebuild,128,3.0,8,gridCountCpu,1800,0.6994858333333335,0.6766,0.8370949999999998,1.01097,0.6748
rebuild,128,3.0,8,gridPrefixCpu,1800,0.08713022222222222,0.0831,0.106705,0.143419,0.08315
rebuild,128,3.0,8,gridFillCpu,1800,4.1215765555555555,4.0833,4.43323,4.6828330000000005,4.07405
rebuild,128,3.0,16,wallFrame,1800,27.337559388888888,27.273249999999997,28.273854999999998,28.992838,27.191650000000003
rebuild,128,3.0,16,cpuFrame,1800,27.329988333333333,27.261400000000002,28.26498,28.986831,27.1841
rebuild,128,3.0,16,gpuFrame,1800,26.120300977777777,26.036816,27.039603200000002,27.73711072,25.96344
rebuild,128,3.0,16,gridLightingCpu,1800,0.012333388888888889,0.0116,0.0143,0.030414999999999987,0.0115
rebuild,128,3.0,16,gridLightingGpu,1800,0.3389240711111111,0.321504,0.4692576,0.63986656,0.32104
rebuild,128,3.0,16,cacheCheckCpu,1800,0.00795088888888889,0.00745,0.009,0.015701999999999997,0.0074
rebuild,128,3.0,16,gridBuildCpu,1800,23.634720277777774,23.58615,24.427295,24.983819,23.52995
rebuild,128,3.0,16,gridUploadCpu,1800,1.3511283888888888,1.3119,1.5973849999999998,1.7593429999999999,1.31145
rebuild,128,3.0,16,gridBoundsCpu,1800,5.220725333333333,5.1754,5.544785,5.8315660000000005,5.1770499999999995
rebuild,128,3.0,16,gridCountCpu,1800,1.2412027222222222,1.20385,1.414215,1.7162089999999999,1.20235
rebuild,128,3.0,16,gridPrefixCpu,1800,0.18064399999999997,0.1736,0.23403999999999997,0.29311200000000004,0.17470000000000002
rebuild,128,3.0,16,gridFillCpu,1800,7.306969499999999,7.2425,7.85264,8.24226,7.2036
rebuild,128,6.0,1,wallFrame,1800,19.44495738888889,19.3788,20.289335,20.819045,19.426650000000002
rebuild,128,6.0,1,cpuFrame,1800,19.437452999999998,19.37225,20.282729999999997,20.811853999999997,19.4194
rebuild,128,6.0,1,gpuFrame,1800,18.129299182222223,18.066336,18.8358384,19.50757824,18.114672
rebuild,128,6.0,1,gridLightingCpu,1800,0.012330333333333334,0.0115,0.0142,0.033718999999999985,0.01155
rebuild,128,6.0,1,gridLightingGpu,1800,1.321509191111111,1.29056,1.5072352,1.7781699199999998,1.288352
rebuild,128,6.0,1,cacheCheckCpu,1800,0.007465333333333333,0.0072,0.0084,0.0097,0.0072
rebuild,128,6.0,1,gridBuildCpu,1800,17.398909777777778,17.36555,18.180325,18.694519000000003,17.41435
rebuild,128,6.0,1,gridUploadCpu,1800,0.4733777222222222,0.4583,0.5802050000000001,0.706731,0.4587
rebuild,128,6.0,1,gridBoundsCpu,1800,9.185443555555555,9.1332,9.628414999999999,9.989443999999999,9.1074
rebuild,128,6.0,1,gridCountCpu,1800,0.47569877777777775,0.46135,0.569475,0.724926,0.4609
rebuild,128,6.0,1,gridPrefixCpu,1800,0.011102555555555556,0.0106,0.012104999999999996,0.019603999999999996,0.0106
rebuild,128,6.0,1,gridFillCpu,1800,2.5458238333333334,2.5057,2.932825,3.236906,2.471
rebuild,128,6.0,2,wallFrame,1800,26.713556277777776,26.6771,27.716805,28.338644,26.5631
rebuild,128,6.0,2,cpuFrame,1800,26.705895277777778,26.66885,27.710035,28.330365999999998,26.5542
rebuild,128,6.0,2,gpuFrame,1800,25.390622008888887,25.322752,26.317572799999997,26.98168288,25.236448
rebuild,128,6.0,2,gridLightingCpu,1800,0.012042055555555558,0.0115,0.014004999999999995,0.02841499999999999,0.0115
rebuild,128,6.0,2,gridLightingGpu,1800,1.2685178133333335,1.231104,1.4835728,1.86934336,1.229184
rebuild,128,6.0,2,cacheCheckCpu,1800,0.007498888888888889,0.0072,0.0085,0.010401999999999998,0.0072
rebuild,128,6.0,2,gridBuildCpu,1800,24.012814999999996,23.984050000000003,24.951225,25.576133000000002,23.87945
rebuild,128,6.0,2,gridUploadCpu,1800,0.8205002777777779,0.7923,1.00661,1.173335,0.7867500000000001
rebuild,128,6.0,2,gridBoundsCpu,1800,9.219485666666666,9.151499999999999,9.691399999999998,10.169279,9.0929
rebuild,128,6.0,2,gridCountCpu,1800,0.8104502777777778,0.78585,0.951,1.128115,0.78435
rebuild,128,6.0,2,gridPrefixCpu,1800,0.021868666666666665,0.021,0.02640999999999999,0.04313299999999997,0.021
rebuild,128,6.0,2,gridFillCpu,1800,6.595034944444444,6.54035,7.04049,7.395357,6.52735
rebuild,128,6.0,4,wallFrame,1800,33.172037055555556,32.96765,34.104025,34.985562,33.0166
rebuild,128,6.0,4,cpuFrame,1800,33.16434483333334,32.95905,34.096715,34.979063,33.01055
rebuild,128,6.0,4,gpuFrame,1800,31.79417882666667,31.729184,32.7979744,33.68305152000001,31.754815999999998
rebuild,128,6.0,4,gridLightingCpu,1800,0.012173388888888888,0.0117,0.0144,0.022307999999999995,0.0116
rebuild,128,6.0,4,gridLightingGpu,1800,1.2818564266666665,1.233312,1.5798048,1.8273411199999998,1.230704
rebuild,128,6.0,4,cacheCheckCpu,1800,0.007498888888888889,0.0072,0.0084,0.0095,0.0072
rebuild,128,6.0,4,gridBuildCpu,1800,29.80575388888889,29.61215,30.66697,31.507572,29.635399999999997
rebuild,128,6.0,4,gridUploadCpu,1800,1.2007490555555556,1.16225,1.4364199999999998,1.64327,1.1651500000000001
rebuild,128,6.0,4,gridBoundsCpu,1800,9.171522055555554,9.1051,9.632259999999999,10.168249000000001,9.09225
rebuild,128,6.0,4,gridCountCpu,1800,1.1478371111111112,1.1192,1.31162,1.538578,1.12
rebuild,128,6.0,4,gridPrefixCpu,1800,0.04498283333333333,0.0431,0.05451499999999999,0.083501,0.0431
rebuild,128,6.0,4,gridFillCpu,1800,9.727006833333334,9.6735,10.216280000000001,10.594532,9.6916
rebuild,128,6.0,8,wallFrame,1800,49.72219477777779,49.4755,50.835924999999996,52.263726,49.294799999999995
rebuild,128,6.0,8,cpuFrame,1800,49.71438394444445,49.4681,50.829685000000005,52.256225,49.28605
rebuild,128,6.0,8,gpuFrame,1800,48.22592072888889,48.133584,49.4647104,50.65274528,47.985472
rebuild,128,6.0,8,gridLightingCpu,1800,0.0120445,0.0113,0.0138,0.03171599999999999,0.011349999999999999
rebuild,128,6.0,8,gridLightingGpu,1800,1.270821831111111,1.217312,1.5478159999999999,1.6929616,1.21472
rebuild,128,6.0,8,cacheCheckCpu,1800,0.007521555555555556,0.0073,0.0085,0.010400999999999999,0.0073
rebuild,128,6.0,8,gridBuildCpu,1800,44.6286955,44.397,45.595265,46.730038,44.29895
rebuild,128,6.0,8,gridUploadCpu,1800,2.1514085,2.10575,2.444425,2.64483,2.1022499999999997
rebuild,128,6.0,8,gridBoundsCpu,1800,9.210480388888888,9.1532,9.686205,10.055302,9.14545
rebuild,128,6.0,8,gridCountCpu,1800,2.058709,2.0083,2.29817,2.718251,2.0027
rebuild,128,6.0,8,gridPrefixCpu,1800,0.08861999999999999,0.0831,0.11670499999999999,0.165233,0.0829
rebuild,128,6.0,8,gridFillCpu,1800,17.474171833333333,17.3881,18.29416,18.885775,17.31035
rebuild,128,6.0,16,wallFrame,1800,86.43915244444445,84.54984999999999,95.97995499999999,101.58484399999999,84.03604999999999
rebuild,128,6.0,16,cpuFrame,1800,86.43133144444444,84.5414,95.972205,101.57537199999999,84.02674999999999
rebuild,128,6.0,16,gpuFrame,1800,84.90150528000001,83.21059199999999,94.32516960000001,99.27336448,82.681552
rebuild,128,6.0,16,gridLightingCpu,1800,0.012024,0.0114,0.0142,0.023502999999999996,0.0113
rebuild,128,6.0,16,gridLightingGpu,1800,1.2396950755555554,1.201424,1.4513023999999999,1.68775776,1.2005919999999999
rebuild,128,6.0,16,cacheCheckCpu,1800,0.0075595,0.0072,0.0085,0.010201,0.0072
rebuild,128,6.0,16,gridBuildCpu,1800,77.3044915,76.10685000000001,83.28587,87.659475,75.6806
rebuild,128,6.0,16,gridUploadCpu,1800,4.477544944444444,3.9914,7.438854999999999,8.317358999999998,3.93885
rebuild,128,6.0,16,gridBoundsCpu,1800,9.215397333333332,9.10255,9.907895,10.780854999999999,9.080300000000001
rebuild,128,6.0,16,gridCountCpu,1800,3.8120971666666668,3.73125,4.27506,5.250208000000001,3.71755
rebuild,128,6.0,16,gridPrefixCpu,1800,0.18010911111111114,0.17315,0.23394499999999996,0.295409,0.1732
rebuild,128,6.0,16,gridFillCpu,1800,36.606810611111115,35.685900000000004,42.053355,44.534866,35.262
rebuild,128,12.0,1,wallFrame,1800,24.080126055555553,23.9317,25.380809999999997,27.212409,23.884900000000002
rebuild,128,12.0,1,cpuFrame,1800,24.072356166666665,23.923450000000003,25.37403,27.204961,23.87865
rebuild,128,12.0,1,gpuFrame,1800,22.865384053333337,22.749760000000002,24.1217104,25.871407679999997,22.722368
rebuild,128,12.0,1,gridLightingCpu,1800,0.012857,0.012,0.0153,0.038703999999999995,0.012
rebuild,128,12.0,1,gridLightingGpu,1800,2.362101475555556,2.3536799999999998,2.7840879999999997,2.99080192,2.35248
rebuild,128,12.0,1,cacheCheckCpu,1800,0.007553055555555556,0.0073,0.0085,0.009600999999999998,0.0073
rebuild,128,12.0,1,gridBuildCpu,1800,21.735636888888887,21.62835,22.902005,24.638346000000002,21.62835
rebuild,128,12.0,1,gridUploadCpu,1800,0.5964191666666665,0.5697,0.7636149999999999,0.9043249999999999,0.5617
rebuild,128,12.0,1,gridBoundsCpu,1800,11.355837055555554,11.227599999999999,12.275405,13.515956,11.12795
rebuild,128,12.0,1,gridCountCpu,1800,0.6046601111111111,0.5751,0.797965,1.010295,0.57725
rebuild,128,12.0,1,gridPrefixCpu,1800,0.011158055555555555,0.0107,0.014504999999999995,0.019301,0.0106
rebuild,128,12.0,1,gridFillCpu,1800,2.9339398333333326,2.8869499999999997,3.368435,3.6722259999999998,2.8920500000000002
rebuild,128,12.0,2,wallFrame,1800,32.890109555555554,32.656000000000006,33.955110000000005,35.076715,32.528400000000005
rebuild,128,12.0,2,cpuFrame,1800,32.88255233333334,32.64805,33.949115,35.073171,32.5207
rebuild,128,12.0,2,gpuFrame,1800,31.49938520888889,31.4208,32.625244800000004,33.74205056,31.328656000000002
rebuild,128,12.0,2,gridLightingCpu,1800,0.012262444444444446,0.0117,0.0141,0.0282,0.0118
rebuild,128,12.0,2,gridLightingGpu,1800,2.2739852799999998,2.249968,2.6885824,2.8986688,2.255584
rebuild,128,12.0,2,cacheCheckCpu,1800,0.007586277777777778,0.0072,0.0085,0.009903999999999998,0.0072
rebuild,128,12.0,2,gridBuildCpu,1800,29.60719472222222,29.37625,30.60258,31.400182,29.32755
rebuild,128,12.0,2,gridUploadCpu,1800,1.1302050000000001,1.0936,1.35656,1.580716,1.0855
rebuild,128,12.0,2,gridBoundsCpu,1800,11.252265833333333,11.1848,11.78479,12.471845,11.13405
rebuild,128,12.0,2,gridCountCpu,1800,1.1009969444444445,1.064,1.2939749999999999,1.5131309999999998,1.06285
rebuild,128,12.0,2,gridPrefixCpu,1800,0.022288333333333334,0.0212,0.026704999999999996,0.04551699999999998,0.0211
rebuild,128,12.0,2,gridFillCpu,1800,7.020993666666667,6.959300000000001,7.64809,8.059257,6.92685
rebuild,128,12.0,4,wallFrame,1800,47.157806722222226,46.89195,48.460405,49.348535,46.746449999999996
rebuild,128,12.0,4,cpuFrame,1800,47.15036944444445,46.884100000000004,48.4518,49.33965,46.73835
rebuild,128,12.0,4,gpuFrame,1800,45.77299992888889,45.66784,47.233347200000004,48.0305952,45.487024000000005
rebuild,128,12.0,4,gridLightingCpu,1800,0.01236061111111111,0.0116,0.0141,0.029803999999999997,0.0116
rebuild,128,12.0,4,gridLightingGpu,1800,2.172783751111111,2.063296,2.5965648,2.81397152,2.058752
rebuild,128,12.0,4,cacheCheckCpu,1800,0.007547166666666667,0.0073,0.0084,0.010002999999999998,0.0073
rebuild,128,12.0,4,gridBuildCpu,1800,42.128604833333334,41.925349999999995,43.04355,43.746383,41.8944
rebuild,128,12.0,4,gridUploadCpu,1800,2.1405172777777777,1.97655,2.8707,3.2021469999999996,1.8873
rebuild,128,12.0,4,gridBoundsCpu,1800,11.19122811111111,11.1214,11.70703,12.185552999999999,11.114
rebuild,128,12.0,4,gridCountCpu,1800,1.840663777777778,1.8014,2.05938,2.310094,1.79735
rebuild,128,12.0,4,gridPrefixCpu,1800,0.044859833333333335,0.0423,0.0583,0.09390799999999999,0.0425
rebuild,128,12.0,4,gridFillCpu,1800,13.805604833333334,13.7446,14.46424,15.131423,13.71995
rebuild,128,12.0,8,wallFrame,1800,72.71542822222222,72.25515,75.029035,76.453039,72.4074
rebuild,128,12.0,8,cpuFrame,1800,72.70759377777777,72.24885,75.01935499999999,76.446337,72.3981
rebuild,128,12.0,8,gpuFrame,1800,71.31405155555555,71.03219200000001,73.760712,74.87493792,71.164288
rebuild,128,12.0,8,gridLightingCpu,1800,0.012053666666666667,0.0114,0.014,0.031818999999999986,0.0114
rebuild,128,12.0,8,gridLightingGpu,1800,2.176855822222222,2.059664,2.7074079999999996,3.01801728,2.055568
rebuild,128,12.0,8,cacheCheckCpu,1800,0.007517777777777778,0.0073,0.0084,0.010701999999999998,0.0073
rebuild,128,12.0,8,gridBuildCpu,1800,64.64717027777779,64.3584,65.97438,66.973997,64.2613
rebuild,128,12.0,8,gridUploadCpu,1800,3.873894833333334,3.54115,5.487394999999999,5.806837,3.4869
rebuild,128,12.0,8,gridBoundsCpu,1800,11.200965166666666,11.132850000000001,11.679459999999999,12.123415,11.13185
rebuild,128,12.0,8,gridCountCpu,1800,3.3643053333333333,3.31155,3.69162,4.097907,3.29745
rebuild,128,12.0,8,gridPrefixCpu,1800,0.08713855555555555,0.0822,0.11331,0.14740999999999999,0.082
rebuild,128,12.0,8,gridFillCpu,1800,24.48899872222222,24.4092,25.51997,26.290702999999997,24.3276
rebuild,128,12.0,16,wallFrame,1800,124.14426950000001,123.89735,126.764115,129.57427600000003,123.7704
rebuild,128,12.0,16,cpuFrame,1800,124.1363711111111,123.8937,126.75632,129.513723,123.7623
rebuild,128,12.0,16,gpuFrame,1800,122.92975487999999,122.67633599999999,125.6260752,128.06429183999998,122.56268800000001
rebuild,128,12.0,16,gridLightingCpu,1800,0.011987555555555555,0.0114,0.0139,0.025608999999999993,0.0114
rebuild,128,12.0,16,gridLightingGpu,1800,2.1537915733333333,2.055424,2.6985552,2.8982576,2.0532
rebuild,128,12.0,16,cacheCheckCpu,1800,0.007840833333333332,0.0073,0.0085,0.01332099999999998,0.0073
rebuild,128,12.0,16,gridBuildCpu,1800,110.95083266666667,110.7535,113.4143,115.40258499999999,110.72085
rebuild,128,12.0,16,gridUploadCpu,1800,6.670883611111111,6.604150000000001,7.207269999999999,7.788587,6.6022
rebuild,128,12.0,16,gridBoundsCpu,1800,11.274448111111111,11.21095,11.809025,12.378778999999998,11.17135
rebuild,128,12.0,16,gridCountCpu,1800,6.383717555555554,6.30725,6.835575,7.628766,6.2954
rebuild,128,12.0,16,gridPrefixCpu,1800,0.17672488888888888,0.169,0.227105,0.304824,0.169
rebuild,128,12.0,16,gridFillCpu,1800,47.69730577777778,47.542699999999996,49.64807,51.536232,47.41695
rebuild,256,1.5,1,wallFrame,1800,7.840759111111111,7.783049999999999,8.364525,8.826522,7.76495
rebuild,256,1.5,1,cpuFrame,1800,7.8334215,7.7756,8.35756,8.817941000000001,7.75805
rebuild,256,1.5,1,gpuFrame,1800,6.651882915555555,6.608912,6.9928976,7.403198079999999,6.602912
rebuild,256,1.5,1,gridLightingCpu,1800,0.010348722222222221,0.0101,0.0135,0.017103999999999998,0.01
rebuild,256,1.5,1,gridLightingGpu,1800,0.2204730133333333,0.21728,0.2205792,0.36282976,0.21728
rebuild,256,1.5,1,cacheCheckCpu,1800,0.014751166666666668,0.0142,0.0159,0.023104999999999994,0.0142
rebuild,256,1.5,1,gridBuildCpu,1800,6.6463478333333335,6.60885,7.092575,7.566587999999999,6.6145499999999995
rebuild,256,1.5,1,gridUploadCpu,1800,0.030085833333333332,0.0267,0.04940999999999999,0.068802,0.0267
rebuild,256,1.5,1,gridBoundsCpu,1800,4.710104388888889,4.678,4.9623099999999996,5.346386,4.66565
rebuild,256,1.5,1,gridCountCpu,1800,0.102944,0.0984,0.1329,0.191216,0.0984
rebuild,256,1.5,1,gridPrefixCpu,1800,0.010782388888888886,0.0103,0.0125,0.0182,0.0103
rebuild,256,1.5,1,gridFillCpu,1800,0.4314225555555556,0.4194,0.50261,0.6233399999999999,0.4145
rebuild,256,1.5,2,wallFrame,1800,8.160259333333332,8.11655,8.67125,9.041925,8.1047
rebuild,256,1.5,2,cpuFrame,1800,8.153250777777778,8.10925,8.663915,9.035033,8.09765
rebuild,256,1.5,2,gpuFrame,1800,6.964205653333333,6.917631999999999,7.3719408,7.637306239999999,6.910512000000001
rebuild,256,1.5,2,gridLightingCpu,1800,0.01061588888888889,0.0104,0.0131,0.018201,0.0104
rebuild,256,1.5,2,gridLightingGpu,1800,0.17948835555555553,0.173856,0.1786256,0.34485984000000003,0.174112
rebuild,256,1.5,2,cacheCheckCpu,1800,0.014814388888888889,0.0143,0.0157,0.0219,0.0143
rebuild,256,1.5,2,gridBuildCpu,1800,6.925777222222222,6.899050000000001,7.36115,7.7334,6.8869
rebuild,256,1.5,2,gridUploadCpu,1800,0.03948611111111111,0.0353,0.06522499999999998,0.108503,0.0355
rebuild,256,1.5,2,gridBoundsCpu,1800,4.701762666666667,4.65855,4.953045,5.28953,4.6552
rebuild,256,1.5,2,gridCountCpu,1800,0.13077205555555557,0.1258,0.15911499999999998,0.22441199999999997,0.12585000000000002
rebuild,256,1.5,2,gridPrefixCpu,1800,0.02135511111111111,0.0206,0.0253,0.03700599999999999,0.0206
rebuild,256,1.5,2,gridFillCpu,1800,0.5001326666666667,0.48425,0.5908249999999999,0.702519,0.48075
rebuild,256,1.5,4,wallFrame,1800,9.049604166666667,9.0138,9.602314999999999,9.926101,9.0067
rebuild,256,1.5,4,cpuFrame,1800,9.042343333333333,9.004999999999999,9.59536,9.919804000000001,8.9995
rebuild,256,1.5,4,gpuFrame,1800,7.834255608888888,7.797536,8.2359504,8.57682688,7.798016
rebuild,256,1.5,4,gridLightingCpu,1800,0.010894888888888888,0.0106,0.0129,0.016006999999999993,0.0106
rebuild,256,1.5,4,gridLightingGpu,1800,0.17631436444444445,0.171456,0.1834928,0.32989472000000003,0.171136
rebuild,256,1.5,4,cacheCheckCpu,1800,0.014925222222222223,0.0143,0.0165,0.030911999999999988,0.0143
rebuild,256,1.5,4,gridBuildCpu,1800,7.503024666666667,7.47945,7.975210000000001,8.287418,7.483499999999999
rebuild,256,1.5,4,gridUploadCpu,1800,0.1840566111111111,0.1771,0.23190999999999998,0.29344299999999995,0.17585
rebuild,256,1.5,4,gridBoundsCpu,1800,4.755519833333334,4.7248,5.016585,5.259503,4.7321
rebuild,256,1.5,4,gridCountCpu,1800,0.16700038888888888,0.1599,0.20692,0.28642399999999996,0.1592
rebuild,256,1.5,4,gridPrefixCpu,1800,0.04293583333333334,0.041,0.0519,0.08793199999999998,0.0413
rebuild,256,1.5,4,gridFillCpu,1800,0.6122484444444445,0.591,0.726105,0.8622039999999999,0.59055
rebuild,256,1.5,8,wallFrame,1800,10.460812722222222,10.415849999999999,11.03134,11.398861,10.3568
rebuild,256,1.5,8,cpuFrame,1800,10.453261166666667,10.4095,11.02467,11.392558,10.3492
rebuild,256,1.5,8,gpuFrame,1800,9.241923111111113,9.213263999999999,9.6893232,10.00062592,9.17256
rebuild,256,1.5,8,gridLightingCpu,1800,0.011554277777777778,0.0112,0.0134,0.021906999999999992,0.0112
rebuild,256,1.5,8,gridLightingGpu,1800,0.16497683555555556,0.159568,0.172288,0.32313696,0.159168
rebuild,256,1.5,8,cacheCheckCpu,1800,0.015026777777777778,0.0144,0.0168,0.024603999999999997,0.0144
rebuild,256,1.5,8,gridBuildCpu,1800,8.733189833333334,8.7067,9.255714999999999,9.53474,8.665
rebuild,256,1.5,8,gridUploadCpu,1800,0.2707675,0.2623,0.332205,0.41004699999999994,0.262
rebuild,256,1.5,8,gridBoundsCpu,1800,4.7267003333333335,4.69735,5.00707,5.178734,4.661099999999999
rebuild,256,1.5,8,gridCountCpu,1800,0.25634694444444445,0.2464,0.31501,0.40730599999999983,0.2465
rebuild,256,1.5,8,gridPrefixCpu,1800,0.08800438888888888,0.0835,0.11261499999999999,0.1625,0.08355
rebuild,256,1.5,8,gridFillCpu,1800,0.9466271111111112,0.9241,1.0776449999999997,1.243136,0.92115
rebuild,256,1.5,16,wallFrame,1800,13.219916666666666,13.14115,13.90813,14.543069999999998,13.1114
rebuild,256,1.5,16,cpuFrame,1800,13.212438888888888,13.13305,13.90012,14.535842,13.103349999999999
rebuild,256,1.5,16,gpuFrame,1800,11.999879751111111,11.9368,12.5456816,13.08511904,11.922048
rebuild,256,1.5,16,gridLightingCpu,1800,0.011936444444444446,0.0115,0.0136,0.023601999999999998,0.0115
rebuild,256,1.5,16,gridLightingGpu,1800,0.15837898666666667,0.15344,0.16579359999999999,0.3165552,0.15328
rebuild,256,1.5,16,cacheCheckCpu,1800,0.014956944444444445,0.0144,0.0167,0.027103999999999996,0.0144
rebuild,256,1.5,16,gridBuildCpu,1800,11.123103777777777,11.0814,11.701165,12.1439,11.072299999999998
rebuild,256,1.5,16,gridUploadCpu,1800,0.46358516666666666,0.449,0.5784050000000001,0.6765249999999999,0.4511
rebuild,256,1.5,16,gridBoundsCpu,1800,4.719239388888889,4.6774000000000004,5.009804999999999,5.332478999999999,4.6748
rebuild,256,1.5,16,gridCountCpu,1800,0.42396849999999997,0.4078,0.519005,0.6380659999999999,0.407
rebuild,256,1.5,16,gridPrefixCpu,1800,0.1855191111111111,0.1783,0.238,0.30200899999999997,0.17595
rebuild,256,1.5,16,gridFillCpu,1800,1.5353895555555552,1.5058500000000001,1.717925,1.909034,1.5032999999999999
rebuild,256,3.0,1,wallFrame,1800,18.182418944444446,18.11435,18.864205000000002,19.502779,18.097
rebuild,256,3.0,1,cpuFrame,1800,18.174864,18.1068,18.857115,19.494562,18.091
rebuild,256,3.0,1,gpuFrame,1800,17.004144746666668,16.950063999999998,17.622888,18.0927568,16.933024
rebuild,256,3.0,1,gridLightingCpu,1800,0.012433166666666667,0.0116,0.0146,0.036905999999999994,0.0117
rebuild,256,3.0,1,gridLightingGpu,1800,0.7259332088888889,0.71088,0.8668832,1.13169728,0.71096
rebuild,256,3.0,1,cacheCheckCpu,1800,0.014689444444444446,0.0144,0.0166,0.018201,0.0144
rebuild,256,3.0,1,gridBuildCpu,1800,16.189343611111113,16.1488,16.91159,17.402120999999998,16.129550000000002
rebuild,256,3.0,1,gridUploadCpu,1800,0.41208272222222225,0.3932,0.53021,0.648819,0.3913
rebuild,256,3.0,1,gridBoundsCpu,1800,9.720050166666665,9.66225,10.19229,10.671259000000001,9.58855
rebuild,256,3.0,1,gridCountCpu,1800,0.4066821666666667,0.3963,0.47801499999999997,0.5984849999999999,0.3984
rebuild,256,3.0,1,gridPrefixCpu,1800,0.01105488888888889,0.0106,0.0117,0.019603999999999996,0.0105
rebuild,256,3.0,1,gridFillCpu,1800,2.1605990555555556,2.13445,2.41331,2.6022119999999997,2.0986
rebuild,256,3.0,2,wallFrame,1800,22.246624722222222,22.18655,23.09956,23.729025,22.224899999999998
rebuild,256,3.0,2,cpuFrame,1800,22.239029833333333,22.1799,23.084055,23.722627,22.21485
rebuild,256,3.0,2,gpuFrame,1800,21.037396764444445,20.963936,21.8596176,22.433780799999997,20.984448
rebuild,256,3.0,2,gridLightingCpu,1800,0.012287,0.0116,0.0143,0.032001,0.0117
rebuild,256,3.0,2,gridLightingGpu,1800,0.6262595377777779,0.612544,0.7646223999999999,0.83955488,0.611968
rebuild,256,3.0,2,cacheCheckCpu,1800,0.014992,0.0143,0.0168,0.029203999999999997,0.0143
rebuild,256,3.0,2,gridBuildCpu,1800,19.9509385,19.919449999999998,20.784705000000002,21.332991999999997,19.932949999999998
rebuild,256,3.0,2,gridUploadCpu,1800,0.5893631111111111,0.5692,0.742945,0.877204,0.56915
rebuild,256,3.0,2,gridBoundsCpu,1800,9.698081944444445,9.63335,10.177695,10.677126999999999,9.63685
rebuild,256,3.0,2,gridCountCpu,1800,0.5910225,0.57,0.725715,0.9145169999999999,0.57115
rebuild,256,3.0,2,gridPrefixCpu,1800,0.021898833333333336,0.021,0.02670999999999999,0.040201999999999995,0.021
rebuild,256,3.0,2,gridFillCpu,1800,4.5112066111111115,4.4611,4.932709999999999,5.195341,4.4572
rebuild,256,3.0,4,wallFrame,1800,26.20517033333333,26.1504,27.225275,27.771822,26.0678
rebuild,256,3.0,4,cpuFrame,1800,26.197413444444443,26.1434,27.218339999999998,27.765309,26.0616
rebuild,256,3.0,4,gpuFrame,1800,24.989892497777777,24.920704,25.8694272,26.50283008,24.867584
rebuild,256,3.0,4,gridLightingCpu,1800,0.012072333333333332,0.0116,0.014,0.028501,0.0116
rebuild,256,3.0,4,gridLightingGpu,1800,0.6254141155555556,0.60944,0.764352,0.93529664,0.608272
rebuild,256,3.0,4,cacheCheckCpu,1800,0.014982000000000002,0.0143,0.0167,0.030102999999999994,0.0144
rebuild,256,3.0,4,gridBuildCpu,1800,23.513042944444443,23.47855,24.39866,25.055234,23.4389
rebuild,256,3.0,4,gridUploadCpu,1800,0.807991388888889,0.7791,0.9903099999999999,1.1441629999999996,0.77835
rebuild,256,3.0,4,gridBoundsCpu,1800,9.747133555555557,9.69925,10.23139,10.613718,9.6357
rebuild,256,3.0,4,gridCountCpu,1800,0.7892904444444444,0.7622,0.94292,1.1560629999999998,0.7628
rebuild,256,3.0,4,gridPrefixCpu,1800,0.044529,0.0428,0.05370999999999999,0.074702,0.0429
rebuild,256,3.0,4,gridFillCpu,1800,6.360019277777778,6.303100000000001,6.800765,7.13992,6.3027
rebuild,256,3.0,8,wallFrame,1800,35.16462116666666,34.8973,36.153215,37.320963,34.80135
rebuild,256,3.0,8,cpuFrame,1800,35.15700366666667,34.8888,36.146215,37.313859,34.79375
rebuild,256,3.0,8,gpuFrame,1800,33.73201918222222,33.636896,34.837968000000004,35.81629568,33.576976
rebuild,256,3.0,8,gridLightingCpu,1800,0.012141111111111111,0.0115,0.014,0.02153299999999997,0.0115
rebuild,256,3.0,8,gridLightingGpu,1800,0.5783531911111112,0.5608,0.7138736,0.8966208,0.560432
rebuild,256,3.0,8,cacheCheckCpu,1800,0.015137722222222223,0.0145,0.0171,0.023513999999999986,0.0145
rebuild,256,3.0,8,gridBuildCpu,1800,31.464225388888888,31.2057,32.310115,33.278586000000004,31.1693
rebuild,256,3.0,8,gridUploadCpu,1800,1.3579394444444446,1.3200500000000002,1.5881849999999997,1.8558659999999998,1.3172000000000001
rebuild,256,3.0,8,gridBoundsCpu,1800,9.781770166666668,9.7223,10.24284,10.954101999999999,9.7422
rebuild,256,3.0,8,gridCountCpu,1800,1.2937072222222221,1.2565,1.4748199999999998,1.801693,1.2585
rebuild,256,3.0,8,gridPrefixCpu,1800,0.08749933333333335,0.0831,0.11120999999999999,0.154401,0.0827
rebuild,256,3.0,8,gridFillCpu,1800,10.284203611111112,10.219249999999999,10.89694,11.259211,10.2431
rebuild,256,3.0,16,wallFrame,1800,53.21296866666667,52.939750000000004,54.529775,55.678608,52.99105
rebuild,256,3.0,16,cpuFrame,1800,53.205245999999995,52.93345,54.521485,55.670407999999995,52.983599999999996
rebuild,256,3.0,16,gpuFrame,1800,51.83790350222222,51.72632,53.312347200000005,54.50457312,51.792416
rebuild,256,3.0,16,gridLightingCpu,1800,0.011903388888888889,0.0113,0.0137,0.028502999999999997,0.0114
rebuild,256,3.0,16,gridLightingGpu,1800,0.5583790933333334,0.537712,0.6946496,0.88048288,0.537856
rebuild,256,3.0,16,cacheCheckCpu,1800,0.015484222222222222,0.0146,0.0168,0.039303,0.0146
rebuild,256,3.0,16,gridBuildCpu,1800,47.643822388888886,47.3719,48.8111,50.13509,47.4033
rebuild,256,3.0,16,gridUploadCpu,1800,2.396826611111111,2.3608,2.700065,2.92012,2.36325
rebuild,256,3.0,16,gridBoundsCpu,1800,9.705690666666667,9.66425,10.107814999999999,10.453362,9.6237
rebuild,256,3.0,16,gridCountCpu,1800,2.2686437222222224,2.2225,2.516245,2.89701,2.21565
rebuild,256,3.0,16,gridPrefixCpu,1800,0.17956233333333332,0.1743,0.2192,0.270605,0.1739
rebuild,256,3.0,16,gridFillCpu,1800,18.753585833333332,18.63875,19.942664999999998,21.169330999999996,18.69445
rebuild,256,6.0,1,wallFrame,1800,36.66485216666667,36.391149999999996,37.75908,39.084128,36.268299999999996
rebuild,256,6.0,1,cpuFrame,1800,36.657458222222225,36.383449999999996,37.751234999999994,39.075742999999996,36.261
rebuild,256,6.0,1,gpuFrame,1800,35.246692017777775,35.1672,36.4471584,37.33220032,35.063264000000004
rebuild,256,6.0,1,gridLightingCpu,1800,0.012533555555555556,0.0119,0.0148,0.029518999999999983,0.0118
rebuild,256,6.0,1,gridLightingGpu,1800,2.6879575644444444,2.687264,3.0930128,3.2803417599999998,2.671824
rebuild,256,6.0,1,cacheCheckCpu,1800,0.014722277777777777,0.0142,0.0164,0.02360999999999999,0.0143
rebuild,256,6.0,1,gridBuildCpu,1800,33.683160111111114,33.413700000000006,34.759094999999995,35.668504,33.28705
rebuild,256,6.0,1,gridUploadCpu,1800,0.9677706111111112,0.93295,1.17267,1.3326399999999998,0.9337500000000001
rebuild,256,6.0,1,gridBoundsCpu,1800,18.51922961111111,18.44375,19.288615,20.082505,18.4192
rebuild,256,6.0,1,gridCountCpu,1800,0.9744930555555557,0.94,1.19072,1.44343,0.9399500000000001
rebuild,256,6.0,1,gridPrefixCpu,1800,0.011567777777777778,0.0108,0.0137,0.028502999999999997,0.0108
rebuild,256,6.0,1,gridFillCpu,1800,4.581728444444444,4.51075,5.13244,5.656614,4.5111
rebuild,256,6.0,2,wallFrame,1800,49.31585777777778,49.028,50.611355,51.746564,49.21425
rebuild,256,6.0,2,cpuFrame,1800,49.30836055555555,49.018,50.604845,51.740656,49.20685
rebuild,256,6.0,2,gpuFrame,1800,47.86552376888889,47.773744,49.3199808,50.27151136,47.970240000000004
rebuild,256,6.0,2,gridLightingCpu,1800,0.011885777777777778,0.0113,0.0138,0.02350999999999999,0.0113
rebuild,256,6.0,2,gridLightingGpu,1800,2.4108300977777777,2.27456,2.7926688,3.04455968,2.270768
rebuild,256,6.0,2,cacheCheckCpu,1800,0.014667944444444445,0.0143,0.016304999999999993,0.019002999999999996,0.0143
rebuild,256,6.0,2,gridBuildCpu,1800,45.199441500000006,44.95905,46.40929,47.289058,45.1366
rebuild,256,6.0,2,gridUploadCpu,1800,1.6230763333333333,1.5935,1.834135,2.045501,1.56615
rebuild,256,6.0,2,gridBoundsCpu,1800,18.240835833333332,18.1383,19.017924999999998,19.851623999999997,18.1425
rebuild,256,6.0,2,gridCountCpu,1800,1.5562697222222222,1.5212,1.76081,2.102456,1.5229
rebuild,256,6.0,2,gridPrefixCpu,1800,0.022015944444444446,0.0215,0.023804999999999996,0.034601,0.0215
rebuild,256,6.0,2,gridFillCpu,1800,11.949217555555556,11.87105,12.607675,13.143792,11.99165
rebuild,256,6.0,4,wallFrame,1800,62.038646166666666,61.7935,63.88131,64.966506,61.91415
rebuild,256,6.0,4,cpuFrame,1800,62.03123961111111,61.786,63.875375000000005,64.96106200000001,61.9102
rebuild,256,6.0,4,gpuFrame,1800,60.65408784,60.55912,62.651556799999994,63.5961808,60.651504
rebuild,256,6.0,4,gridLightingCpu,1800,0.011740222222222223,0.0112,0.0136,0.025505999999999994,0.0112
rebuild,256,6.0,4,gridLightingGpu,1800,2.3944168355555555,2.275664,2.880792,3.11224512,2.278016
rebuild,256,6.0,4,cacheCheckCpu,1800,0.014869666666666666,0.0143,0.0163,0.02090899999999999,0.0142
rebuild,256,6.0,4,gridBuildCpu,1800,56.349573333333325,56.1288,57.65295,58.745621,56.29095
rebuild,256,6.0,4,gridUploadCpu,1800,2.534609888888889,2.3743499999999997,3.4350099999999997,3.7656769999999997,2.2866
rebuild,256,6.0,4,gridBoundsCpu,1800,18.445643277777776,18.39115,19.208625,19.704323,18.4869
rebuild,256,6.0,4,gridCountCpu,1800,2.2358838333333333,2.19085,2.48361,2.80932,2.19445
rebuild,256,6.0,4,gridPrefixCpu,1800,0.04392033333333333,0.042,0.05281499999999999,0.08710499999999999,0.04185
rebuild,256,6.0,4,gridFillCpu,1800,17.716656166666667,17.6408,18.606655,19.203253,17.6559
rebuild,256,6.0,8,wallFrame,1800,93.93327794444443,93.5357,96.870485,98.343031,93.2301
rebuild,256,6.0,8,cpuFrame,1800,93.9256606111111,93.52825,96.860885,98.331749,93.22319999999999
rebuild,256,6.0,8,gpuFrame,1800,92.62989379555556,92.31564800000001,95.6550496,96.88519104,92.0184
rebuild,256,6.0,8,gridLightingCpu,1800,0.011786888888888888,0.0112,0.0135,0.022707999999999996,0.0112
rebuild,256,6.0,8,gridLightingGpu,1800,2.36645168,2.232256,2.9159328,3.15663488,2.228208
rebuild,256,6.0,8,cacheCheckCpu,1800,0.014706277777777778,0.0143,0.0163,0.02181299999999999,0.0143
rebuild,256,6.0,8,gridBuildCpu,1800,84.42452022222223,84.23635,86.04312999999999,87.081799,84.25595
rebuild,256,6.0,8,gridUploadCpu,1800,4.736547444444445,4.184,6.365754999999999,6.814471,4.07245
rebuild,256,6.0,8,gridBoundsCpu,1800,18.2576645,18.180799999999998,18.93592,19.531750000000002,18.205
rebuild,256,6.0,8,gridCountCpu,1800,3.9677028333333335,3.9122500000000002,4.34492,4.853037,3.9052
rebuild,256,6.0,8,gridPrefixCpu,1800,0.08728033333333333,0.0827,0.1077,0.15241,0.0827
rebuild,256,6.0,8,gridFillCpu,1800,32.87589872222222,32.7988,34.23877,34.918362,32.7986
rebuild,256,6.0,16,wallFrame,1800,157.24732327777778,156.95499999999998,161.15596,163.96745099999998,156.5669
rebuild,256,6.0,16,cpuFrame,1800,157.23913638888888,156.9461,161.148745,163.961907,156.5578
rebuild,256,6.0,16,gpuFrame,1800,156.03693456,155.815392,159.8737984,162.72417632,155.31985600000002
rebuild,256,6.0,16,gridLightingCpu,1800,0.012285111111111111,0.0113,0.0141,0.030701,0.01125
rebuild,256,6.0,16,gridLightingGpu,1800,2.2880347377777777,2.190016,2.8344063999999998,3.07069568,2.190048
rebuild,256,6.0,16,cacheCheckCpu,1800,0.014920500000000001,0.0144,0.0162,0.027402,0.0143
rebuild,256,6.0,16,gridBuildCpu,1800,142.313428,142.10025000000002,145.94978500000002,148.097912,141.72825
rebuild,256,6.0,16,gridUploadCpu,1800,7.637886222222222,7.5493,8.32244,9.326507,7.531750000000001
rebuild,256,6.0,16,gridBoundsCpu,1800,18.367439888888892,18.290300000000002,19.081215,19.855415,18.19025
rebuild,256,6.0,16,gridCountCpu,1800,7.303536777777778,7.2219,7.83371,8.507671,7.22175
rebuild,256,6.0,16,gridPrefixCpu,1800,0.17840250000000002,0.1719,0.22611499999999998,0.279821,0.1725
rebuild,256,6.0,16,gridFillCpu,1800,65.06689055555555,64.78935,68.148775,70.249433,64.54945000000001
rebuild,256,12.0,1,wallFrame,1800,46.38307461111111,46.17675,47.54297,48.191503,46.0871
rebuild,256,12.0,1,cpuFrame,1800,46.37536394444444,46.169650000000004,47.537095,48.182972,46.0793
rebuild,256,12.0,1,gpuFrame,1800,44.93388961777778,44.858928,46.1361392,46.79733984,44.776336
rebuild,256,12.0,1,gridLightingCpu,1800,0.012072944444444445,0.0116,0.0139,0.022605999999999994,0.0116
rebuild,256,12.0,1,gridLightingGpu,1800,4.5878488355555564,4.559248,5.0738976,5.29100736,4.55912
rebuild,256,12.0,1,cacheCheckCpu,1800,0.014750555555555557,0.0143,0.0166,0.0274,0.0143
rebuild,256,12.0,1,gridBuildCpu,1800,43.06048611111111,42.85365,44.118575,44.893622,42.75085
rebuild,256,12.0,1,gridUploadCpu,1800,1.1734036666666667,1.1359,1.3934,1.55213,1.13
rebuild,256,12.0,1,gridBoundsCpu,1800,22.428814666666668,22.35485,23.151519999999998,23.728543000000002,22.32665
rebuild,256,12.0,1,gridCountCpu,1800,1.1811238333333334,1.14415,1.4043400000000001,1.622633,1.14815
rebuild,256,12.0,1,gridPrefixCpu,1800,0.011481277777777778,0.0109,0.0123,0.023407999999999995,0.0109
rebuild,256,12.0,1,gridFillCpu,1800,6.550370777777778,6.4883500000000005,7.05558,7.476097,6.49775
rebuild,256,12.0,2,wallFrame,1800,62.67020883333334,62.26925,64.77531499999999,68.070909,62.08485
rebuild,256,12.0,2,cpuFrame,1800,62.662540166666666,62.2626,64.770205,68.062432,62.07825
rebuild,256,12.0,2,gpuFrame,1800,61.244268853333324,60.993888,63.4384944,66.33699008,60.798367999999996
rebuild,256,12.0,2,gridLightingCpu,1800,0.011966944444444445,0.0116,0.0141,0.019112999999999988,0.0115
rebuild,256,12.0,2,gridLightingGpu,1800,4.5249268266666665,4.508928,4.9563936,5.16191712,4.499952
rebuild,256,12.0,2,cacheCheckCpu,1800,0.014920500000000001,0.0143,0.0168,0.02880899999999999,0.0143
rebuild,256,12.0,2,gridBuildCpu,1800,57.39456988888889,57.00945,59.330475,62.040600999999995,56.86025
rebuild,256,12.0,2,gridUploadCpu,1800,2.2331994444444443,2.2009999999999996,2.4839200000000003,2.711146,2.20015
rebuild,256,12.0,2,gridBoundsCpu,1800,22.218683666666664,22.0774,23.253235,24.720385,22.0575
rebuild,256,12.0,2,gridCountCpu,1800,2.1474860555555555,2.1088,2.3891099999999996,2.89005,2.0947500000000003
rebuild,256,12.0,2,gridPrefixCpu,1800,0.022144,0.0215,0.025204999999999995,0.035704,0.0215
rebuild,256,12.0,2,gridFillCpu,1800,13.595263555555555,13.4683,14.597405,15.752454999999998,13.44575
rebuild,256,12.0,4,wallFrame,1800,91.44947888888889,90.9939,93.471315,97.756321,90.9647
rebuild,256,12.0,4,cpuFrame,1800,91.44161594444445,90.98695000000001,93.463475,97.750238,90.96005
rebuild,256,12.0,4,gpuFrame,1800,89.978256,89.71056,92.1370624,95.9986464,89.650896
rebuild,256,12.0,4,gridLightingCpu,1800,0.012125333333333333,0.0114,0.0141,0.027612999999999988,0.0115
rebuild,256,12.0,4,gridLightingGpu,1800,4.537603306666667,4.520112,4.9495408,5.1605984,4.5127679999999994
rebuild,256,12.0,4,cacheCheckCpu,1800,0.014701500000000001,0.0143,0.016304999999999993,0.025706999999999994,0.0142
rebuild,256,12.0,4,gridBuildCpu,1800,83.26979333333333,82.90685,84.818875,87.94693000000001,82.8292
rebuild,256,12.0,4,gridUploadCpu,1800,3.8994923888888895,3.8175499999999998,4.33562,5.849163999999998,3.81635
rebuild,256,12.0,4,gridBoundsCpu,1800,22.549070166666667,22.43365,23.50478,24.389214,22.33645
rebuild,256,12.0,4,gridCountCpu,1800,3.750447555555555,3.6816,4.162845,4.6165449999999995,3.6802
rebuild,256,12.0,4,gridPrefixCpu,1800,0.04472994444444445,0.04285,0.05510999999999999,0.08461599999999998,0.04145
rebuild,256,12.0,4,gridFillCpu,1800,27.205975333333335,27.119149999999998,28.30173,29.182063,27.1072
rebuild,256,12.0,8,wallFrame,1800,142.35991361111112,142.10935,144.753345,147.985706,142.0765
rebuild,256,12.0,8,cpuFrame,1800,142.35217783333331,142.1026,144.74475,147.979293,142.06885
rebuild,256,12.0,8,gpuFrame,1800,141.09757180444444,140.850576,143.5534464,146.51255424,140.799776
rebuild,256,12.0,8,gridLightingCpu,1800,0.011995111111111111,0.0115,0.0139,0.025005999999999997,0.0114
rebuild,256,12.0,8,gridLightingGpu,1800,4.525507164444444,4.534816,4.9515296,5.15559456,4.5128319999999995
rebuild,256,12.0,8,cacheCheckCpu,1800,0.014717944444444445,0.0143,0.0163,0.020007999999999995,0.0143
rebuild,256,12.0,8,gridBuildCpu,1800,128.62893716666667,128.43865,130.76454999999999,133.742435,128.39905
rebuild,256,12.0,8,gridUploadCpu,1800,6.960378,6.91395,7.454459999999999,7.753834,6.916650000000001
rebuild,256,12.0,8,gridBoundsCpu,1800,22.513769944444444,22.433,23.348545,24.253684,22.3111
rebuild,256,12.0,8,gridCountCpu,1800,6.739979222222223,6.66315,7.2066799999999995,7.988906,6.6541
rebuild,256,12.0,8,gridPrefixCpu,1800,0.08720855555555554,0.0824,0.11141,0.15920600000000001,0.0824
rebuild,256,12.0,8,gridFillCpu,1800,49.69227194444444,49.5189,51.47029,53.201858,49.53475
rebuild,256,12.0,16,wallFrame,1800,243.50133244444444,243.0494,248.50272999999999,254.570437,242.733
rebuild,256,12.0,16,cpuFrame,1800,243.49288783333336,243.04250000000002,248.49572500000002,254.56341,242.7251
rebuild,256,12.0,16,gpuFrame,1800,242.22471434666667,241.735232,246.9798624,253.66046559999998,241.396304
rebuild,256,12.0,16,gridLightingCpu,1800,0.012094944444444445,0.0114,0.0144,0.0287,0.0114
rebuild,256,12.0,16,gridLightingGpu,1800,4.500265031111111,4.515472,4.9262912,5.1087779200000005,4.491135999999999
rebuild,256,12.0,16,cacheCheckCpu,1800,0.014731555555555555,0.0144,0.0165,0.02350899999999999,0.0144
rebuild,256,12.0,16,gridBuildCpu,1800,218.4520996111111,218.1191,222.655325,226.127175,217.98829999999998
rebuild,256,12.0,16,gridUploadCpu,1800,13.328195222222222,13.11625,14.722415,16.042601,13.20465
rebuild,256,12.0,16,gridBoundsCpu,1800,22.635417999999998,22.5577,23.423565,24.274792,22.625349999999997
rebuild,256,12.0,16,gridCountCpu,1800,12.647862666666667,12.52685,13.377715,14.286473999999998,12.51465
rebuild,256,12.0,16,gridPrefixCpu,1800,0.17711700000000002,0.1697,0.23183499999999999,0.289307,0.1695
rebuild,256,12.0,16,gridFillCpu,1800,94.29806766666665,93.94775,97.848805,100.606561,93.79560000000001
rebuild,512,1.5,1,wallFrame,1800,14.012449555555554,13.959,14.686015000000001,15.156384,13.9734
rebuild,512,1.5,1,cpuFrame,1800,14.005150944444445,13.951550000000001,14.680005,15.14908,13.966550000000002
rebuild,512,1.5,1,gpuFrame,1800,12.846206826666668,12.804864,13.3896768,13.877639039999998,12.826016
rebuild,512,1.5,1,gridLightingCpu,1800,0.011781777777777778,0.0112,0.0136,0.022701,0.0112
rebuild,512,1.5,1,gridLightingGpu,1800,0.3802987022222222,0.373568,0.3820512,0.5387616,0.373536
rebuild,512,1.5,1,cacheCheckCpu,1800,0.029698333333333334,0.0283,0.032905,0.060312999999999985,0.0283
rebuild,512,1.5,1,gridBuildCpu,1800,12.398479611111112,12.38065,13.01693,13.434497,12.39505
rebuild,512,1.5,1,gridUploadCpu,1800,0.2228506666666667,0.2156,0.271715,0.364104,0.2153
rebuild,512,1.5,1,gridBoundsCpu,1800,8.890469111111111,8.8442,9.325825,9.713195,8.8438
rebuild,512,1.5,1,gridCountCpu,1800,0.2213187222222222,0.2145,0.26880499999999996,0.35719099999999987,0.21175
rebuild,512,1.5,1,gridPrefixCpu,1800,0.011070055555555555,0.0106,0.0118,0.018203999999999998,0.0106
rebuild,512,1.5,1,gridFillCpu,1800,0.992558888888889,0.9624,1.158625,1.3753119999999999,0.96235
rebuild,512,1.5,2,wallFrame,1800,15.083259944444443,15.03345,15.66591,16.246648,14.99615
rebuild,512,1.5,2,cpuFrame,1800,15.075500611111112,15.02585,15.658805,16.241035,14.9879
rebuild,512,1.5,2,gpuFrame,1800,13.897700764444444,13.847584000000001,14.4026624,14.87462464,13.794495999999999
rebuild,512,1.5,2,gridLightingCpu,1800,0.012343388888888888,0.0117,0.0141,0.028702,0.0117
rebuild,512,1.5,2,gridLightingGpu,1800,0.2976516088888889,0.2912,0.2963616,0.47767967999999994,0.2912
rebuild,512,1.5,2,cacheCheckCpu,1800,0.029938333333333334,0.0283,0.03410999999999999,0.060378999999999926,0.0283
rebuild,512,1.5,2,gridBuildCpu,1800,13.3203155,13.30175,13.889645,14.316689,13.25915
rebuild,512,1.5,2,gridUploadCpu,1800,0.27838844444444444,0.2678,0.34751,0.45371799999999995,0.2676
rebuild,512,1.5,2,gridBoundsCpu,1800,8.9489795,8.899799999999999,9.369114999999999,9.774931,8.84745
rebuild,512,1.5,2,gridCountCpu,1800,0.28436900000000004,0.2716,0.36510499999999996,0.4774049999999999,0.2712
rebuild,512,1.5,2,gridPrefixCpu,1800,0.021793444444444445,0.0207,0.027109999999999992,0.040302,0.0207
rebuild,512,1.5,2,gridFillCpu,1800,1.3900535555555555,1.35445,1.58234,1.774022,1.3520500000000002
rebuild,512,1.5,4,wallFrame,1800,16.130862555555552,16.0886,16.752505,17.194138,16.134
rebuild,512,1.5,4,cpuFrame,1800,16.123468,16.0819,16.74485,17.189135,16.12675
rebuild,512,1.5,4,gpuFrame,1800,14.94602456888889,14.904112000000001,15.511182400000001,16.03997312,14.964464
rebuild,512,1.5,4,gridLightingCpu,1800,0.012159166666666665,0.0117,0.014,0.022815999999999986,0.0117
rebuild,512,1.5,4,gridLightingGpu,1800,0.28448922666666665,0.277952,0.28747039999999996,0.43799008,0.278048
rebuild,512,1.5,4,cacheCheckCpu,1800,0.029418111111111114,0.0284,0.032604999999999995,0.056505999999999994,0.0284
rebuild,512,1.5,4,gridBuildCpu,1800,14.253847222222223,14.22805,14.840929999999998,15.260881,14.2654
rebuild,512,1.5,4,gridUploadCpu,1800,0.3388324444444445,0.32905,0.40891999999999995,0.503413,0.32925
rebuild,512,1.5,4,gridBoundsCpu,1800,8.904957388888889,8.8711,9.292259999999999,9.679321,8.86225
rebuild,512,1.5,4,gridCountCpu,1800,0.3464937777777778,0.3333,0.429745,0.521104,0.33294999999999997
rebuild,512,1.5,4,gridPrefixCpu,1800,0.04417727777777778,0.0419,0.054204999999999996,0.07820200000000001,0.0418
rebuild,512,1.5,4,gridFillCpu,1800,1.7744210555555557,1.7431,1.973945,2.174838,1.7437
rebuild,512,1.5,8,wallFrame,1800,18.84463111111111,18.8009,19.522325000000002,19.879185,18.810699999999997
rebuild,512,1.5,8,cpuFrame,1800,18.837197111111106,18.7928,19.51505,19.860197,18.804000000000002
rebuild,512,1.5,8,gpuFrame,1800,17.67508040888889,17.637024,18.210984,18.56467456,17.633727999999998
rebuild,512,1.5,8,gridLightingCpu,1800,0.011925944444444444,0.0116,0.0135,0.01951099999999999,0.0116
rebuild,512,1.5,8,gridLightingGpu,1800,0.24998392888888893,0.244,0.253184,0.42761344,0.244064
rebuild,512,1.5,8,cacheCheckCpu,1800,0.02958116666666667,0.0284,0.03420999999999999,0.051909,0.0284
rebuild,512,1.5,8,gridBuildCpu,1800,16.655972555555554,16.642,17.25545,17.594977999999998,16.637
rebuild,512,1.5,8,gridUploadCpu,1800,0.5168292222222223,0.5025,0.6349199999999999,0.7742209999999999,0.50315
rebuild,512,1.5,8,gridBoundsCpu,1800,8.88345461111111,8.84045,9.229185000000001,9.548974,8.8508
rebuild,512,1.5,8,gridCountCpu,1800,0.5161836666666666,0.4988,0.62263,0.746871,0.499
rebuild,512,1.5,8,gridPrefixCpu,1800,0.08757527777777778,0.0835,0.10590999999999999,0.15381699999999998,0.08345
rebuild,512,1.5,8,gridFillCpu,1800,2.652602611111111,2.62605,2.85529,3.089004,2.6268000000000002
rebuild,512,1.5,16,wallFrame,1800,24.102281555555557,24.052500000000002,24.927699999999998,25.588495,24.049100000000003
rebuild,512,1.5,16,cpuFrame,1800,24.09443488888889,24.044600000000003,24.91311,25.579788999999998,24.04215
rebuild,512,1.5,16,gpuFrame,1800,22.894110862222224,22.850816000000002,23.6140416,24.2888912,22.843776
rebuild,512,1.5,16,gridLightingCpu,1800,0.01268738888888889,0.0117,0.015,0.033501,0.0116
rebuild,512,1.5,16,gridLightingGpu,1800,0.2359635555555555,0.225824,0.24741439999999998,0.4954367999999996,0.226112
rebuild,512,1.5,16,cacheCheckCpu,1800,0.029270722222222222,0.0284,0.032,0.05132899999999997,0.0284
rebuild,512,1.5,16,gridBuildCpu,1800,21.13712083333333,21.094250000000002,21.852015,22.479771,21.11085
rebuild,512,1.5,16,gridUploadCpu,1800,0.9191465555555556,0.88955,1.13653,1.287008,0.89545
rebuild,512,1.5,16,gridBoundsCpu,1800,8.889391222222223,8.8445,9.237269999999999,9.672922,8.8483
rebuild,512,1.5,16,gridCountCpu,1800,0.8616935,0.82905,1.0170649999999999,1.2551129999999997,0.82595
rebuild,512,1.5,16,gridPrefixCpu,1800,0.1852918888888889,0.1792,0.2282,0.28840699999999997,0.1788
rebuild,512,1.5,16,gridFillCpu,1800,4.2331713888888896,4.191750000000001,4.503525,4.767031,4.2028
rebuild,512,3.0,1,wallFrame,1800,33.706485944444445,33.4861,34.575739999999996,35.704557,33.5285
rebuild,512,3.0,1,cpuFrame,1800,33.69889561111111,33.47815,34.5689,35.698938,33.52
rebuild,512,3.0,1,gpuFrame,1800,32.356938524444445,32.261696,33.3509376,34.276713920000006,32.325088
rebuild,512,3.0,1,gridLightingCpu,1800,0.012212333333333332,0.0117,0.014,0.027506999999999993,0.0117
rebuild,512,3.0,1,gridLightingGpu,1800,1.4221149688888888,1.361184,1.8107695999999995,2.03906336,1.361536
rebuild,512,3.0,1,cacheCheckCpu,1800,0.029456500000000007,0.0282,0.031904999999999996,0.06170999999999999,0.0282
rebuild,512,3.0,1,gridBuildCpu,1800,31.09206366666667,30.8826,31.98699,32.941285,30.94655
rebuild,512,3.0,1,gridUploadCpu,1800,0.7636894999999999,0.73545,0.93272,1.1019359999999998,0.73305
rebuild,512,3.0,1,gridBoundsCpu,1800,19.045257333333335,18.9691,19.668439999999997,20.43736,18.9964
rebuild,512,3.0,1,gridCountCpu,1800,0.7752589999999999,0.7421,0.9468249999999999,1.210981,0.7369
rebuild,512,3.0,1,gridPrefixCpu,1800,0.011424666666666666,0.0109,0.0122,0.019600999999999997,0.0109
rebuild,512,3.0,1,gridFillCpu,1800,4.0359882222222225,3.97125,4.5311200000000005,5.038114,3.9722
rebuild,512,3.0,2,wallFrame,1800,41.534540944444444,41.2475,42.55891,43.774984,41.22135
rebuild,512,3.0,2,cpuFrame,1800,41.52681583333334,41.240700000000004,42.55364,43.769079999999995,41.214150000000004
rebuild,512,3.0,2,gpuFrame,1800,40.12370503111112,40.022752,41.3084688,42.3639264,40.002832
rebuild,512,3.0,2,gridLightingCpu,1800,0.012391777777777778,0.0117,0.0142,0.02650899999999999,0.0116
rebuild,512,3.0,2,gridLightingGpu,1800,1.20277136,1.161952,1.4949408,1.83386432,1.161984
rebuild,512,3.0,2,cacheCheckCpu,1800,0.02905083333333333,0.0282,0.0314,0.053002999999999995,0.0281
rebuild,512,3.0,2,gridBuildCpu,1800,38.233831055555555,37.9752,39.18533,40.19026,37.9975
rebuild,512,3.0,2,gridUploadCpu,1800,1.1336761666666666,1.0965,1.3660149999999998,1.535719,1.0972
rebuild,512,3.0,2,gridBoundsCpu,1800,19.230811,19.1758,19.86296,20.435222,19.234949999999998
rebuild,512,3.0,2,gridCountCpu,1800,1.1318815555555555,1.0941,1.32814,1.563935,1.0908
rebuild,512,3.0,2,gridPrefixCpu,1800,0.022294166666666667,0.021249999999999998,0.025904999999999994,0.05012099999999998,0.0212
rebuild,512,3.0,2,gridFillCpu,1800,8.561608388888889,8.4891,9.186615,9.704657,8.457450000000001
rebuild,512,3.0,4,wallFrame,1800,48.88700022222222,48.60155,50.10269,51.347584999999995,48.721999999999994
rebuild,512,3.0,4,cpuFrame,1800,48.879373,48.59295,50.095995,51.339795,48.7159
rebuild,512,3.0,4,gpuFrame,1800,47.48641365333334,47.391632,48.748928,49.68972096,47.5132
rebuild,512,3.0,4,gridLightingCpu,1800,0.012253722222222221,0.0117,0.0146,0.0272,0.0115
rebuild,512,3.0,4,gridLightingGpu,1800,1.1820872533333333,1.148736,1.3831311999999998,1.6642105600000001,1.1486399999999999
rebuild,512,3.0,4,cacheCheckCpu,1800,0.029331777777777776,0.0283,0.031204999999999993,0.055001999999999995,0.0283
rebuild,512,3.0,4,gridBuildCpu,1800,44.856667111111115,44.6237,45.96096,46.931469,44.7507
rebuild,512,3.0,4,gridUploadCpu,1800,1.5584353333333334,1.5170499999999998,1.8332649999999997,2.0723629999999997,1.52355
rebuild,512,3.0,4,gridBoundsCpu,1800,19.266899944444447,19.198749999999997,20.034315000000003,20.937869,19.2792
rebuild,512,3.0,4,gridCountCpu,1800,1.5193435555555557,1.47655,1.77212,2.1341819999999996,1.4844499999999998
rebuild,512,3.0,4,gridPrefixCpu,1800,0.045342,0.042749999999999996,0.05790999999999999,0.08751099999999998,0.0428
rebuild,512,3.0,4,gridFillCpu,1800,12.27079311111111,12.20055,12.927859999999999,13.391307999999999,12.224450000000001
rebuild,512,3.0,8,wallFrame,1800,66.38630244444444,66.12995000000001,68.010605,69.161939,66.49019999999999
rebuild,512,3.0,8,cpuFrame,1800,66.37856883333333,66.12305,68.00251,69.154939,66.48304999999999
rebuild,512,3.0,8,gpuFrame,1800,64.96257075555556,64.87052800000001,66.666536,67.64336032,65.255536
rebuild,512,3.0,8,gridLightingCpu,1800,0.012159277777777776,0.0116,0.0141,0.02230999999999999,0.0116
rebuild,512,3.0,8,gridLightingGpu,1800,1.11437984,1.066624,1.3776928,1.62294016,1.065856
rebuild,512,3.0,8,cacheCheckCpu,1800,0.02883616666666667,0.0282,0.030804999999999996,0.03590999999999999,0.0282
rebuild,512,3.0,8,gridBuildCpu,1800,60.6207445,60.346149999999994,62.16742,63.219076,60.65805
rebuild,512,3.0,8,gridUploadCpu,1800,2.5003430555555557,2.46205,2.7899399999999996,3.0620909999999997,2.4705500000000002
rebuild,512,3.0,8,gridBoundsCpu,1800,19.055991833333334,18.9635,19.714775,20.638138,18.9148
rebuild,512,3.0,8,gridCountCpu,1800,2.4043877222222223,2.3644,2.654035,3.102131,2.38795
rebuild,512,3.0,8,gridPrefixCpu,1800,0.08640344444444445,0.0831,0.10281999999999998,0.136707,0.0831
rebuild,512,3.0,8,gridFillCpu,1800,21.248844166666668,21.1552,22.31609,22.902605,21.3203
rebuild,512,3.0,16,wallFrame,1800,106.3312635,106.07375,109.58013500000001,111.617299,106.23805
rebuild,512,3.0,16,cpuFrame,1800,106.32351255555557,106.06755,109.57243000000001,111.613563,106.22855000000001
rebuild,512,3.0,16,gpuFrame,1800,105.06382019555555,104.78280000000001,108.251336,110.322784,104.97131200000001
rebuild,512,3.0,16,gridLightingCpu,1800,0.012108444444444446,0.0115,0.0144,0.02490699999999999,0.0116
rebuild,512,3.0,16,gridLightingGpu,1800,1.054990311111111,1.023552,1.227088,1.4684688,1.023488
rebuild,512,3.0,16,cacheCheckCpu,1800,0.02933861111111111,0.0284,0.03200999999999999,0.053905,0.0283
rebuild,512,3.0,16,gridBuildCpu,1800,96.97928305555556,96.77095,99.81935,101.676099,96.9606
rebuild,512,3.0,16,gridUploadCpu,1800,4.509942888888889,4.4328,5.022074999999999,6.2153339999999995,4.45235
rebuild,512,3.0,16,gridBoundsCpu,1800,19.00508755555556,18.92055,19.671865,20.62461,18.929049999999997
rebuild,512,3.0,16,gridCountCpu,1800,4.326707111111111,4.25725,4.6978,5.551611,4.256550000000001
rebuild,512,3.0,16,gridPrefixCpu,1800,0.1815797777777778,0.1735,0.24025499999999994,0.316313,0.171
rebuild,512,3.0,16,gridFillCpu,1800,43.151821999999996,42.94835,45.750965,47.398743,43.13525
rebuild,512,6.0,1,wallFrame,1800,67.44949866666667,67.17945,68.805105,70.177381,67.1644
rebuild,512,6.0,1,cpuFrame,1800,67.44167105555556,67.17165,68.798535,70.170361,67.15715
rebuild,512,6.0,1,gpuFrame,1800,66.01817455999999,65.921776,67.3738592,68.72168672000001,65.88048
rebuild,512,6.0,1,gridLightingCpu,1800,0.012076555555555556,0.0116,0.013704999999999995,0.023503999999999997,0.0115
rebuild,512,6.0,1,gridLightingGpu,1800,5.1752338133333335,5.186272000000001,5.648064,5.906209280000001,5.157552
rebuild,512,6.0,1,cacheCheckCpu,1800,0.029398222222222225,0.0282,0.031404999999999995,0.057102999999999994,0.0282
rebuild,512,6.0,1,gridBuildCpu,1800,62.846881888888895,62.5939,64.098525,65.313494,62.57405
rebuild,512,6.0,1,gridUploadCpu,1800,1.8696822777777777,1.8224,2.1351299999999998,2.3800079999999997,1.8225
rebuild,512,6.0,1,gridBoundsCpu,1800,36.0246485,35.9327,36.88458,37.605817,35.917
rebuild,512,6.0,1,gridCountCpu,1800,1.8731849444444444,1.8284500000000001,2.16032,2.500976,1.81985
rebuild,512,6.0,1,gridPrefixCpu,1800,0.011489388888888888,0.0108,0.0122,0.027302,0.0109
rebuild,512,6.0,1,gridFillCpu,1800,7.128866833333333,7.0268,7.867565,8.576236999999999,7.0271
rebuild,512,6.0,2,wallFrame,1800,90.64479105555556,90.2919,93.191925,95.08001200000001,89.9899
rebuild,512,6.0,2,cpuFrame,1800,90.63717527777779,90.28295,93.183825,95.073416,89.97980000000001
rebuild,512,6.0,2,gpuFrame,1800,89.19405244444445,88.956752,91.8809328,93.49861312,88.630608
rebuild,512,6.0,2,gridLightingCpu,1800,0.012032944444444443,0.0114,0.0139,0.029531999999999968,0.0114
rebuild,512,6.0,2,gridLightingGpu,1800,4.797912977777778,4.802720000000001,5.2449408,5.45668128,4.79096
rebuild,512,6.0,2,cacheCheckCpu,1800,0.02917316666666667,0.0281,0.0313,0.055403999999999995,0.0281
rebuild,512,6.0,2,gridBuildCpu,1800,83.13256788888889,82.84649999999999,84.77679,86.995654,82.67224999999999
rebuild,512,6.0,2,gridUploadCpu,1800,3.5612157222222223,3.1676,5.04102,5.417954,3.04945
rebuild,512,6.0,2,gridBoundsCpu,1800,36.202788166666664,36.12535,37.23046,38.047262,35.9541
rebuild,512,6.0,2,gridCountCpu,1800,3.0761986111111113,3.02215,3.43104,3.9715659999999997,3.02825
rebuild,512,6.0,2,gridPrefixCpu,1800,0.022495166666666663,0.0214,0.026014999999999986,0.05051299999999999,0.0214
rebuild,512,6.0,2,gridFillCpu,1800,18.602475555555554,18.49315,19.83206,20.948266,18.47555
rebuild,512,6.0,4,wallFrame,1800,117.12165455555557,116.60605000000001,120.866415,123.932603,116.4481
rebuild,512,6.0,4,cpuFrame,1800,117.11364277777778,116.59915000000001,120.843235,123.9259,116.44059999999999
rebuild,512,6.0,4,gpuFrame,1800,115.84534158222222,115.336064,119.4709472,122.44050752000001,115.180384
rebuild,512,6.0,4,gridLightingCpu,1800,0.01201361111111111,0.0113,0.014,0.02611299999999999,0.0113
rebuild,512,6.0,4,gridLightingGpu,1800,4.806353048888888,4.804656,5.2584336,5.48713728,4.791952
rebuild,512,6.0,4,cacheCheckCpu,1800,0.02911638888888889,0.0283,0.0312,0.053008999999999994,0.0283
rebuild,512,6.0,4,gridBuildCpu,1800,107.27916827777779,107.1251,109.17064500000001,111.080179,107.11765
rebuild,512,6.0,4,gridUploadCpu,1800,4.857193111111111,4.47205,7.042155,7.616308999999999,4.422549999999999
rebuild,512,6.0,4,gridBoundsCpu,1800,36.03477561111111,35.90965,36.966544999999996,37.921222,35.88845
rebuild,512,6.0,4,gridCountCpu,1800,4.415114,4.34575,4.8105150000000005,5.193688999999999,4.3458000000000006
rebuild,512,6.0,4,gridPrefixCpu,1800,0.04334155555555556,0.0415,0.0511,0.07653499999999996,0.0414
rebuild,512,6.0,4,gridFillCpu,1800,32.90813905555556,32.7668,34.562689999999996,35.443208,32.87485
rebuild,512,6.0,8,wallFrame,1800,178.3257761111111,178.2231,182.84696,187.019162,178.934
rebuild,512,6.0,8,cpuFrame,1800,178.3175806666667,178.21505000000002,182.837715,187.01047,178.9247
rebuild,512,6.0,8,gpuFrame,1800,177.02520229333334,176.93996800000002,181.4925472,185.64668704,177.61975999999999
rebuild,512,6.0,8,gridLightingCpu,1800,0.011678444444444444,0.0112,0.0134,0.023907999999999995,0.0112
rebuild,512,6.0,8,gridLightingGpu,1800,4.698041973333333,4.713888000000001,5.1420015999999995,5.3149824,4.695952
rebuild,512,6.0,8,cacheCheckCpu,1800,0.02904666666666667,0.0283,0.031204999999999993,0.04600699999999999,0.0283
rebuild,512,6.0,8,gridBuildCpu,1800,162.67440122222223,162.5836,166.76753499999998,170.453453,162.7917
rebuild,512,6.0,8,gridUploadCpu,1800,8.004631388888889,7.8436,9.15333,10.310257,7.83675
rebuild,512,6.0,8,gridBoundsCpu,1800,36.24234711111111,36.088499999999996,37.458115,38.944824,35.9865
rebuild,512,6.0,8,gridCountCpu,1800,7.631022944444444,7.55795,8.164775,9.002333,7.64135
rebuild,512,6.0,8,gridPrefixCpu,1800,0.08632277777777778,0.0827,0.10411,0.14332,0.0825
rebuild,512,6.0,8,gridFillCpu,1800,63.194353222222226,62.910650000000004,66.24011999999999,67.89539,63.1948
rebuild,512,6.0,16,wallFrame,1800,305.6976313333334,304.77660000000003,313.1908,324.959133,305.27475000000004
rebuild,512,6.0,16,cpuFrame,1800,305.6891353888889,304.76755,313.18598,324.951818,305.2672
rebuild,512,6.0,16,gpuFrame,1800,304.39792419555556,303.513952,311.5990624,323.77814304000003,303.99544000000003
rebuild,512,6.0,16,gridLightingCpu,1800,0.011863944444444444,0.0112,0.014,0.028605999999999996,0.0111
rebuild,512,6.0,16,gridLightingGpu,1800,4.575169031111111,4.58168,5.024471999999999,5.20755456,4.5821439999999996
rebuild,512,6.0,16,cacheCheckCpu,1800,0.029166444444444446,0.0283,0.0308,0.04931799999999998,0.0283
rebuild,512,6.0,16,gridBuildCpu,1800,278.21130116666666,277.3967,284.83071,294.07545,277.53610000000003
rebuild,512,6.0,16,gridUploadCpu,1800,14.657422666666667,14.5277,15.623684999999998,16.749965999999997,14.480599999999999
rebuild,512,6.0,16,gridBoundsCpu,1800,36.06234822222223,35.96485,37.012695,37.967553,35.967749999999995
rebuild,512,6.0,16,gridCountCpu,1800,14.188574555555556,14.075800000000001,14.990685,15.915708,14.0841
rebuild,512,6.0,16,gridPrefixCpu,1800,0.17745227777777775,0.172,0.218515,0.29733599999999977,0.17215
rebuild,512,6.0,16,gridFillCpu,1800,129.45564538888888,128.6966,135.82759499999997,143.942894,128.502
rebuild,512,12.0,1,wallFrame,1800,93.5488846111111,93.2428,95.25799,96.922824,93.3593
rebuild,512,12.0,1,cpuFrame,1800,93.54105683333334,93.2363,95.25122499999999,96.914246,93.35235
rebuild,512,12.0,1,gpuFrame,1800,92.09178949333332,91.97408,93.8690592,95.05946368000001,92.0388
rebuild,512,12.0,1,gridLightingCpu,1800,0.01209661111111111,0.0115,0.0139,0.02642099999999998,0.0114
rebuild,512,12.0,1,gridLightingGpu,1800,9.176515093333332,9.120928,10.012576,10.3705104,9.180752
rebuild,512,12.0,1,cacheCheckCpu,1800,0.029442777777777776,0.0283,0.0316,0.056001,0.0283
rebuild,512,12.0,1,gridBuildCpu,1800,88.12758311111111,87.85835,89.64916000000001,90.963335,88.0152
rebuild,512,12.0,1,gridUploadCpu,1800,2.334822055555555,2.2943,2.646845,2.9072099999999996,2.2893499999999998
rebuild,512,12.0,1,gridBoundsCpu,1800,44.686568944444446,44.588499999999996,45.741945,46.644158,44.5833
rebuild,512,12.0,1,gridCountCpu,1800,2.3557886666666668,2.30905,2.6893499999999997,3.0447100000000002,2.3109
rebuild,512,12.0,1,gridPrefixCpu,1800,0.011365333333333333,0.0109,0.0121,0.026405999999999995,0.0109
rebuild,512,12.0,1,gridFillCpu,1800,16.340809055555557,16.2659,17.187875,17.774881,16.2606
rebuild,512,12.0,2,wallFrame,1800,125.17130472222223,125.0526,127.25041499999999,129.119541,125.089
rebuild,512,12.0,2,cpuFrame,1800,125.16321222222223,125.04554999999999,127.24082,129.110543,125.0749
rebuild,512,12.0,2,gpuFrame,1800,123.93989139555556,123.791024,126.016696,127.45320831999999,123.802464
rebuild,512,12.0,2,gridLightingCpu,1800,0.012156888888888887,0.0115,0.0141,0.030207999999999995,0.0115
rebuild,512,12.0,2,gridLightingGpu,1800,9.064400675555557,8.998656,9.9309296,10.28686624,9.054928
rebuild,512,12.0,2,cacheCheckCpu,1800,0.02923872222222222,0.0283,0.0311,0.053402,0.0283
rebuild,512,12.0,2,gridBuildCpu,1800,115.91568133333332,115.80160000000001,117.8904,119.51061299999999,115.8541
rebuild,512,12.0,2,gridUploadCpu,1800,4.4622282222222225,4.427,4.86565,5.099081,4.427
rebuild,512,12.0,2,gridBoundsCpu,1800,44.84111116666667,44.7821,45.8062,46.638446,44.5731
rebuild,512,12.0,2,gridCountCpu,1800,4.397699444444445,4.345000000000001,4.77081,5.192497,4.34695
rebuild,512,12.0,2,gridPrefixCpu,1800,0.022025277777777776,0.0212,0.023904999999999996,0.039501999999999995,0.0212
rebuild,512,12.0,2,gridFillCpu,1800,28.590993333333333,28.47125,29.87123,31.160573,28.4521
rebuild,512,12.0,4,wallFrame,1800,177.72584027777776,177.54495,180.62928499999998,183.14496599999998,177.59449999999998
rebuild,512,12.0,4,cpuFrame,1800,177.71765788888888,177.53705000000002,180.62328499999998,183.137473,177.5855
rebuild,512,12.0,4,gpuFrame,1800,176.50034398222223,176.299536,179.3528336,181.96687967999998,176.299312
rebuild,512,12.0,4,gridLightingCpu,1800,0.012257055555555556,0.0115,0.0144,0.036009999999999986,0.0114
rebuild,512,12.0,4,gridLightingGpu,1800,9.069635822222223,9.014576,9.921969599999999,10.25836864,9.063856000000001
rebuild,512,12.0,4,cacheCheckCpu,1800,0.028847333333333336,0.0282,0.0303,0.04600699999999999,0.0283
rebuild,512,12.0,4,gridBuildCpu,1800,162.9317801111111,162.78179999999998,165.392425,167.23969599999998,162.8657
rebuild,512,12.0,4,gridUploadCpu,1800,7.558503444444444,7.5047,8.050735000000001,8.482316,7.4976
rebuild,512,12.0,4,gridBoundsCpu,1800,44.68688111111111,44.574,45.70804,46.923655000000004,44.58555
rebuild,512,12.0,4,gridCountCpu,1800,7.387679333333334,7.32305,7.828,8.326984,7.3263
rebuild,512,12.0,4,gridPrefixCpu,1800,0.043736777777777784,0.0418,0.0507,0.08292999999999998,0.0417
rebuild,512,12.0,4,gridFillCpu,1800,52.85434594444444,52.6797,54.75041,56.125049,52.6827
rebuild,512,12.0,8,wallFrame,1800,281.118344,280.77445,286.029485,289.194131,281.32765
rebuild,512,12.0,8,cpuFrame,1800,281.1099575,280.76685,286.01998,289.187101,281.32135
rebuild,512,12.0,8,gpuFrame,1800,279.89106120888886,279.514864,284.772736,288.24098047999996,280.117456
rebuild,512,12.0,8,gridLightingCpu,1800,0.012017166666666667,0.0114,0.013804999999999994,0.023804,0.0114
rebuild,512,12.0,8,gridLightingGpu,1800,8.997712337777779,8.9528,9.7898688,10.1027232,8.99784
rebuild,512,12.0,8,cacheCheckCpu,1800,0.029086277777777777,0.0283,0.030704999999999996,0.051105,0.0282
rebuild,512,12.0,8,gridBuildCpu,1800,254.39159477777778,254.04809999999998,258.307145,260.320944,253.79104999999998
rebuild,512,12.0,8,gridUploadCpu,1800,14.33124572222222,13.767800000000001,17.55377,19.692904,13.62115
rebuild,512,12.0,8,gridBoundsCpu,1800,44.99358872222223,44.79815,46.44298,47.383038000000006,44.609049999999996
rebuild,512,12.0,8,gridCountCpu,1800,13.333308888888888,13.2231,14.015875000000001,15.113013,13.2087
rebuild,512,12.0,8,gridPrefixCpu,1800,0.0866468888888889,0.0816,0.1134,0.16333199999999998,0.0815
rebuild,512,12.0,8,gridFillCpu,1800,98.80177288888889,98.47710000000001,101.733855,103.734607,98.3831
rebuild,512,12.0,16,wallFrame,1800,485.05736977777775,483.46485,498.514635,519.1258260000001,483.82765
rebuild,512,12.0,16,cpuFrame,1800,485.048885,483.45844999999997,498.507315,519.119431,483.82035
rebuild,512,12.0,16,gpuFrame,1800,483.8075948088889,482.184576,497.3002864,517.77314496,482.38358400000004
rebuild,512,12.0,16,gridLightingCpu,1800,0.012445444444444445,0.0115,0.014504999999999995,0.038301,0.0116
rebuild,512,12.0,16,gridLightingGpu,1800,8.978283057777777,8.92432,9.7661904,10.09829536,8.915968
rebuild,512,12.0,16,cacheCheckCpu,1800,0.02915827777777778,0.0283,0.0314,0.053502999999999995,0.0283
rebuild,512,12.0,16,gridBuildCpu,1800,437.0676066111111,435.87145,448.126425,463.915487,435.55835
rebuild,512,12.0,16,gridUploadCpu,1800,26.083060500000002,25.7194,28.420955,32.516808,25.753700000000002
rebuild,512,12.0,16,gridBoundsCpu,1800,44.74967177777778,44.58355,46.024235000000004,48.193681999999995,44.60135
rebuild,512,12.0,16,gridCountCpu,1800,25.012981666666665,24.8259,26.15349,29.072305,24.815649999999998
rebuild,512,12.0,16,gridPrefixCpu,1800,0.17820972222222223,0.1722,0.22231499999999998,0.2799349999999999,0.1734
rebuild,512,12.0,16,gridFillCpu,1800,193.26591983333333,192.15305,202.529675,215.954134,191.99824999999998
