regime,lightCount,radius,mode,metric,count,mean,median,p95,p99,medianOfProcessMedians
cached,32,1.5,tile16,wallFrame,1800,1.8556994444444448,1.8202500000000001,2.22392,2.399214,1.7965499999999999
cached,32,1.5,tile16,cpuFrame,1800,1.8479811666666668,1.8131,2.21813,2.3934140000000004,1.78925
cached,32,1.5,tile16,gpuFrame,1800,0.7837162666666667,0.757344,0.9497087999999999,1.1288326400000002,0.757056
cached,32,1.5,tile16,gridLightingCpu,1800,0.0025935555555555555,0.0025,0.0034,0.004500999999999999,0.0024
cached,32,1.5,tile16,gridLightingGpu,1800,0.08432620444444443,0.082784,0.085728,0.08829088,0.082592
cached,32,1.5,tile16,cacheCheckCpu,1800,0.0019399444444444442,0.0019,0.0022,0.002600999999999999,0.0019
cached,32,1.5,tile16,gridBuildCpu,1800,3e-05,0.0,0.0001,0.0001,0.0
cached,32,1.5,tile16,gridUploadCpu,1800,3.238888888888889e-05,0.0,0.0001,0.0001,0.0
cached,32,1.5,tile16,gridBoundsCpu,0,0.0,0.0,0.0,0.0,0.0
cached,32,1.5,tile16,gridCountCpu,0,0.0,0.0,0.0,0.0,0.0
cached,32,1.5,tile16,gridPrefixCpu,0,0.0,0.0,0.0,0.0,0.0
cached,32,1.5,tile16,gridFillCpu,0,0.0,0.0,0.0,0.0,0.0
cached,32,1.5,cluster16,wallFrame,1800,1.8377892777777778,1.79555,2.20803,2.4186279999999996,1.8032
cached,32,1.5,cluster16,cpuFrame,1800,1.8300770000000002,1.7881,2.198295,2.4129199999999997,1.79575
cached,32,1.5,cluster16,gpuFrame,1800,0.7732641777777778,0.748928,0.931728,1.1011030400000001,0.749024
cached,32,1.5,cluster16,gridLightingCpu,1800,0.002648722222222222,0.0024,0.0031,0.003900999999999999,0.0024
cached,32,1.5,cluster16,gridLightingGpu,1800,0.07670296888888888,0.074816,0.077408,0.08142047999999999,0.074688
cached,32,1.5,cluster16,cacheCheckCpu,1800,0.0019901666666666666,0.0019,0.0022,0.0027009999999999994,0.0019
cached,32,1.5,cluster16,gridBuildCpu,1800,3.183333333333333e-05,0.0,0.0001,0.0001,0.0
cached,32,1.5,cluster16,gridUploadCpu,1800,3.138888888888889e-05,0.0,0.0001,0.0001,0.0
cached,32,1.5,cluster16,gridBoundsCpu,0,0.0,0.0,0.0,0.0,0.0
cached,32,1.5,cluster16,gridCountCpu,0,0.0,0.0,0.0,0.0,0.0
cached,32,1.5,cluster16,gridPrefixCpu,0,0.0,0.0,0.0,0.0,0.0
cached,32,1.5,cluster16,gridFillCpu,0,0.0,0.0,0.0,0.0,0.0
cached,32,2.0,tile16,wallFrame,1800,1.860419611111111,1.83175,2.19751,2.368203,1.8364500000000001
cached,32,2.0,tile16,cpuFrame,1800,1.8527004999999999,1.8241,2.19122,2.361605,1.8291499999999998
cached,32,2.0,tile16,gpuFrame,1800,0.7991968533333335,0.7756959999999999,0.9537936,1.118696,0.775328
cached,32,2.0,tile16,gridLightingCpu,1800,0.0025892222222222224,0.0024,0.0032,0.0042,0.0024
cached,32,2.0,tile16,gridLightingGpu,1800,0.10308812444444444,0.100704,0.10336,0.24430655999999998,0.100608
cached,32,2.0,tile16,cacheCheckCpu,1800,0.0019464999999999997,0.0019,0.0022,0.0025,0.0019
cached,32,2.0,tile16,gridBuildCpu,1800,2.8722222222222225e-05,0.0,0.0001,0.0001,0.0
cached,32,2.0,tile16,gridUploadCpu,1800,3.105555555555556e-05,0.0,0.0001,0.0001,0.0
cached,32,2.0,tile16,gridBoundsCpu,0,0.0,0.0,0.0,0.0,0.0
cached,32,2.0,tile16,gridCountCpu,0,0.0,0.0,0.0,0.0,0.0
cached,32,2.0,tile16,gridPrefixCpu,0,0.0,0.0,0.0,0.0,0.0
cached,32,2.0,tile16,gridFillCpu,0,0.0,0.0,0.0,0.0,0.0
cached,32,2.0,cluster16,wallFrame,1800,1.904981888888889,1.86165,2.317875,2.542437,1.8780000000000001
cached,32,2.0,cluster16,cpuFrame,1800,1.897342888888889,1.85405,2.31021,2.536441,1.8710499999999999
cached,32,2.0,cluster16,gpuFrame,1800,0.792296728888889,0.76848,0.943616,1.12259552,0.7681439999999999
cached,32,2.0,cluster16,gridLightingCpu,1800,0.002710888888888889,0.0025,0.0038,0.004900999999999999,0.0025
cached,32,2.0,cluster16,gridLightingGpu,1800,0.09521224888888889,0.093056,0.096288,0.09987904,0.092992
cached,32,2.0,cluster16,cacheCheckCpu,1800,0.001978055555555556,0.0019,0.0024,0.0032,0.0019
cached,32,2.0,cluster16,gridBuildCpu,1800,2.938888888888889e-05,0.0,0.0001,0.0001,0.0
cached,32,2.0,cluster16,gridUploadCpu,1800,3.1222222222222225e-05,0.0,0.0001,0.0001,0.0
cached,32,2.0,cluster16,gridBoundsCpu,0,0.0,0.0,0.0,0.0,0.0
cached,32,2.0,cluster16,gridCountCpu,0,0.0,0.0,0.0,0.0,0.0
cached,32,2.0,cluster16,gridPrefixCpu,0,0.0,0.0,0.0,0.0,0.0
cached,32,2.0,cluster16,gridFillCpu,0,0.0,0.0,0.0,0.0,0.0
cached,32,2.5,tile16,wallFrame,1800,1.9093385555555555,1.8755,2.255445,2.4324079999999997,1.8914
cached,32,2.5,tile16,cpuFrame,1800,1.9017858333333333,1.86795,2.248405,2.4264010000000003,1.88395
cached,32,2.5,tile16,gpuFrame,1800,0.83313136,0.807424,0.994048,1.1691871999999999,0.807744
cached,32,2.5,tile16,gridLightingCpu,1800,0.0026478888888888884,0.0024,0.0033,0.0041,0.0024
cached,32,2.5,tile16,gridLightingGpu,1800,0.13516874666666667,0.132032,0.134176,0.31047744,0.131968
cached,32,2.5,tile16,cacheCheckCpu,1800,0.0019584999999999997,0.0019,0.0022,0.0026,0.0019
cached,32,2.5,tile16,gridBuildCpu,1800,3.2055555555555556e-05,0.0,0.0001,0.0001,0.0
cached,32,2.5,tile16,gridUploadCpu,1800,3.055555555555556e-05,0.0,0.0001,0.0001,0.0
cached,32,2.5,tile16,gridBoundsCpu,0,0.0,0.0,0.0,0.0,0.0
cached,32,2.5,tile16,gridCountCpu,0,0.0,0.0,0.0,0.0,0.0
cached,32,2.5,tile16,gridPrefixCpu,0,0.0,0.0,0.0,0.0,0.0
cached,32,2.5,tile16,gridFillCpu,0,0.0,0.0,0.0,0.0,0.0
cached,32,2.5,cluster16,wallFrame,1800,1.8825768888888887,1.8528,2.2207049999999997,2.4548110000000003,1.86545
cached,32,2.5,cluster16,cpuFrame,1800,1.8748671666666668,1.845,2.21301,2.447706,1.8571499999999999
cached,32,2.5,cluster16,gpuFrame,1800,0.8110603555555557,0.785008,0.9724975999999999,1.1266944,0.785216
cached,32,2.5,cluster16,gridLightingCpu,1800,0.002637277777777778,0.0025,0.0034,0.004500999999999999,0.0025
cached,32,2.5,cluster16,gridLightingGpu,1800,0.11089089777777777,0.108256,0.110816,0.25296640000000004,0.108256
cached,32,2.5,cluster16,cacheCheckCpu,1800,0.0019620555555555554,0.0019,0.0022,0.0028009999999999992,0.0019
cached,32,2.5,cluster16,gridBuildCpu,1800,3.544444444444445e-05,0.0,0.0001,0.0001,0.0
cached,32,2.5,cluster16,gridUploadCpu,1800,3.0444444444444445e-05,0.0,0.0001,0.0001,0.0
cached,32,2.5,cluster16,gridBoundsCpu,0,0.0,0.0,0.0,0.0,0.0
cached,32,2.5,cluster16,gridCountCpu,0,0.0,0.0,0.0,0.0,0.0
cached,32,2.5,cluster16,gridPrefixCpu,0,0.0,0.0,0.0,0.0,0.0
cached,32,2.5,cluster16,gridFillCpu,0,0.0,0.0,0.0,0.0,0.0
cached,32,3.0,tile16,wallFrame,1800,1.9178571111111111,1.8909500000000001,2.2522100000000003,2.473135,1.8954
cached,32,3.0,tile16,cpuFrame,1800,1.9102840555555556,1.8838,2.24483,2.469619,1.88775
cached,32,3.0,tile16,gpuFrame,1800,0.8632013511111111,0.835808,1.0247679999999997,1.201184,0.83624
cached,32,3.0,tile16,gridLightingCpu,1800,0.0025063888888888887,0.0024,0.0032,0.004000999999999999,0.0024
cached,32,3.0,tile16,gridLightingGpu,1800,0.16410152888888888,0.161728,0.16387359999999998,0.30400704,0.16176
cached,32,3.0,tile16,cacheCheckCpu,1800,0.001970333333333333,0.0019,0.0022,0.0026,0.0019
cached,32,3.0,tile16,gridBuildCpu,1800,3.311111111111112e-05,0.0,0.0001,0.0001,0.0
cached,32,3.0,tile16,gridUploadCpu,1800,2.9722222222222226e-05,0.0,0.0001,0.0001,0.0
cached,32,3.0,tile16,gridBoundsCpu,0,0.0,0.0,0.0,0.0,0.0
cached,32,3.0,tile16,gridCountCpu,0,0.0,0.0,0.0,0.0,0.0
cached,32,3.0,tile16,gridPrefixCpu,0,0.0,0.0,0.0,0.0,0.0
cached,32,3.0,tile16,gridFillCpu,0,0.0,0.0,0.0,0.0,0.0
cached,32,3.0,cluster16,wallFrame,1800,1.9248181111111111,1.8948,2.28403,2.5268219999999997,1.8828
cached,32,3.0,cluster16,cpuFrame,1800,1.9171257777777777,1.8867500000000001,2.278065,2.51971,1.8745500000000002
cached,32,3.0,cluster16,gpuFrame,1800,0.8356817777777777,0.809696,0.9935808,1.1735513599999998,0.810368
cached,32,3.0,cluster16,gridLightingCpu,1800,0.002569222222222222,0.0024,0.0033,0.0042,0.0024
cached,32,3.0,cluster16,gridLightingGpu,1800,0.13777729777777775,0.134528,0.136736,0.28313728,0.134592
cached,32,3.0,cluster16,cacheCheckCpu,1800,0.0019744444444444445,0.0019,0.0022,0.0027,0.0019
cached,32,3.0,cluster16,gridBuildCpu,1800,3.116666666666667e-05,0.0,0.0001,0.0001,0.0
cached,32,3.0,cluster16,gridUploadCpu,1800,2.8555555555555556e-05,0.0,0.0001,0.0001,0.0
cached,32,3.0,cluster16,gridBoundsCpu,0,0.0,0.0,0.0,0.0,0.0
cached,32,3.0,cluster16,gridCountCpu,0,0.0,0.0,0.0,0.0,0.0
cached,32,3.0,cluster16,gridPrefixCpu,0,0.0,0.0,0.0,0.0,0.0
cached,32,3.0,cluster16,gridFillCpu,0,0.0,0.0,0.0,0.0,0.0
cached,32,4.0,tile16,wallFrame,1800,2.0054364444444444,1.9694500000000001,2.381955,2.5939629999999996,1.9489
cached,32,4.0,tile16,cpuFrame,1800,1.9977227222222222,1.9604,2.3741849999999998,2.5890219999999995,1.94055
cached,32,4.0,tile16,gpuFrame,1800,0.9170558222222223,0.88768,1.0926624,1.25235904,0.888544
cached,32,4.0,tile16,gridLightingCpu,1800,0.0028649444444444447,0.0025,0.0038,0.005200999999999999,0.0024
cached,32,4.0,tile16,gridLightingGpu,1800,0.22181144888888893,0.21696,0.2196496,0.39754528,0.217088
cached,32,4.0,tile16,cacheCheckCpu,1800,0.0019844444444444445,0.0019,0.0023,0.0030009999999999993,0.0019
cached,32,4.0,tile16,gridBuildCpu,1800,3.183333333333333e-05,0.0,0.0001,0.0001,0.0
cached,32,4.0,tile16,gridUploadCpu,1800,2.977777777777778e-05,0.0,0.0001,0.0001,0.0
cached,32,4.0,tile16,gridBoundsCpu,0,0.0,0.0,0.0,0.0,0.0
cached,32,4.0,tile16,gridCountCpu,0,0.0,0.0,0.0,0.0,0.0
cached,32,4.0,tile16,gridPrefixCpu,0,0.0,0.0,0.0,0.0,0.0
cached,32,4.0,tile16,gridFillCpu,0,0.0,0.0,0.0,0.0,0.0
cached,32,4.0,cluster16,wallFrame,1800,1.9676096666666667,1.93295,2.32585,2.525664,1.9471
cached,32,4.0,cluster16,cpuFrame,1800,1.9598405555555556,1.92565,2.31881,2.5199589999999996,1.9403
cached,32,4.0,cluster16,gpuFrame,1800,0.8813406044444445,0.856704,1.0368784,1.1975539199999998,0.857408
cached,32,4.0,cluster16,gridLightingCpu,1800,0.002584222222222222,0.0024,0.0033,0.0043,0.0024
cached,32,4.0,cluster16,gridLightingGpu,1800,0.18682771555555558,0.183584,0.1857936,0.3369449599999999,0.183712
cached,32,4.0,cluster16,cacheCheckCpu,1800,0.0019518333333333334,0.0019,0.0022,0.0025,0.0019
cached,32,4.0,cluster16,gridBuildCpu,1800,3.1666666666666666e-05,0.0,0.0001,0.0001,0.0
cached,32,4.0,cluster16,gridUploadCpu,1800,2.9777777777777784e-05,0.0,0.0001,0.0001,0.0
cached,32,4.0,cluster16,gridBoundsCpu,0,0.0,0.0,0.0,0.0,0.0
cached,32,4.0,cluster16,gridCountCpu,0,0.0,0.0,0.0,0.0,0.0
cached,32,4.0,cluster16,gridPrefixCpu,0,0.0,0.0,0.0,0.0,0.0
cached,32,4.0,cluster16,gridFillCpu,0,0.0,0.0,0.0,0.0,0.0
cached,32,5.0,tile16,wallFrame,1800,2.034239888888889,1.9987499999999998,2.39118,2.629919,1.99715
cached,32,5.0,tile16,cpuFrame,1800,2.026380888888889,1.99085,2.38363,2.623901,1.9894
cached,32,5.0,tile16,gpuFrame,1800,0.9828732088888888,0.955616,1.1417808,1.3478316799999999,0.9556640000000001
cached,32,5.0,tile16,gridLightingCpu,1800,0.002496944444444445,0.0024,0.0031,0.004,0.0024
cached,32,5.0,tile16,gridLightingGpu,1800,0.29216812444444445,0.28624,0.28928,0.46283936,0.286208
cached,32,5.0,tile16,cacheCheckCpu,1800,0.0019560555555555555,0.0019,0.0022,0.0025009999999999993,0.0019
cached,32,5.0,tile16,gridBuildCpu,1800,3.311111111111112e-05,0.0,0.0001,0.0001,0.0
cached,32,5.0,tile16,gridUploadCpu,1800,3.0166666666666667e-05,0.0,0.0001,0.0001,0.0
cached,32,5.0,tile16,gridBoundsCpu,0,0.0,0.0,0.0,0.0,0.0
cached,32,5.0,tile16,gridCountCpu,0,0.0,0.0,0.0,0.0,0.0
cached,32,5.0,tile16,gridPrefixCpu,0,0.0,0.0,0.0,0.0,0.0
cached,32,5.0,tile16,gridFillCpu,0,0.0,0.0,0.0,0.0,0.0
cached,32,5.0,cluster16,wallFrame,1800,1.9966037222222222,1.9647000000000001,2.332305,2.524807,1.9652500000000002
cached,32,5.0,cluster16,cpuFrame,1800,1.988799777777778,1.9573,2.32571,2.516823,1.9579
cached,32,5.0,cluster16,gpuFrame,1800,0.9514169777777779,0.925184,1.1236607999999997,1.28813472,0.925936
cached,32,5.0,cluster16,gridLightingCpu,1800,0.0026099444444444442,0.0023,0.003,0.0037009999999999994,0.0023
cached,32,5.0,cluster16,gridLightingGpu,1800,0.2597497777777778,0.254944,0.25747359999999997,0.41808352,0.255136
cached,32,5.0,cluster16,cacheCheckCpu,1800,0.002016,0.0019,0.0022,0.0025,0.0019
cached,32,5.0,cluster16,gridBuildCpu,1800,3.1333333333333334e-05,0.0,0.0001,0.0001,0.0
cached,32,5.0,cluster16,gridUploadCpu,1800,3.1222222222222225e-05,0.0,0.0001,0.0001,0.0
cached,32,5.0,cluster16,gridBoundsCpu,0,0.0,0.0,0.0,0.0,0.0
cached,32,5.0,cluster16,gridCountCpu,0,0.0,0.0,0.0,0.0,0.0
cached,32,5.0,cluster16,gridPrefixCpu,0,0.0,0.0,0.0,0.0,0.0
cached,32,5.0,cluster16,gridFillCpu,0,0.0,0.0,0.0,0.0,0.0
cached,32,6.0,tile16,wallFrame,1800,2.1306066666666665,2.0974,2.494915,2.693442,2.0900499999999997
cached,32,6.0,tile16,cpuFrame,1800,2.122802666666667,2.08935,2.48855,2.686652,2.0827
cached,32,6.0,tile16,gpuFrame,1800,1.0494829333333333,1.017408,1.2209952,1.40964064,1.017312
cached,32,6.0,tile16,gridLightingCpu,1800,0.0025514444444444443,0.0024,0.0033,0.0039,0.0025
cached,32,6.0,tile16,gridLightingGpu,1800,0.3576754311111111,0.348064,0.35184319999999997,0.6781392,0.348032
cached,32,6.0,tile16,cacheCheckCpu,1800,0.001967111111111111,0.0019,0.0022,0.0028,0.0019
cached,32,6.0,tile16,gridBuildCpu,1800,3.194444444444445e-05,0.0,0.0001,0.0001,0.0
cached,32,6.0,tile16,gridUploadCpu,1800,3.1722222222222224e-05,0.0,0.0001,0.0001,0.0
cached,32,6.0,tile16,gridBoundsCpu,0,0.0,0.0,0.0,0.0,0.0
cached,32,6.0,tile16,gridCountCpu,0,0.0,0.0,0.0,0.0,0.0
cached,32,6.0,tile16,gridPrefixCpu,0,0.0,0.0,0.0,0.0,0.0
cached,32,6.0,tile16,gridFillCpu,0,0.0,0.0,0.0,0.0,0.0
cached,32,6.0,cluster16,wallFrame,1800,2.065129388888889,2.0274,2.41619,2.623663,2.0229
cached,32,6.0,cluster16,cpuFrame,1800,2.0573618888888885,2.0197000000000003,2.409305,2.623273,2.0152
cached,32,6.0,cluster16,gpuFrame,1800,1.0181332977777777,0.986816,1.1944047999999998,1.34970016,0.9868
cached,32,6.0,cluster16,gridLightingCpu,1800,0.0025453888888888887,0.0024,0.0032,0.003900999999999999,0.0024
cached,32,6.0,cluster16,gridLightingGpu,1800,0.32535674666666664,0.317408,0.3207056,0.5297343999999999,0.317408
cached,32,6.0,cluster16,cacheCheckCpu,1800,0.0020002777777777775,0.0019,0.0022,0.0028,0.0019
cached,32,6.0,cluster16,gridBuildCpu,1800,3.7555555555555554e-05,0.0,0.0001,0.0001,0.0
cached,32,6.0,cluster16,gridUploadCpu,1800,2.772222222222222e-05,0.0,0.0001,0.0001,0.0
cached,32,6.0,cluster16,gridBoundsCpu,0,0.0,0.0,0.0,0.0,0.0
cached,32,6.0,cluster16,gridCountCpu,0,0.0,0.0,0.0,0.0,0.0
cached,32,6.0,cluster16,gridPrefixCpu,0,0.0,0.0,0.0,0.0,0.0
cached,32,6.0,cluster16,gridFillCpu,0,0.0,0.0,0.0,0.0,0.0
cached,32,8.0,tile16,wallFrame,1800,2.1963102222222224,2.1612,2.5674799999999998,2.755344,2.1666999999999996
cached,32,8.0,tile16,cpuFrame,1800,2.1885077222222225,2.1533499999999997,2.559245,2.746567,2.159
cached,32,8.0,tile16,gpuFrame,1800,1.144858417777778,1.10288,1.3501407999999997,1.52123584,1.102544
cached,32,8.0,tile16,gridLightingCpu,1800,0.002478,0.0024,0.003,0.0036,0.0024
cached,32,8.0,tile16,gridLightingGpu,1800,0.44878784000000005,0.433472,0.5792688,0.8036691199999999,0.433408
cached,32,8.0,tile16,cacheCheckCpu,1800,0.0019046111111111108,0.0019,0.0022,0.0023,0.0019
cached,32,8.0,tile16,gridBuildCpu,1800,3.0277777777777782e-05,0.0,0.0001,0.0001,0.0
cached,32,8.0,tile16,gridUploadCpu,1800,3.216666666666667e-05,0.0,0.0001,0.0001,0.0
cached,32,8.0,tile16,gridBoundsCpu,0,0.0,0.0,0.0,0.0,0.0
cached,32,8.0,tile16,gridCountCpu,0,0.0,0.0,0.0,0.0,0.0
cached,32,8.0,tile16,gridPrefixCpu,0,0.0,0.0,0.0,0.0,0.0
cached,32,8.0,tile16,gridFillCpu,0,0.0,0.0,0.0,0.0,0.0
cached,32,8.0,cluster16,wallFrame,1800,2.2079119444444446,2.17255,2.57092,2.788687,2.1696
cached,32,8.0,cluster16,cpuFrame,1800,2.199970111111111,2.1649,2.56311,2.7825740000000003,2.1624
cached,32,8.0,cluster16,gpuFrame,1800,1.121797262222222,1.080512,1.3132176,1.51434304,1.080768
cached,32,8.0,cluster16,gridLightingCpu,1800,0.002788666666666667,0.0026,0.0036,0.0044,0.0026
cached,32,8.0,cluster16,gridLightingGpu,1800,0.4230188266666667,0.410912,0.5507471999999999,0.7451036799999999,0.410944
cached,32,8.0,cluster16,cacheCheckCpu,1800,0.0020346111111111107,0.0019,0.0022,0.0031,0.0019
cached,32,8.0,cluster16,gridBuildCpu,1800,3.1222222222222225e-05,0.0,0.0001,0.0001,0.0
cached,32,8.0,cluster16,gridUploadCpu,1800,2.8222222222222223e-05,0.0,0.0001,0.0001,0.0
cached,32,8.0,cluster16,gridBoundsCpu,0,0.0,0.0,0.0,0.0,0.0
cached,32,8.0,cluster16,gridCountCpu,0,0.0,0.0,0.0,0.0,0.0
cached,32,8.0,cluster16,gridPrefixCpu,0,0.0,0.0,0.0,0.0,0.0
cached,32,8.0,cluster16,gridFillCpu,0,0.0,0.0,0.0,0.0,0.0
cached,32,10.0,tile16,wallFrame,1800,2.3633997222222227,2.30595,2.837795,3.0900879999999997,2.2719
cached,32,10.0,tile16,cpuFrame,1800,2.355589055555555,2.29825,2.83148,3.083388,2.26335
cached,32,10.0,tile16,gpuFrame,1800,1.2331658488888888,1.191712,1.4149792,1.6375711999999998,1.190464
cached,32,10.0,tile16,gridLightingCpu,1800,0.0028036666666666665,0.0026,0.0037,0.005501999999999998,0.0025
cached,32,10.0,tile16,gridLightingGpu,1800,0.5356240533333333,0.52096,0.6671712,0.91729504,0.52064
cached,32,10.0,tile16,cacheCheckCpu,1800,0.0019701666666666665,0.0019,0.0022,0.003,0.0019
cached,32,10.0,tile16,gridBuildCpu,1800,3.1666666666666666e-05,0.0,0.0001,0.0001,0.0
cached,32,10.0,tile16,gridUploadCpu,1800,2.9222222222222227e-05,0.0,0.0001,0.0001,0.0
cached,32,10.0,tile16,gridBoundsCpu,0,0.0,0.0,0.0,0.0,0.0
cached,32,10.0,tile16,gridCountCpu,0,0.0,0.0,0.0,0.0,0.0
cached,32,10.0,tile16,gridPrefixCpu,0,0.0,0.0,0.0,0.0,0.0
cached,32,10.0,tile16,gridFillCpu,0,0.0,0.0,0.0,0.0,0.0
cached,32,10.0,cluster16,wallFrame,1800,2.3057624999999997,2.2622999999999998,2.7015949999999997,2.9533379999999996,2.2578500000000004
cached,32,10.0,cluster16,cpuFrame,1800,2.2978555000000003,2.25365,2.696215,2.946433,2.2484
cached,32,10.0,cluster16,gpuFrame,1800,1.2210480177777776,1.179008,1.4112943999999998,1.6467299199999998,1.177728
cached,32,10.0,cluster16,gridLightingCpu,1800,0.0025681111111111113,0.0025,0.0032,0.0039,0.0025
cached,32,10.0,cluster16,gridLightingGpu,1800,0.5222062755555555,0.508608,0.6509424,0.8939513599999999,0.5081439999999999
cached,32,10.0,cluster16,cacheCheckCpu,1800,0.0020330555555555553,0.0019,0.0022,0.002600999999999999,0.0019
cached,32,10.0,cluster16,gridBuildCpu,1800,3.1333333333333334e-05,0.0,0.0001,0.0001,0.0
cached,32,10.0,cluster16,gridUploadCpu,1800,3.0277777777777782e-05,0.0,0.0001,0.0001,0.0
cached,32,10.0,cluster16,gridBoundsCpu,0,0.0,0.0,0.0,0.0,0.0
cached,32,10.0,cluster16,gridCountCpu,0,0.0,0.0,0.0,0.0,0.0
cached,32,10.0,cluster16,gridPrefixCpu,0,0.0,0.0,0.0,0.0,0.0
cached,32,10.0,cluster16,gridFillCpu,0,0.0,0.0,0.0,0.0,0.0
cached,32,12.0,tile16,wallFrame,1800,2.376177111111111,2.3223,2.78859,3.009308,2.33425
cached,32,12.0,tile16,cpuFrame,1800,2.3683446666666663,2.3141499999999997,2.77974,3.0037179999999997,2.3257000000000003
cached,32,12.0,tile16,gpuFrame,1800,1.2855205688888889,1.241424,1.5464287999999993,1.68914528,1.240016
cached,32,12.0,tile16,gridLightingCpu,1800,0.0027068888888888893,0.0025,0.0032,0.004101,0.0025
cached,32,12.0,tile16,gridLightingGpu,1800,0.5892211733333335,0.570912,0.7195360000000001,0.98038752,0.570064
cached,32,12.0,tile16,cacheCheckCpu,1800,0.002010333333333333,0.0019,0.0022,0.0032,0.0019
cached,32,12.0,tile16,gridBuildCpu,1800,3.055555555555556e-05,0.0,0.0001,0.0001,0.0
cached,32,12.0,tile16,gridUploadCpu,1800,2.9500000000000006e-05,0.0,0.0001,0.0001,0.0
cached,32,12.0,tile16,gridBoundsCpu,0,0.0,0.0,0.0,0.0,0.0
cached,32,12.0,tile16,gridCountCpu,0,0.0,0.0,0.0,0.0,0.0
cached,32,12.0,tile16,gridPrefixCpu,0,0.0,0.0,0.0,0.0,0.0
cached,32,12.0,tile16,gridFillCpu,0,0.0,0.0,0.0,0.0,0.0
cached,32,12.0,cluster16,wallFrame,1800,2.385423055555556,2.3413500000000003,2.79522,2.982864,2.3493000000000004
cached,32,12.0,cluster16,cpuFrame,1800,2.3776374444444444,2.33365,2.7882499999999997,2.975628,2.3417000000000003
cached,32,12.0,cluster16,gpuFrame,1800,1.282247946666667,1.237936,1.4822384,1.7118528,1.236224
cached,32,12.0,cluster16,gridLightingCpu,1800,0.002591111111111111,0.0025,0.0033,0.004,0.0025
cached,32,12.0,cluster16,gridLightingGpu,1800,0.5855041244444444,0.566848,0.7181152,0.97742624,0.566176
cached,32,12.0,cluster16,cacheCheckCpu,1800,0.001982833333333333,0.0019,0.0023,0.003,0.0019
cached,32,12.0,cluster16,gridBuildCpu,1800,3.177777777777778e-05,0.0,0.0001,0.0001,0.0
cached,32,12.0,cluster16,gridUploadCpu,1800,3.0222222222222225e-05,0.0,0.0001,0.0001,0.0
cached,32,12.0,cluster16,gridBoundsCpu,0,0.0,0.0,0.0,0.0,0.0
cached,32,12.0,cluster16,gridCountCpu,0,0.0,0.0,0.0,0.0,0.0
cached,32,12.0,cluster16,gridPrefixCpu,0,0.0,0.0,0.0,0.0,0.0
cached,32,12.0,cluster16,gridFillCpu,0,0.0,0.0,0.0,0.0,0.0
cached,64,1.5,tile16,wallFrame,1800,1.8396562222222221,1.8013499999999998,2.1734299999999998,2.391056,1.7944
cached,64,1.5,tile16,cpuFrame,1800,1.8319357222222223,1.7939500000000002,2.16555,2.385039,1.7873
cached,64,1.5,tile16,gpuFrame,1800,0.80250864,0.779808,0.9497104,1.1218831999999999,0.78032
cached,64,1.5,tile16,gridLightingCpu,1800,0.0024762777777777778,0.0024,0.003,0.0038,0.0023
cached,64,1.5,tile16,gridLightingGpu,1800,0.10938723555555555,0.106208,0.108608,0.25313279999999994,0.106112
cached,64,1.5,tile16,cacheCheckCpu,1800,0.003724944444444445,0.0036,0.0042,0.005000999999999999,0.0036
cached,64,1.5,tile16,gridBuildCpu,1800,3.0833333333333335e-05,0.0,0.0001,0.0001,0.0
cached,64,1.5,tile16,gridUploadCpu,1800,3.0722222222222227e-05,0.0,0.0001,0.0001,0.0
cached,64,1.5,tile16,gridBoundsCpu,0,0.0,0.0,0.0,0.0,0.0
cached,64,1.5,tile16,gridCountCpu,0,0.0,0.0,0.0,0.0,0.0
cached,64,1.5,tile16,gridPrefixCpu,0,0.0,0.0,0.0,0.0,0.0
cached,64,1.5,tile16,gridFillCpu,0,0.0,0.0,0.0,0.0,0.0
cached,64,1.5,cluster16,wallFrame,1800,1.8266514444444444,1.7870499999999998,2.1696649999999997,2.374066,1.7714500000000002
cached,64,1.5,cluster16,cpuFrame,1800,1.818890111111111,1.77895,2.16133,2.367482,1.7641
cached,64,1.5,cluster16,gpuFrame,1800,0.7931769422222222,0.768224,0.9503248,1.1311203200000002,0.768352
cached,64,1.5,cluster16,gridLightingCpu,1800,0.0025371666666666663,0.0024,0.0031,0.0039,0.0024
cached,64,1.5,cluster16,gridLightingGpu,1800,0.09650268444444444,0.09344,0.0964176,0.23732863999999998,0.093184
cached,64,1.5,cluster16,cacheCheckCpu,1800,0.003695833333333333,0.0036,0.0042,0.004800999999999999,0.0036
cached,64,1.5,cluster16,gridBuildCpu,1800,3.0444444444444445e-05,0.0,0.0001,0.0001,0.0
cached,64,1.5,cluster16,gridUploadCpu,1800,3.033333333333334e-05,0.0,0.0001,0.0001,0.0
cached,64,1.5,cluster16,gridBoundsCpu,0,0.0,0.0,0.0,0.0,0.0
cached,64,1.5,cluster16,gridCountCpu,0,0.0,0.0,0.0,0.0,0.0
cached,64,1.5,cluster16,gridPrefixCpu,0,0.0,0.0,0.0,0.0,0.0
cached,64,1.5,cluster16,gridFillCpu,0,0.0,0.0,0.0,0.0,0.0
cached,64,2.0,tile16,wallFrame,1800,1.8965144999999999,1.8641,2.242535,2.426021,1.859
cached,64,2.0,tile16,cpuFrame,1800,1.8886771666666666,1.8564,2.235515,2.418227,1.85165
cached,64,2.0,tile16,gpuFrame,1800,0.8426540800000001,0.815072,1.0165663999999999,1.1652070399999999,0.815424
cached,64,2.0,tile16,gridLightingCpu,1800,0.0025362777777777775,0.0024,0.0031049999999999954,0.003900999999999999,0.0024
cached,64,2.0,tile16,gridLightingGpu,1800,0.14360314666666668,0.141504,0.143552,0.15760095999999882,0.141504
cached,64,2.0,tile16,cacheCheckCpu,1800,0.0037137222222222224,0.0036,0.0042,0.005,0.0036
cached,64,2.0,tile16,gridBuildCpu,1800,3.1666666666666666e-05,0.0,0.0001,0.0001,0.0
cached,64,2.0,tile16,gridUploadCpu,1800,3.288888888888889e-05,0.0,0.0001,0.0001,0.0
cached,64,2.0,tile16,gridBoundsCpu,0,0.0,0.0,0.0,0.0,0.0
cached,64,2.0,tile16,gridCountCpu,0,0.0,0.0,0.0,0.0,0.0
cached,64,2.0,tile16,gridPrefixCpu,0,0.0,0.0,0.0,0.0,0.0
cached,64,2.0,tile16,gridFillCpu,0,0.0,0.0,0.0,0.0,0.0
cached,64,2.0,cluster16,wallFrame,1800,1.866085611111111,1.8314499999999998,2.213125,2.440001,1.8318
cached,64,2.0,cluster16,cpuFrame,1800,1.858284611111111,1.8225,2.20601,2.431421,1.825
cached,64,2.0,cluster16,gpuFrame,1800,0.8182320888888889,0.79168,0.9870447999999999,1.185808,0.791728
cached,64,2.0,cluster16,gridLightingCpu,1800,0.0025312222222222225,0.0024,0.0031,0.0037,0.0023
cached,64,2.0,cluster16,gridLightingGpu,1800,0.11891525333333332,0.115808,0.118016,0.26769055999999997,0.115856
cached,64,2.0,cluster16,cacheCheckCpu,1800,0.003672388888888889,0.0036,0.0042,0.004900999999999999,0.0036
cached,64,2.0,cluster16,gridBuildCpu,1800,3.0333333333333333e-05,0.0,0.0001,0.0001,0.0
cached,64,2.0,cluster16,gridUploadCpu,1800,3.188888888888889e-05,0.0,0.0001,0.0001,0.0
cached,64,2.0,cluster16,gridBoundsCpu,0,0.0,0.0,0.0,0.0,0.0
cached,64,2.0,cluster16,gridCountCpu,0,0.0,0.0,0.0,0.0,0.0
cached,64,2.0,cluster16,gridPrefixCpu,0,0.0,0.0,0.0,0.0,0.0
cached,64,2.0,cluster16,gridFillCpu,0,0.0,0.0,0.0,0.0,0.0
cached,64,2.5,tile16,wallFrame,1800,1.9567316666666668,1.9238,2.2965,2.503132,1.9212
cached,64,2.5,tile16,cpuFrame,1800,1.948951388888889,1.91615,2.2895,2.498402,1.9129
cached,64,2.5,tile16,gpuFrame,1800,0.8948244622222223,0.868192,1.0486544,1.23990432,0.8686240000000001
cached,64,2.5,tile16,gridLightingCpu,1800,0.002592944444444444,0.0024,0.0034,0.0043019999999999985,0.0025
cached,64,2.5,tile16,gridLightingGpu,1800,0.2014680888888889,0.196544,0.19897759999999998,0.37336736,0.196544
cached,64,2.5,tile16,cacheCheckCpu,1800,0.003749055555555556,0.0036,0.0043,0.005200999999999999,0.0036
cached,64,2.5,tile16,gridBuildCpu,1800,3.0111111111111113e-05,0.0,0.0001,0.0001,0.0
cached,64,2.5,tile16,gridUploadCpu,1800,3.0000000000000004e-05,0.0,0.0001,0.0001,0.0
cached,64,2.5,tile16,gridBoundsCpu,0,0.0,0.0,0.0,0.0,0.0
cached,64,2.5,tile16,gridCountCpu,0,0.0,0.0,0.0,0.0,0.0
cached,64,2.5,tile16,gridPrefixCpu,0,0.0,0.0,0.0,0.0,0.0
cached,64,2.5,tile16,gridFillCpu,0,0.0,0.0,0.0,0.0,0.0
cached,64,2.5,cluster16,wallFrame,1800,1.9152513333333334,1.8876499999999998,2.2379949999999997,2.439446,1.87695
cached,64,2.5,cluster16,cpuFrame,1800,1.9074998333333335,1.8796499999999998,2.2298,2.434538,1.8691499999999999
cached,64,2.5,cluster16,gpuFrame,1800,0.8479249955555554,0.822784,1.002224,1.16690144,0.823328
cached,64,2.5,cluster16,gridLightingCpu,1800,0.002653611111111111,0.0025,0.0034049999999999953,0.0043,0.0024
cached,64,2.5,cluster16,gridLightingGpu,1800,0.1505297422222222,0.147168,0.1491536,0.30752096,0.1472
cached,64,2.5,cluster16,cacheCheckCpu,1800,0.0037321666666666666,0.0036,0.0042,0.004900999999999999,0.0036
cached,64,2.5,cluster16,gridBuildCpu,1800,3.2111111111111114e-05,0.0,0.0001,0.0001,0.0
cached,64,2.5,cluster16,gridUploadCpu,1800,3.061111111111112e-05,0.0,0.0001,0.0001,0.0
cached,64,2.5,cluster16,gridBoundsCpu,0,0.0,0.0,0.0,0.0,0.0
cached,64,2.5,cluster16,gridCountCpu,0,0.0,0.0,0.0,0.0,0.0
cached,64,2.5,cluster16,gridPrefixCpu,0,0.0,0.0,0.0,0.0,0.0
cached,64,2.5,cluster16,gridFillCpu,0,0.0,0.0,0.0,0.0,0.0
cached,64,3.0,tile16,wallFrame,1800,2.0012214999999998,1.97265,2.3457149999999998,2.5664119999999997,1.9779499999999999
cached,64,3.0,tile16,cpuFrame,1800,1.9936273333333332,1.9652,2.3398149999999998,2.5609100000000002,1.9708
cached,64,3.0,tile16,gpuFrame,1800,0.9449102222222223,0.920096,1.1050272,1.28060128,0.92008
cached,64,3.0,tile16,gridLightingCpu,1800,0.0025225,0.0024,0.0031,0.0038,0.0024
cached,64,3.0,tile16,gridLightingGpu,1800,0.25533957333333335,0.250752,0.253376,0.42377248,0.250752
cached,64,3.0,tile16,cacheCheckCpu,1800,0.0037846111111111114,0.0036,0.0042,0.0048,0.0036
cached,64,3.0,tile16,gridBuildCpu,1800,3.116666666666667e-05,0.0,0.0001,0.0001,0.0
cached,64,3.0,tile16,gridUploadCpu,1800,3.2833333333333336e-05,0.0,0.0001,0.0001,0.0
cached,64,3.0,tile16,gridBoundsCpu,0,0.0,0.0,0.0,0.0,0.0
cached,64,3.0,tile16,gridCountCpu,0,0.0,0.0,0.0,0.0,0.0
cached,64,3.0,tile16,gridPrefixCpu,0,0.0,0.0,0.0,0.0,0.0
cached,64,3.0,tile16,gridFillCpu,0,0.0,0.0,0.0,0.0,0.0
cached,64,3.0,cluster16,wallFrame,1800,1.9349362222222222,1.8970500000000001,2.26579,2.438843,1.89555
cached,64,3.0,cluster16,cpuFrame,1800,1.927258277777778,1.89025,2.25869,2.4314459999999998,1.8881000000000001
cached,64,3.0,cluster16,gpuFrame,1800,0.8965741511111112,0.869696,1.0546,1.21304352,0.869824
cached,64,3.0,cluster16,gridLightingCpu,1800,0.002527611111111111,0.0024,0.003,0.0039,0.0024
cached,64,3.0,cluster16,gridLightingGpu,1800,0.20063962666666668,0.196896,0.1991696,0.35735264,0.196928
cached,64,3.0,cluster16,cacheCheckCpu,1800,0.0037140000000000007,0.0036,0.0042,0.0047009999999999994,0.0036
cached,64,3.0,cluster16,gridBuildCpu,1800,3.105555555555556e-05,0.0,0.0001,0.0001,0.0
cached,64,3.0,cluster16,gridUploadCpu,1800,3.138888888888889e-05,0.0,0.0001,0.0001,0.0
cached,64,3.0,cluster16,gridBoundsCpu,0,0.0,0.0,0.0,0.0,0.0
cached,64,3.0,cluster16,gridCountCpu,0,0.0,0.0,0.0,0.0,0.0
cached,64,3.0,cluster16,gridPrefixCpu,0,0.0,0.0,0.0,0.0,0.0
cached,64,3.0,cluster16,gridFillCpu,0,0.0,0.0,0.0,0.0,0.0
cached,64,4.0,tile16,wallFrame,1800,2.1703151666666667,2.1365,2.54271,2.717842,2.1349
cached,64,4.0,tile16,cpuFrame,1800,2.162657888888889,2.1296999999999997,2.5361249999999997,2.71102,2.1268
cached,64,4.0,tile16,gpuFrame,1800,1.0872812444444444,1.049216,1.2699232,1.47841984,1.049312
cached,64,4.0,tile16,gridLightingCpu,1800,0.002623944444444445,0.0025,0.0033,0.0044,0.0025
cached,64,4.0,tile16,gridLightingGpu,1800,0.39115354666666663,0.379488,0.3892207999999999,0.71834816,0.379504
cached,64,4.0,tile16,cacheCheckCpu,1800,0.003890722222222223,0.0036,0.0043,0.005000999999999999,0.0036
cached,64,4.0,tile16,gridBuildCpu,1800,3.111111111111111e-05,0.0,0.0001,0.0001,0.0
cached,64,4.0,tile16,gridUploadCpu,1800,2.9500000000000006e-05,0.0,0.0001,0.0001,0.0
cached,64,4.0,tile16,gridBoundsCpu,0,0.0,0.0,0.0,0.0,0.0
cached,64,4.0,tile16,gridCountCpu,0,0.0,0.0,0.0,0.0,0.0
cached,64,4.0,tile16,gridPrefixCpu,0,0.0,0.0,0.0,0.0,0.0
cached,64,4.0,tile16,gridFillCpu,0,0.0,0.0,0.0,0.0,0.0
cached,64,4.0,cluster16,wallFrame,1800,2.0843522777777777,2.04835,2.46278,2.667338,2.0410500000000003
cached,64,4.0,cluster16,cpuFrame,1800,2.076830166666667,2.0406500000000003,2.456455,2.659751,2.03205
cached,64,4.0,cluster16,gpuFrame,1800,1.0193487644444446,0.987824,1.1940784,1.37610656,0.9876
cached,64,4.0,cluster16,gridLightingCpu,1800,0.0025331666666666666,0.0024,0.0031,0.003900999999999999,0.0024
cached,64,4.0,cluster16,gridLightingGpu,1800,0.32652282666666665,0.318144,0.321888,0.55526656,0.318176
cached,64,4.0,cluster16,cacheCheckCpu,1800,0.0037061111111111114,0.0036,0.0042,0.0051,0.0036
cached,64,4.0,cluster16,gridBuildCpu,1800,3.1722222222222224e-05,0.0,0.0001,0.0001,0.0
cached,64,4.0,cluster16,gridUploadCpu,1800,3.0888888888888886e-05,0.0,0.0001,0.0001,0.0
cached,64,4.0,cluster16,gridBoundsCpu,0,0.0,0.0,0.0,0.0,0.0
cached,64,4.0,cluster16,gridCountCpu,0,0.0,0.0,0.0,0.0,0.0
cached,64,4.0,cluster16,gridPrefixCpu,0,0.0,0.0,0.0,0.0,0.0
cached,64,4.0,cluster16,gridFillCpu,0,0.0,0.0,0.0,0.0,0.0
cached,64,5.0,tile16,wallFrame,1800,2.3414887777777778,2.28995,2.757615,2.9846429999999997,2.27205
cached,64,5.0,tile16,cpuFrame,1800,2.3337367777777778,2.2818,2.7512049999999997,2.9761520000000004,2.26465
cached,64,5.0,tile16,gpuFrame,1800,1.2673561599999998,1.220992,1.556608,1.67168416,1.221184
cached,64,5.0,tile16,gridLightingCpu,1800,0.002594111111111111,0.0025,0.0032,0.004,0.0025
cached,64,5.0,tile16,gridLightingGpu,1800,0.56760656,0.550592,0.7006176,0.9562624,0.550688
cached,64,5.0,tile16,cacheCheckCpu,1800,0.0038,0.0036,0.0042,0.0049,0.0036
cached,64,5.0,tile16,gridBuildCpu,1800,2.9555555555555553e-05,0.0,0.0001,0.0001,0.0
cached,64,5.0,tile16,gridUploadCpu,1800,3.077777777777778e-05,0.0,0.0001,0.0001,0.0
cached,64,5.0,tile16,gridBoundsCpu,0,0.0,0.0,0.0,0.0,0.0
cached,64,5.0,tile16,gridCountCpu,0,0.0,0.0,0.0,0.0,0.0
cached,64,5.0,tile16,gridPrefixCpu,0,0.0,0.0,0.0,0.0,0.0
cached,64,5.0,tile16,gridFillCpu,0,0.0,0.0,0.0,0.0,0.0
cached,64,5.0,cluster16,wallFrame,1800,2.2891268333333334,2.2375499999999997,2.696535,2.895278,2.2272999999999996
cached,64,5.0,cluster16,cpuFrame,1800,2.281448277777778,2.22995,2.690175,2.889178,2.2195
cached,64,5.0,cluster16,gpuFrame,1800,1.2112790755555554,1.168288,1.4117264,1.6152483199999998,1.168384
cached,64,5.0,cluster16,gridLightingCpu,1800,0.002510555555555556,0.0024,0.0031,0.0041,0.0024
cached,64,5.0,cluster16,gridLightingGpu,1800,0.5133088355555555,0.497984,0.6445072000000001,0.86492448,0.49808
cached,64,5.0,cluster16,cacheCheckCpu,1800,0.0036666666666666675,0.0036,0.0042,0.004800999999999999,0.0036
cached,64,5.0,cluster16,gridBuildCpu,1800,3.238888888888889e-05,0.0,0.0001,0.0001,0.0
cached,64,5.0,cluster16,gridUploadCpu,1800,3.1222222222222225e-05,0.0,0.0001,0.0001,0.0
cached,64,5.0,cluster16,gridBoundsCpu,0,0.0,0.0,0.0,0.0,0.0
cached,64,5.0,cluster16,gridCountCpu,0,0.0,0.0,0.0,0.0,0.0
cached,64,5.0,cluster16,gridPrefixCpu,0,0.0,0.0,0.0,0.0,0.0
cached,64,5.0,cluster16,gridFillCpu,0,0.0,0.0,0.0,0.0,0.0
cached,64,6.0,tile16,wallFrame,1800,2.5321220555555555,2.48705,2.9648,3.1558029999999997,2.4791999999999996
cached,64,6.0,tile16,cpuFrame,1800,2.5245125,2.4791999999999996,2.959405,3.149511,2.47065
cached,64,6.0,tile16,gpuFrame,1800,1.4036683733333333,1.359872,1.6921872,1.7987411199999996,1.35688
cached,64,6.0,tile16,gridLightingCpu,1800,0.002699388888888889,0.0025,0.0034049999999999953,0.004500999999999999,0.0025
cached,64,6.0,tile16,gridLightingGpu,1800,0.7008186844444444,0.684128,0.8357664,1.09137312,0.683456
cached,64,6.0,tile16,cacheCheckCpu,1800,0.0037782222222222227,0.0036,0.0042,0.005101,0.0036
cached,64,6.0,tile16,gridBuildCpu,1800,3.0222222222222225e-05,0.0,0.0001,0.0001,0.0
cached,64,6.0,tile16,gridUploadCpu,1800,3.088888888888889e-05,0.0,0.0001,0.0001,0.0
cached,64,6.0,tile16,gridBoundsCpu,0,0.0,0.0,0.0,0.0,0.0
cached,64,6.0,tile16,gridCountCpu,0,0.0,0.0,0.0,0.0,0.0
cached,64,6.0,tile16,gridPrefixCpu,0,0.0,0.0,0.0,0.0,0.0
cached,64,6.0,tile16,gridFillCpu,0,0.0,0.0,0.0,0.0,0.0
cached,64,6.0,cluster16,wallFrame,1800,2.474598888888889,2.4269999999999996,2.9379999999999997,3.136987,2.43635
cached,64,6.0,cluster16,cpuFrame,1800,2.4668405,2.4192,2.9313649999999996,3.130295,2.4287
cached,64,6.0,cluster16,gpuFrame,1800,1.34921312,1.301984,1.5955311999999997,1.7447468799999999,1.30216
cached,64,6.0,cluster16,gridLightingCpu,1800,0.002703555555555556,0.0026,0.0034,0.0046,0.0026
cached,64,6.0,cluster16,gridLightingGpu,1800,0.6490721955555556,0.630368,0.781224,1.0380848,0.630464
cached,64,6.0,cluster16,cacheCheckCpu,1800,0.0037531666666666672,0.0036,0.0043,0.0052,0.0036
cached,64,6.0,cluster16,gridBuildCpu,1800,3.088888888888889e-05,0.0,0.0001,0.0001,0.0
cached,64,6.0,cluster16,gridUploadCpu,1800,3.216666666666667e-05,0.0,0.0001,0.0001,0.0
cached,64,6.0,cluster16,gridBoundsCpu,0,0.0,0.0,0.0,0.0,0.0
cached,64,6.0,cluster16,gridCountCpu,0,0.0,0.0,0.0,0.0,0.0
cached,64,6.0,cluster16,gridPrefixCpu,0,0.0,0.0,0.0,0.0,0.0
cached,64,6.0,cluster16,gridFillCpu,0,0.0,0.0,0.0,0.0,0.0
cached,64,8.0,tile16,wallFrame,1800,2.7608931111111112,2.7541,3.193725,3.350062,2.7466
cached,64,8.0,tile16,cpuFrame,1800,2.7529579444444447,2.74695,3.18641,3.3427649999999995,2.7373
cached,64,8.0,tile16,gpuFrame,1800,1.5881074488888887,1.53688,1.8863072,2.033872,1.5374240000000001
cached,64,8.0,tile16,gridLightingCpu,1800,0.0026409444444444445,0.0025,0.0033,0.0044009999999999995,0.00245
cached,64,8.0,tile16,gridLightingGpu,1800,0.8866503466666666,0.859936,1.1044159999999998,1.3136975999999998,0.86024
cached,64,8.0,tile16,cacheCheckCpu,1800,0.0037028888888888892,0.0036,0.0042,0.0048,0.0036
cached,64,8.0,tile16,gridBuildCpu,1800,3.2111111111111114e-05,0.0,0.0001,0.0001,0.0
cached,64,8.0,tile16,gridUploadCpu,1800,3.061111111111112e-05,0.0,0.0001,0.0001,0.0
cached,64,8.0,tile16,gridBoundsCpu,0,0.0,0.0,0.0,0.0,0.0
cached,64,8.0,tile16,gridCountCpu,0,0.0,0.0,0.0,0.0,0.0
cached,64,8.0,tile16,gridPrefixCpu,0,0.0,0.0,0.0,0.0,0.0
cached,64,8.0,tile16,gridFillCpu,0,0.0,0.0,0.0,0.0,0.0
cached,64,8.0,cluster16,wallFrame,1800,2.749675722222223,2.74215,3.160405,3.337449,2.7323
cached,64,8.0,cluster16,cpuFrame,1800,2.7419497222222224,2.73435,3.15246,3.3314459999999997,2.72625
cached,64,8.0,cluster16,gpuFrame,1800,1.5327024533333333,1.49128,1.8198016,1.9106793599999998,1.492496
cached,64,8.0,cluster16,gridLightingCpu,1800,0.0026081666666666666,0.0025,0.0032,0.0041,0.0025
cached,64,8.0,cluster16,gridLightingGpu,1800,0.8347442844444445,0.814624,0.9860848,1.21588512,0.81504
cached,64,8.0,cluster16,cacheCheckCpu,1800,0.003825888888888889,0.0036,0.0042,0.0045,0.0036
cached,64,8.0,cluster16,gridBuildCpu,1800,2.9777777777777784e-05,0.0,0.0001,0.0001,0.0
cached,64,8.0,cluster16,gridUploadCpu,1800,3.0444444444444445e-05,0.0,0.0001,0.0001,0.0
cached,64,8.0,cluster16,gridBoundsCpu,0,0.0,0.0,0.0,0.0,0.0
cached,64,8.0,cluster16,gridCountCpu,0,0.0,0.0,0.0,0.0,0.0
cached,64,8.0,cluster16,gridPrefixCpu,0,0.0,0.0,0.0,0.0,0.0
cached,64,8.0,cluster16,gridFillCpu,0,0.0,0.0,0.0,0.0,0.0
cached,64,10.0,tile16,wallFrame,1800,2.9439158888888888,2.93995,3.3419,3.524806,2.9559
cached,64,10.0,tile16,cpuFrame,1800,2.9361729999999997,2.9319,3.33537,3.518602,2.9482
cached,64,10.0,tile16,gpuFrame,1800,1.7442897244444444,1.686912,2.0686176,2.29583168,1.687024
cached,64,10.0,tile16,gridLightingCpu,1800,0.002590333333333333,0.0024,0.0032,0.004202999999999997,0.0024
cached,64,10.0,tile16,gridLightingGpu,1800,1.0346163022222221,1.009536,1.23744,1.4532144,1.009824
cached,64,10.0,tile16,cacheCheckCpu,1800,0.003881333333333333,0.0036,0.0042,0.0052,0.0036
cached,64,10.0,tile16,gridBuildCpu,1800,3.0000000000000004e-05,0.0,0.0001,0.0001,0.0
cached,64,10.0,tile16,gridUploadCpu,1800,2.9222222222222227e-05,0.0,0.0001,0.0001,0.0
cached,64,10.0,tile16,gridBoundsCpu,0,0.0,0.0,0.0,0.0,0.0
cached,64,10.0,tile16,gridCountCpu,0,0.0,0.0,0.0,0.0,0.0
cached,64,10.0,tile16,gridPrefixCpu,0,0.0,0.0,0.0,0.0,0.0
cached,64,10.0,tile16,gridFillCpu,0,0.0,0.0,0.0,0.0,0.0
cached,64,10.0,cluster16,wallFrame,1800,2.930210277777778,2.93005,3.346735,3.54508,2.94115
cached,64,10.0,cluster16,cpuFrame,1800,2.922428222222222,2.9226,3.3388649999999997,3.537591,2.9343
cached,64,10.0,cluster16,gpuFrame,1800,1.7196059377777777,1.657088,2.062912,2.30361088,1.658032
cached,64,10.0,cluster16,gridLightingCpu,1800,0.0027485555555555557,0.0025,0.0034,0.004500999999999999,0.0025
cached,64,10.0,cluster16,gridLightingGpu,1800,1.010090791111111,0.979904,1.2327839999999992,1.4494758399999998,0.98
cached,64,10.0,cluster16,cacheCheckCpu,1800,0.003745055555555556,0.0036,0.0042,0.004900999999999999,0.0036
cached,64,10.0,cluster16,gridBuildCpu,1800,3.0111111111111113e-05,0.0,0.0001,0.0001,0.0
cached,64,10.0,cluster16,gridUploadCpu,1800,2.755555555555556e-05,0.0,0.0001,0.0001,0.0
cached,64,10.0,cluster16,gridBoundsCpu,0,0.0,0.0,0.0,0.0,0.0
cached,64,10.0,cluster16,gridCountCpu,0,0.0,0.0,0.0,0.0,0.0
cached,64,10.0,cluster16,gridPrefixCpu,0,0.0,0.0,0.0,0.0,0.0
cached,64,10.0,cluster16,gridFillCpu,0,0.0,0.0,0.0,0.0,0.0
cached,64,12.0,tile16,wallFrame,1800,3.0302883333333335,3.02225,3.4297299999999997,3.6390599999999997,3.0192
cached,64,12.0,tile16,cpuFrame,1800,3.022601611111111,3.0144,3.4238049999999998,3.6336459999999997,3.0105000000000004
cached,64,12.0,tile16,gpuFrame,1800,1.8149378844444446,1.772704,2.1307119999999995,2.29473952,1.773312
cached,64,12.0,tile16,gridLightingCpu,1800,0.0025730555555555554,0.0025,0.0033,0.0044,0.0025
cached,64,12.0,tile16,gridLightingGpu,1800,1.1078347911111113,1.095872,1.1022432000000002,1.4435353599999998,1.0957919999999999
cached,64,12.0,tile16,cacheCheckCpu,1800,0.0037390000000000006,0.0036,0.0042,0.004901999999999998,0.0036
cached,64,12.0,tile16,gridBuildCpu,1800,3.066666666666667e-05,0.0,0.0001,0.0001,0.0
cached,64,12.0,tile16,gridUploadCpu,1800,2.9277777777777778e-05,0.0,0.0001,0.0001,0.0
cached,64,12.0,tile16,gridBoundsCpu,0,0.0,0.0,0.0,0.0,0.0
cached,64,12.0,tile16,gridCountCpu,0,0.0,0.0,0.0,0.0,0.0
cached,64,12.0,tile16,gridPrefixCpu,0,0.0,0.0,0.0,0.0,0.0
cached,64,12.0,tile16,gridFillCpu,0,0.0,0.0,0.0,0.0,0.0
cached,64,12.0,cluster16,wallFrame,1800,3.0197291666666666,3.0077499999999997,3.4374249999999997,3.659537,3.0088
cached,64,12.0,cluster16,cpuFrame,1800,3.012033111111111,2.99925,3.430425,3.6542269999999997,3.0004
cached,64,12.0,cluster16,gpuFrame,1800,1.8261427377777777,1.75568,2.1850959999999997,2.40151264,1.75624
cached,64,12.0,cluster16,gridLightingCpu,1800,0.0026474444444444445,0.0026,0.0033,0.0042,0.0025
cached,64,12.0,cluster16,gridLightingGpu,1800,1.10347264,1.07856,1.2706671999999997,1.51104416,1.078432
cached,64,12.0,cluster16,cacheCheckCpu,1800,0.0037730555555555555,0.0036,0.0042,0.004900999999999999,0.0036
cached,64,12.0,cluster16,gridBuildCpu,1800,3.238888888888889e-05,0.0,0.0001,0.0001,0.0
cached,64,12.0,cluster16,gridUploadCpu,1800,2.9e-05,0.0,0.0001,0.0001,0.0
cached,64,12.0,cluster16,gridBoundsCpu,0,0.0,0.0,0.0,0.0,0.0
cached,64,12.0,cluster16,gridCountCpu,0,0.0,0.0,0.0,0.0,0.0
cached,64,12.0,cluster16,gridPrefixCpu,0,0.0,0.0,0.0,0.0,0.0
cached,64,12.0,cluster16,gridFillCpu,0,0.0,0.0,0.0,0.0,0.0
cached,128,1.5,tile16,wallFrame,1800,1.876438888888889,1.8437000000000001,2.200795,2.385916,1.8375499999999998
cached,128,1.5,tile16,cpuFrame,1800,1.8687410555555557,1.8361,2.1951799999999997,2.3804149999999997,1.8292000000000002
cached,128,1.5,tile16,gpuFrame,1800,0.8374424711111111,0.814048,0.9860927999999999,1.15233536,0.814112
cached,128,1.5,tile16,gridLightingCpu,1800,0.0025364999999999997,0.0024,0.0031,0.0042,0.0024
cached,128,1.5,tile16,gridLightingGpu,1800,0.14412115555555555,0.141472,0.14352,0.28535424,0.141248
cached,128,1.5,tile16,cacheCheckCpu,1800,0.007216277777777779,0.007,0.0082,0.009000999999999999,0.007
cached,128,1.5,tile16,gridBuildCpu,1800,3.227777777777778e-05,0.0,0.0001,0.0001,0.0
cached,128,1.5,tile16,gridUploadCpu,1800,3.177777777777778e-05,0.0,0.0001,0.0001,0.0
cached,128,1.5,tile16,gridBoundsCpu,0,0.0,0.0,0.0,0.0,0.0
cached,128,1.5,tile16,gridCountCpu,0,0.0,0.0,0.0,0.0,0.0
cached,128,1.5,tile16,gridPrefixCpu,0,0.0,0.0,0.0,0.0,0.0
cached,128,1.5,tile16,gridFillCpu,0,0.0,0.0,0.0,0.0,0.0
cached,128,1.5,cluster16,wallFrame,1800,1.8464396111111112,1.8147,2.1791099999999997,2.3645479999999997,1.81825
cached,128,1.5,cluster16,cpuFrame,1800,1.838880777777778,1.8066499999999999,2.1725999999999996,2.3575519999999996,1.81045
cached,128,1.5,cluster16,gpuFrame,1800,0.8103428444444444,0.784512,0.9879696,1.1499929599999998,0.78448
cached,128,1.5,cluster16,gridLightingCpu,1800,0.002496,0.0024,0.0031,0.003900999999999999,0.0024
cached,128,1.5,cluster16,gridLightingGpu,1800,0.11132373333333334,0.108672,0.11107360000000001,0.2510384,0.108448
cached,128,1.5,cluster16,cacheCheckCpu,1800,0.007230277777777779,0.007,0.0082,0.01031099999999999,0.007
cached,128,1.5,cluster16,gridBuildCpu,1800,3.272222222222223e-05,0.0,0.0001,0.0001,0.0
cached,128,1.5,cluster16,gridUploadCpu,1800,3.038888888888889e-05,0.0,0.0001,0.0001,0.0
cached,128,1.5,cluster16,gridBoundsCpu,0,0.0,0.0,0.0,0.0,0.0
cached,128,1.5,cluster16,gridCountCpu,0,0.0,0.0,0.0,0.0,0.0
cached,128,1.5,cluster16,gridPrefixCpu,0,0.0,0.0,0.0,0.0,0.0
cached,128,1.5,cluster16,gridFillCpu,0,0.0,0.0,0.0,0.0,0.0
cached,128,2.0,tile16,wallFrame,1800,1.9588534444444445,1.92915,2.292235,2.5233179999999997,1.9261
cached,128,2.0,tile16,cpuFrame,1800,1.951108111111111,1.92135,2.2846200000000003,2.5149589999999997,1.9181499999999998
cached,128,2.0,tile16,gpuFrame,1800,0.9060734044444444,0.876224,1.0757552000000001,1.22719648,0.876192
cached,128,2.0,tile16,gridLightingCpu,1800,0.0025685555555555553,0.0024,0.0030049999999999955,0.0038,0.0024
cached,128,2.0,tile16,gridLightingGpu,1800,0.21185354666666664,0.205952,0.208704,0.42364544,0.20584000000000002
cached,128,2.0,tile16,cacheCheckCpu,1800,0.007349888888888889,0.007,0.0082,0.012314999999999986,0.007
cached,128,2.0,tile16,gridBuildCpu,1800,3.3e-05,0.0,0.0001,0.0001,0.0
cached,128,2.0,tile16,gridUploadCpu,1800,3.0500000000000003e-05,0.0,0.0001,0.0001,0.0
cached,128,2.0,tile16,gridBoundsCpu,0,0.0,0.0,0.0,0.0,0.0
cached,128,2.0,tile16,gridCountCpu,0,0.0,0.0,0.0,0.0,0.0
cached,128,2.0,tile16,gridPrefixCpu,0,0.0,0.0,0.0,0.0,0.0
cached,128,2.0,tile16,gridFillCpu,0,0.0,0.0,0.0,0.0,0.0
cached,128,2.0,cluster16,wallFrame,1800,1.929177777777778,1.898,2.2721849999999995,2.515862,1.92395
cached,128,2.0,cluster16,cpuFrame,1800,1.9214677222222223,1.89015,2.26722,2.510356,1.91695
cached,128,2.0,cluster16,gpuFrame,1800,0.8497642133333333,0.823488,1.0031216,1.19689824,0.823264
cached,128,2.0,cluster16,gridLightingCpu,1800,0.0026849444444444442,0.0025,0.0033,0.0046,0.0025
cached,128,2.0,cluster16,gridLightingGpu,1800,0.15311144888888886,0.148704,0.15068959999999998,0.31012607999999997,0.148608
cached,128,2.0,cluster16,cacheCheckCpu,1800,0.007387666666666668,0.007,0.0082,0.0092,0.007
cached,128,2.0,cluster16,gridBuildCpu,1800,2.894444444444445e-05,0.0,0.0001,0.0001,0.0
cached,128,2.0,cluster16,gridUploadCpu,1800,2.9833333333333335e-05,0.0,0.0001,0.0001,0.0
cached,128,2.0,cluster16,gridBoundsCpu,0,0.0,0.0,0.0,0.0,0.0
cached,128,2.0,cluster16,gridCountCpu,0,0.0,0.0,0.0,0.0,0.0
cached,128,2.0,cluster16,gridPrefixCpu,0,0.0,0.0,0.0,0.0,0.0
cached,128,2.0,cluster16,gridFillCpu,0,0.0,0.0,0.0,0.0,0.0
cached,128,2.5,tile16,wallFrame,1800,2.058409611111111,2.02495,2.41174,2.6180079999999997,2.0266
cached,128,2.5,tile16,cpuFrame,1800,2.050854722222222,2.01695,2.4052399999999996,2.612204,2.0193
cached,128,2.5,tile16,gpuFrame,1800,1.0077201955555555,0.9752,1.1836448,1.37489312,0.975072
cached,128,2.5,tile16,gridLightingCpu,1800,0.002534555555555556,0.0024,0.0031,0.004,0.0024
cached,128,2.5,tile16,gridLightingGpu,1800,0.31300087111111113,0.305632,0.30953759999999997,0.5187455999999999,0.305728
cached,128,2.5,tile16,cacheCheckCpu,1800,0.007193777777777779,0.007,0.0082,0.008801,0.007
cached,128,2.5,tile16,gridBuildCpu,1800,2.9277777777777775e-05,0.0,0.0001,0.0001,0.0
cached,128,2.5,tile16,gridUploadCpu,1800,3.0944444444444444e-05,0.0,0.0001,0.0001,0.0
cached,128,2.5,tile16,gridBoundsCpu,0,0.0,0.0,0.0,0.0,0.0
cached,128,2.5,tile16,gridCountCpu,0,0.0,0.0,0.0,0.0,0.0
cached,128,2.5,tile16,gridPrefixCpu,0,0.0,0.0,0.0,0.0,0.0
cached,128,2.5,tile16,gridFillCpu,0,0.0,0.0,0.0,0.0,0.0
cached,128,2.5,cluster16,wallFrame,1800,1.9985397222222223,1.9652500000000002,2.36674,2.5780149999999997,1.95075
cached,128,2.5,cluster16,cpuFrame,1800,1.990974277777778,1.9577499999999999,2.359775,2.571224,1.9437
cached,128,2.5,cluster16,gpuFrame,1800,0.9102410488888889,0.88416,1.0678831999999998,1.2326156799999999,0.884272
cached,128,2.5,cluster16,gridLightingCpu,1800,0.0025707777777777777,0.0024,0.0034,0.004600999999999999,0.0024
cached,128,2.5,cluster16,gridLightingGpu,1800,0.21786085333333333,0.21248,0.2148496,0.37760576,0.212416
cached,128,2.5,cluster16,cacheCheckCpu,1800,0.0076791666666666675,0.007,0.0082,0.0098,0.007
cached,128,2.5,cluster16,gridBuildCpu,1800,3.1722222222222224e-05,0.0,0.0001,0.0001,0.0
cached,128,2.5,cluster16,gridUploadCpu,1800,3.438888888888889e-05,0.0,0.0001,0.0001,0.0
cached,128,2.5,cluster16,gridBoundsCpu,0,0.0,0.0,0.0,0.0,0.0
cached,128,2.5,cluster16,gridCountCpu,0,0.0,0.0,0.0,0.0,0.0
cached,128,2.5,cluster16,gridPrefixCpu,0,0.0,0.0,0.0,0.0,0.0
cached,128,2.5,cluster16,gridFillCpu,0,0.0,0.0,0.0,0.0,0.0
cached,128,3.0,tile16,wallFrame,1800,2.236562833333333,2.19625,2.66717,2.992984,2.192
cached,128,3.0,tile16,cpuFrame,1800,2.228861111111111,2.1881500000000003,2.661145,2.9852429999999996,2.1848
cached,128,3.0,tile16,gpuFrame,1800,1.1237332444444443,1.082864,1.3293648,1.49479008,1.082848
cached,128,3.0,tile16,gridLightingCpu,1800,0.002736555555555556,0.0025,0.0036,0.005200999999999999,0.0026
cached,128,3.0,tile16,gridLightingGpu,1800,0.4265976888888888,0.412768,0.4353007999999943,0.80675616,0.412912
cached,128,3.0,tile16,cacheCheckCpu,1800,0.007431500000000001,0.007,0.0083,0.009701999999999999,0.007
cached,128,3.0,tile16,gridBuildCpu,1800,3.144444444444444e-05,0.0,0.0001,0.0001,0.0
cached,128,3.0,tile16,gridUploadCpu,1800,3.2055555555555556e-05,0.0,0.0001,0.0001,0.0
cached,128,3.0,tile16,gridBoundsCpu,0,0.0,0.0,0.0,0.0,0.0
cached,128,3.0,tile16,gridCountCpu,0,0.0,0.0,0.0,0.0,0.0
cached,128,3.0,tile16,gridPrefixCpu,0,0.0,0.0,0.0,0.0,0.0
cached,128,3.0,tile16,gridFillCpu,0,0.0,0.0,0.0,0.0,0.0
cached,128,3.0,cluster16,wallFrame,1800,2.128665888888889,2.09795,2.4936049999999996,2.7038320000000002,2.0786499999999997
cached,128,3.0,cluster16,cpuFrame,1800,2.121031055555555,2.09,2.48592,2.697828,2.0715
cached,128,3.0,cluster16,gpuFrame,1800,1.0143938311111111,0.982368,1.188136,1.3340630399999998,0.982288
cached,128,3.0,cluster16,gridLightingCpu,1800,0.0027465,0.0026,0.0037,0.0045,0.0026
cached,128,3.0,cluster16,gridLightingGpu,1800,0.3203487822222222,0.31248,0.3163216,0.5227324799999999,0.312544
cached,128,3.0,cluster16,cacheCheckCpu,1800,0.007351333333333335,0.007,0.0084,0.0096,0.007
cached,128,3.0,cluster16,gridBuildCpu,1800,3.305555555555556e-05,0.0,0.0001,0.0001,0.0
cached,128,3.0,cluster16,gridUploadCpu,1800,3.3e-05,0.0,0.0001,0.0001,0.0
cached,128,3.0,cluster16,gridBoundsCpu,0,0.0,0.0,0.0,0.0,0.0
cached,128,3.0,cluster16,gridCountCpu,0,0.0,0.0,0.0,0.0,0.0
cached,128,3.0,cluster16,gridPrefixCpu,0,0.0,0.0,0.0,0.0,0.0
cached,128,3.0,cluster16,gridFillCpu,0,0.0,0.0,0.0,0.0,0.0
cached,128,4.0,tile16,wallFrame,1800,2.897884722222222,2.7502,4.00843,4.830692999999999,2.57585
cached,128,4.0,tile16,cpuFrame,1800,2.8890288888888893,2.7418,3.9970849999999998,4.80791,2.56775
cached,128,4.0,tile16,gpuFrame,1800,1.4306255111111112,1.38712,1.6635519999999995,1.8180940799999998,1.383552
cached,128,4.0,tile16,gridLightingCpu,1800,0.005954333333333333,0.0028,0.0149,0.020901999999999997,0.0026
cached,128,4.0,tile16,gridLightingGpu,1800,0.734096,0.71328,0.8843536,1.1193296000000001,0.711664
cached,128,4.0,tile16,cacheCheckCpu,1800,0.0073623333333333344,0.0071,0.0083,0.009200999999999999,0.007
cached,128,4.0,tile16,gridBuildCpu,1800,3.255555555555556e-05,0.0,0.0001,0.0001,0.0
cached,128,4.0,tile16,gridUploadCpu,1800,3.144444444444444e-05,0.0,0.0001,0.0001,0.0
cached,128,4.0,tile16,gridBoundsCpu,0,0.0,0.0,0.0,0.0,0.0
cached,128,4.0,tile16,gridCountCpu,0,0.0,0.0,0.0,0.0,0.0
cached,128,4.0,tile16,gridPrefixCpu,0,0.0,0.0,0.0,0.0,0.0
cached,128,4.0,tile16,gridFillCpu,0,0.0,0.0,0.0,0.0,0.0
cached,128,4.0,cluster16,wallFrame,1800,2.415973722222222,2.36885,2.85513,3.051627,2.3810000000000002
cached,128,4.0,cluster16,cpuFrame,1800,2.4080356666666667,2.36015,2.849725,3.043619,2.37035
cached,128,4.0,cluster16,gpuFrame,1800,1.30161136,1.2584,1.5013232,1.6875017600000002,1.255792
cached,128,4.0,cluster16,gridLightingCpu,1800,0.0026585000000000003,0.0025,0.0033,0.004701999999999999,0.0025
cached,128,4.0,cluster16,gridLightingGpu,1800,0.6027322844444444,0.586464,0.7354992,0.9558671999999999,0.585472
cached,128,4.0,cluster16,cacheCheckCpu,1800,0.0074172222222222235,0.007,0.0083,0.0091,0.007
cached,128,4.0,cluster16,gridBuildCpu,1800,3.183333333333333e-05,0.0,0.0001,0.0001,0.0
cached,128,4.0,cluster16,gridUploadCpu,1800,3.0111111111111113e-05,0.0,0.0001,0.0001,0.0
cached,128,4.0,cluster16,gridBoundsCpu,0,0.0,0.0,0.0,0.0,0.0
cached,128,4.0,cluster16,gridCountCpu,0,0.0,0.0,0.0,0.0,0.0
cached,128,4.0,cluster16,gridPrefixCpu,0,0.0,0.0,0.0,0.0,0.0
cached,128,4.0,cluster16,gridFillCpu,0,0.0,0.0,0.0,0.0,0.0
cached,128,5.0,tile16,wallFrame,1800,3.0660189444444446,3.0542,3.4994899999999998,3.708135,3.0282
cached,128,5.0,tile16,cpuFrame,1800,3.058487111111111,3.0461,3.4919499999999997,3.700544,3.0197000000000003
cached,128,5.0,tile16,gpuFrame,1800,1.7836037866666667,1.73472,2.1157359999999996,2.31361472,1.734688
cached,128,5.0,tile16,gridLightingCpu,1800,0.002853611111111111,0.0027,0.0038,0.0048,0.0027
cached,128,5.0,tile16,gridLightingGpu,1800,1.0741463466666668,1.056576,1.2220399999999998,1.44487072,1.056416
cached,128,5.0,tile16,cacheCheckCpu,1800,0.007407277777777777,0.0071,0.0084,0.01,0.007
cached,128,5.0,tile16,gridBuildCpu,1800,3.0833333333333335e-05,0.0,0.0001,0.0001,0.0
cached,128,5.0,tile16,gridUploadCpu,1800,3.1611111111111115e-05,0.0,0.0001,0.0001,0.0
cached,128,5.0,tile16,gridBoundsCpu,0,0.0,0.0,0.0,0.0,0.0
cached,128,5.0,tile16,gridCountCpu,0,0.0,0.0,0.0,0.0,0.0
cached,128,5.0,tile16,gridPrefixCpu,0,0.0,0.0,0.0,0.0,0.0
cached,128,5.0,tile16,gridFillCpu,0,0.0,0.0,0.0,0.0,0.0
cached,128,5.0,cluster16,wallFrame,1800,2.900551111111111,2.89895,3.3248100000000003,3.5111239999999997,2.9112
cached,128,5.0,cluster16,cpuFrame,1800,2.8927253333333334,2.89135,3.3190049999999998,3.505226,2.90335
cached,128,5.0,cluster16,gpuFrame,1800,1.6834653155555555,1.623552,2.0256719999999997,2.22677568,1.623696
cached,128,5.0,cluster16,gridLightingCpu,1800,0.0027152777777777774,0.0026,0.0034,0.0044,0.0025
cached,128,5.0,cluster16,gridLightingGpu,1800,0.9747442844444445,0.94576,1.1857887999999999,1.45183296,0.945424
cached,128,5.0,cluster16,cacheCheckCpu,1800,0.007316111111111112,0.007,0.0083,0.009404999999999995,0.007
cached,128,5.0,cluster16,gridBuildCpu,1800,2.9833333333333335e-05,0.0,0.0001,0.0001,0.0
cached,128,5.0,cluster16,gridUploadCpu,1800,2.9944444444444446e-05,0.0,0.0001,0.0001,0.0
cached,128,5.0,cluster16,gridBoundsCpu,0,0.0,0.0,0.0,0.0,0.0
cached,128,5.0,cluster16,gridCountCpu,0,0.0,0.0,0.0,0.0,0.0
cached,128,5.0,cluster16,gridPrefixCpu,0,0.0,0.0,0.0,0.0,0.0
cached,128,5.0,cluster16,gridFillCpu,0,0.0,0.0,0.0,0.0,0.0
cached,128,6.0,tile16,wallFrame,1800,3.3289400000000002,3.3169500000000003,3.781145,3.96148,3.2972
cached,128,6.0,tile16,cpuFrame,1800,3.3213175555555554,3.3093500000000002,3.7739399999999996,3.955171,3.28795
cached,128,6.0,tile16,gpuFrame,1800,2.191878293333333,2.159904,2.5652128,2.74752512,2.155008
cached,128,6.0,tile16,gridLightingCpu,1800,0.0027243333333333334,0.0026,0.0034,0.004200999999999999,0.0026
cached,128,6.0,tile16,gridLightingGpu,1800,1.3905072177777777,1.331296,1.7650143999999999,2.03356096,1.33072
cached,128,6.0,tile16,cacheCheckCpu,1800,0.007234944444444444,0.007,0.0082,0.0091,0.007
cached,128,6.0,tile16,gridBuildCpu,1800,2.9944444444444446e-05,0.0,0.0001,0.0001,0.0
cached,128,6.0,tile16,gridUploadCpu,1800,3.5333333333333336e-05,0.0,0.0001,0.0001,0.0
cached,128,6.0,tile16,gridBoundsCpu,0,0.0,0.0,0.0,0.0,0.0
cached,128,6.0,tile16,gridCountCpu,0,0.0,0.0,0.0,0.0,0.0
cached,128,6.0,tile16,gridPrefixCpu,0,0.0,0.0,0.0,0.0,0.0
cached,128,6.0,tile16,gridFillCpu,0,0.0,0.0,0.0,0.0,0.0
cached,128,6.0,cluster16,wallFrame,1800,3.2323553333333335,3.23695,3.6233049999999998,3.815616,3.2064
cached,128,6.0,cluster16,cpuFrame,1800,3.2247843333333335,3.2296500000000004,3.61636,3.810103,3.19855
cached,128,6.0,cluster16,gpuFrame,1800,1.990551502222222,1.908064,2.3559599999999987,2.58139904,1.908448
cached,128,6.0,cluster16,gridLightingCpu,1800,0.002897722222222222,0.0027,0.0037,0.0051,0.0027
cached,128,6.0,cluster16,gridLightingGpu,1800,1.2622236444444443,1.230144,1.5693903999999999,1.72772288,1.229792
cached,128,6.0,cluster16,cacheCheckCpu,1800,0.007494722222222223,0.0071,0.0083,0.009701999999999999,0.0071
cached,128,6.0,cluster16,gridBuildCpu,1800,3.2500000000000004e-05,0.0,0.0001,0.0001,0.0
cached,128,6.0,cluster16,gridUploadCpu,1800,3.033333333333334e-05,0.0,0.0001,0.0001,0.0
cached,128,6.0,cluster16,gridBoundsCpu,0,0.0,0.0,0.0,0.0,0.0
cached,128,6.0,cluster16,gridCountCpu,0,0.0,0.0,0.0,0.0,0.0
cached,128,6.0,cluster16,gridPrefixCpu,0,0.0,0.0,0.0,0.0,0.0
cached,128,6.0,cluster16,gridFillCpu,0,0.0,0.0,0.0,0.0,0.0
cached,128,8.0,tile16,wallFrame,1800,3.8094098888888888,3.8085,4.2841499999999995,4.49007,3.7912
cached,128,8.0,tile16,cpuFrame,1800,3.8015731666666666,3.801,4.276204999999999,4.483385,3.78195
cached,128,8.0,tile16,gpuFrame,1800,2.662804213333333,2.650464,3.0138032,3.20933824,2.648544
cached,128,8.0,tile16,gridLightingCpu,1800,0.0027483888888888888,0.0026,0.0034,0.0043,0.0026
cached,128,8.0,tile16,gridLightingGpu,1800,1.8634569777777779,1.737488,2.2709951999999998,2.48609664,1.735264
cached,128,8.0,tile16,cacheCheckCpu,1800,0.007401333333333334,0.0071,0.0083,0.009401,0.007
cached,128,8.0,tile16,gridBuildCpu,1800,3.177777777777778e-05,0.0,0.0001,0.0001,0.0
cached,128,8.0,tile16,gridUploadCpu,1800,3.0833333333333335e-05,0.0,0.0001,0.0001,0.0
cached,128,8.0,tile16,gridBoundsCpu,0,0.0,0.0,0.0,0.0,0.0
cached,128,8.0,tile16,gridCountCpu,0,0.0,0.0,0.0,0.0,0.0
cached,128,8.0,tile16,gridPrefixCpu,0,0.0,0.0,0.0,0.0,0.0
cached,128,8.0,tile16,gridFillCpu,0,0.0,0.0,0.0,0.0,0.0
cached,128,8.0,cluster16,wallFrame,1800,3.7334847222222223,3.7352499999999997,4.17809,4.336907,3.72315
cached,128,8.0,cluster16,cpuFrame,1800,3.7259041111111113,3.7279,4.17202,4.33001,3.71525
cached,128,8.0,cluster16,gpuFrame,1800,2.582730008888889,2.567168,2.9398400000000002,3.11082144,2.56864
cached,128,8.0,cluster16,gridLightingCpu,1800,0.002805111111111111,0.0027,0.0037,0.0048,0.0027
cached,128,8.0,cluster16,gridLightingGpu,1800,1.7630462577777777,1.654128,2.1831856000000003,2.39453248,1.652288
cached,128,8.0,cluster16,cacheCheckCpu,1800,0.0074181666666666675,0.0071,0.0083,0.0093,0.0071
cached,128,8.0,cluster16,gridBuildCpu,1800,3.2500000000000004e-05,0.0,0.0001,0.0001,0.0
cached,128,8.0,cluster16,gridUploadCpu,1800,3.1333333333333334e-05,0.0,0.0001,0.0001,0.0
cached,128,8.0,cluster16,gridBoundsCpu,0,0.0,0.0,0.0,0.0,0.0
cached,128,8.0,cluster16,gridCountCpu,0,0.0,0.0,0.0,0.0,0.0
cached,128,8.0,cluster16,gridPrefixCpu,0,0.0,0.0,0.0,0.0,0.0
cached,128,8.0,cluster16,gridFillCpu,0,0.0,0.0,0.0,0.0,0.0
cached,128,10.0,tile16,wallFrame,1800,4.063542611111112,4.068099999999999,4.481675,4.665826,4.07525
cached,128,10.0,tile16,cpuFrame,1800,4.055785944444445,4.06,4.473585,4.652615999999999,4.06625
cached,128,10.0,tile16,gpuFrame,1800,2.945325724444444,2.931136,3.2693552,3.47803392,2.93016
cached,128,10.0,tile16,gridLightingCpu,1800,0.0027977222222222223,0.0027,0.0035,0.0046019999999999985,0.0026
cached,128,10.0,tile16,gridLightingGpu,1800,2.2205883733333334,2.23696,2.5497791999999997,2.77126496,2.2328479999999997
cached,128,10.0,tile16,cacheCheckCpu,1800,0.00740438888888889,0.007,0.0083,0.009602999999999997,0.007
cached,128,10.0,tile16,gridBuildCpu,1800,3.1e-05,0.0,0.0001,0.0001,0.0
cached,128,10.0,tile16,gridUploadCpu,1800,3.038888888888889e-05,0.0,0.0001,0.0001,0.0
cached,128,10.0,tile16,gridBoundsCpu,0,0.0,0.0,0.0,0.0,0.0
cached,128,10.0,tile16,gridCountCpu,0,0.0,0.0,0.0,0.0,0.0
cached,128,10.0,tile16,gridPrefixCpu,0,0.0,0.0,0.0,0.0,0.0
cached,128,10.0,tile16,gridFillCpu,0,0.0,0.0,0.0,0.0,0.0
cached,128,10.0,cluster16,wallFrame,1800,4.019262666666667,4.01875,4.455015,4.6281419999999995,4.02275
cached,128,10.0,cluster16,cpuFrame,1800,4.011568888888889,4.011150000000001,4.448195,4.620457,4.0151
cached,128,10.0,cluster16,gpuFrame,1800,2.879020231111111,2.866112,3.2207792,3.4001539199999997,2.86792
cached,128,10.0,cluster16,gridLightingCpu,1800,0.002830277777777778,0.0026,0.0034049999999999953,0.0043,0.0026
cached,128,10.0,cluster16,gridLightingGpu,1800,2.1560643555555554,2.173232,2.4840879999999994,2.68772736,2.173088
cached,128,10.0,cluster16,cacheCheckCpu,1800,0.007449944444444446,0.0071,0.0084,0.0095,0.0071
cached,128,10.0,cluster16,gridBuildCpu,1800,3.272222222222223e-05,0.0,0.0001,0.0001,0.0
cached,128,10.0,cluster16,gridUploadCpu,1800,3.066666666666667e-05,0.0,0.0001,0.0001,0.0
cached,128,10.0,cluster16,gridBoundsCpu,0,0.0,0.0,0.0,0.0,0.0
cached,128,10.0,cluster16,gridCountCpu,0,0.0,0.0,0.0,0.0,0.0
cached,128,10.0,cluster16,gridPrefixCpu,0,0.0,0.0,0.0,0.0,0.0
cached,128,10.0,cluster16,gridFillCpu,0,0.0,0.0,0.0,0.0,0.0
cached,128,12.0,tile16,wallFrame,1800,4.266486111111111,4.281700000000001,4.667529999999999,4.865639,4.2806
cached,128,12.0,tile16,cpuFrame,1800,4.258756111111111,4.27465,4.65987,4.856965000000001,4.27345
cached,128,12.0,tile16,gpuFrame,1800,3.1284610133333333,3.112336,3.4389488000000004,3.59744352,3.1095360000000003
cached,128,12.0,tile16,gridLightingCpu,1800,0.002783722222222222,0.0027,0.0034,0.004300999999999999,0.0027
cached,128,12.0,tile16,gridLightingGpu,1800,2.3976477155555562,2.4100159999999997,2.7276607999999998,2.91577888,2.40992
cached,128,12.0,tile16,cacheCheckCpu,1800,0.007426111111111112,0.0071,0.0084,0.010301,0.007
cached,128,12.0,tile16,gridBuildCpu,1800,3.088888888888889e-05,0.0,0.0001,0.0001,0.0
cached,128,12.0,tile16,gridUploadCpu,1800,3.166666666666667e-05,0.0,0.0001,0.0001,0.0
cached,128,12.0,tile16,gridBoundsCpu,0,0.0,0.0,0.0,0.0,0.0
cached,128,12.0,tile16,gridCountCpu,0,0.0,0.0,0.0,0.0,0.0
cached,128,12.0,tile16,gridPrefixCpu,0,0.0,0.0,0.0,0.0,0.0
cached,128,12.0,tile16,gridFillCpu,0,0.0,0.0,0.0,0.0,0.0
cached,128,12.0,cluster16,wallFrame,1800,4.237459555555556,4.243650000000001,4.675565000000001,4.878191999999999,4.2295
cached,128,12.0,cluster16,cpuFrame,1800,4.229569222222222,4.23535,4.667915000000001,4.871095,4.22135
cached,128,12.0,cluster16,gpuFrame,1800,3.081722275555556,3.07128,3.3845616,3.59707232,3.071904
cached,128,12.0,cluster16,gridLightingCpu,1800,0.0028862222222222223,0.0027,0.0035,0.0048,0.00265
cached,128,12.0,cluster16,gridLightingGpu,1800,2.3581410133333334,2.3727840000000002,2.6673359999999997,2.89412736,2.372976
cached,128,12.0,cluster16,cacheCheckCpu,1800,0.0073255,0.007,0.0083,0.0094,0.0071
cached,128,12.0,cluster16,gridBuildCpu,1800,3.2444444444444446e-05,0.0,0.0001,0.0001,0.0
cached,128,12.0,cluster16,gridUploadCpu,1800,2.9944444444444446e-05,0.0,0.0001,0.0001,0.0
cached,128,12.0,cluster16,gridBoundsCpu,0,0.0,0.0,0.0,0.0,0.0
cached,128,12.0,cluster16,gridCountCpu,0,0.0,0.0,0.0,0.0,0.0
cached,128,12.0,cluster16,gridPrefixCpu,0,0.0,0.0,0.0,0.0,0.0
cached,128,12.0,cluster16,gridFillCpu,0,0.0,0.0,0.0,0.0,0.0
cached,256,1.5,tile16,wallFrame,1800,2.0067210555555555,1.96975,2.38203,2.66264,1.9554999999999998
cached,256,1.5,tile16,cpuFrame,1800,1.9990753888888886,1.9621499999999998,2.3756049999999997,2.6590939999999996,1.94535
cached,256,1.5,tile16,gpuFrame,1800,0.9211062400000001,0.890496,1.0895104,1.2604304,0.8904
cached,256,1.5,tile16,gridLightingCpu,1800,0.002678166666666667,0.0025,0.0035,0.0049,0.0025
cached,256,1.5,tile16,gridLightingGpu,1800,0.2264824,0.22176,0.224512,0.3889545599999999,0.2216
cached,256,1.5,tile16,cacheCheckCpu,1800,0.014247555555555557,0.0138,0.0161,0.022504999999999994,0.0138
cached,256,1.5,tile16,gridBuildCpu,1800,3.15e-05,0.0,0.0001,0.0001,0.0
cached,256,1.5,tile16,gridUploadCpu,1800,3.066666666666667e-05,0.0,0.0001,0.0001,0.0
cached,256,1.5,tile16,gridBoundsCpu,0,0.0,0.0,0.0,0.0,0.0
cached,256,1.5,tile16,gridCountCpu,0,0.0,0.0,0.0,0.0,0.0
cached,256,1.5,tile16,gridPrefixCpu,0,0.0,0.0,0.0,0.0,0.0
cached,256,1.5,tile16,gridFillCpu,0,0.0,0.0,0.0,0.0,0.0
cached,256,1.5,cluster16,wallFrame,1800,1.926628777777778,1.8938,2.286915,2.510101,1.8753
cached,256,1.5,cluster16,cpuFrame,1800,1.9189262777777776,1.8855,2.28001,2.505106,1.86755
cached,256,1.5,cluster16,gpuFrame,1800,0.8467140977777777,0.821888,1.0058255999999999,1.193344,0.821856
cached,256,1.5,cluster16,gridLightingCpu,1800,0.0026736111111111105,0.0025,0.0036049999999999954,0.0048,0.0024
cached,256,1.5,cluster16,gridLightingGpu,1800,0.14979130666666665,0.14704,0.149152,0.29251296,0.146912
cached,256,1.5,cluster16,cacheCheckCpu,1800,0.014546944444444444,0.0138,0.0162,0.0174,0.0138
cached,256,1.5,cluster16,gridBuildCpu,1800,3.222222222222222e-05,0.0,0.0001,0.0001,0.0
cached,256,1.5,cluster16,gridUploadCpu,1800,3.0500000000000003e-05,0.0,0.0001,0.0001,0.0
cached,256,1.5,cluster16,gridBoundsCpu,0,0.0,0.0,0.0,0.0,0.0
cached,256,1.5,cluster16,gridCountCpu,0,0.0,0.0,0.0,0.0,0.0
cached,256,1.5,cluster16,gridPrefixCpu,0,0.0,0.0,0.0,0.0,0.0
cached,256,1.5,cluster16,gridFillCpu,0,0.0,0.0,0.0,0.0,0.0
cached,256,2.0,tile16,wallFrame,1800,2.1164725555555557,2.08705,2.4762649999999997,2.655406,2.0982
cached,256,2.0,tile16,cpuFrame,1800,2.108848611111111,2.0797499999999998,2.469055,2.64792,2.09105
cached,256,2.0,tile16,gpuFrame,1800,1.0424731022222222,1.01024,1.212992,1.39345888,1.01024
cached,256,2.0,tile16,gridLightingCpu,1800,0.0026476111111111114,0.0025,0.0034,0.004,0.0025
cached,256,2.0,tile16,gridLightingGpu,1800,0.34878913777777776,0.340864,0.345152,0.57011616,0.340832
cached,256,2.0,tile16,cacheCheckCpu,1800,0.014515277777777776,0.0139,0.0163,0.025207999999999994,0.0139
cached,256,2.0,tile16,gridBuildCpu,1800,2.9222222222222227e-05,0.0,0.0001,0.0001,0.0
cached,256,2.0,tile16,gridUploadCpu,1800,3.0444444444444445e-05,0.0,0.0001,0.0001,0.0
cached,256,2.0,tile16,gridBoundsCpu,0,0.0,0.0,0.0,0.0,0.0
cached,256,2.0,tile16,gridCountCpu,0,0.0,0.0,0.0,0.0,0.0
cached,256,2.0,tile16,gridPrefixCpu,0,0.0,0.0,0.0,0.0,0.0
cached,256,2.0,tile16,gridFillCpu,0,0.0,0.0,0.0,0.0,0.0
cached,256,2.0,cluster16,wallFrame,1800,2.0166345000000003,1.9824,2.3835249999999997,2.557105,1.9684499999999998
cached,256,2.0,cluster16,cpuFrame,1800,2.0089448333333335,1.975,2.3795100000000002,2.550303,1.9605000000000001
cached,256,2.0,cluster16,gpuFrame,1800,0.9246993066666667,0.895296,1.0972832000000001,1.26199328,0.895344
cached,256,2.0,cluster16,gridLightingCpu,1800,0.002708166666666667,0.0025,0.0035,0.0044,0.0025
cached,256,2.0,cluster16,gridLightingGpu,1800,0.22906986666666668,0.22432,0.22700959999999998,0.3996515199999999,0.22432
cached,256,2.0,cluster16,cacheCheckCpu,1800,0.014255055555555556,0.0138,0.0162,0.0172,0.0138
cached,256,2.0,cluster16,gridBuildCpu,1800,3.0722222222222227e-05,0.0,0.0001,0.0001,0.0
cached,256,2.0,cluster16,gridUploadCpu,1800,3.077777777777778e-05,0.0,0.0001,0.0001,0.0
cached,256,2.0,cluster16,gridBoundsCpu,0,0.0,0.0,0.0,0.0,0.0
cached,256,2.0,cluster16,gridCountCpu,0,0.0,0.0,0.0,0.0,0.0
cached,256,2.0,cluster16,gridPrefixCpu,0,0.0,0.0,0.0,0.0,0.0
cached,256,2.0,cluster16,gridFillCpu,0,0.0,0.0,0.0,0.0,0.0
cached,256,2.5,tile16,wallFrame,1800,2.330279722222222,2.28945,2.719595,2.9187839999999996,2.2973
cached,256,2.5,tile16,cpuFrame,1800,2.322550777777778,2.28145,2.7130099999999997,2.9124749999999997,2.28885
cached,256,2.5,tile16,gpuFrame,1800,1.2322578844444443,1.190624,1.4304815999999998,1.6534953599999997,1.191264
cached,256,2.5,tile16,gridLightingCpu,1800,0.002718611111111111,0.0026,0.0035,0.0048,0.0026
cached,256,2.5,tile16,gridLightingGpu,1800,0.5366333333333334,0.520768,0.670104,0.9279728,0.520832
cached,256,2.5,tile16,cacheCheckCpu,1800,0.014473055555555553,0.0139,0.0163,0.023406999999999994,0.0139
cached,256,2.5,tile16,gridBuildCpu,1800,3.0722222222222227e-05,0.0,0.0001,0.0001,0.0
cached,256,2.5,tile16,gridUploadCpu,1800,3.1666666666666666e-05,0.0,0.0001,0.0001,0.0
cached,256,2.5,tile16,gridBoundsCpu,0,0.0,0.0,0.0,0.0,0.0
cached,256,2.5,tile16,gridCountCpu,0,0.0,0.0,0.0,0.0,0.0
cached,256,2.5,tile16,gridPrefixCpu,0,0.0,0.0,0.0,0.0,0.0
cached,256,2.5,tile16,gridFillCpu,0,0.0,0.0,0.0,0.0,0.0
cached,256,2.5,cluster16,wallFrame,1800,2.099929,2.06265,2.436725,2.677792,2.0524
cached,256,2.5,cluster16,cpuFrame,1800,2.092210111111111,2.0546,2.43099,2.668522,2.04595
cached,256,2.5,cluster16,gpuFrame,1800,1.0545729066666667,1.017472,1.2383472000000002,1.4213913599999999,1.017712
cached,256,2.5,cluster16,gridLightingCpu,1800,0.002677777777777778,0.0024,0.0032,0.0046019999999999985,0.0024
cached,256,2.5,cluster16,gridLightingGpu,1800,0.35776341333333334,0.347296,0.35285439999999996,0.6560326399999997,0.34728000000000003
cached,256,2.5,cluster16,cacheCheckCpu,1800,0.014326611111111111,0.0138,0.0162,0.02231099999999999,0.0138
cached,256,2.5,cluster16,gridBuildCpu,1800,3.111111111111112e-05,0.0,0.0001,0.0001,0.0
cached,256,2.5,cluster16,gridUploadCpu,1800,3.1e-05,0.0,0.0001,0.0001,0.0
cached,256,2.5,cluster16,gridBoundsCpu,0,0.0,0.0,0.0,0.0,0.0
cached,256,2.5,cluster16,gridCountCpu,0,0.0,0.0,0.0,0.0,0.0
cached,256,2.5,cluster16,gridPrefixCpu,0,0.0,0.0,0.0,0.0,0.0
cached,256,2.5,cluster16,gridFillCpu,0,0.0,0.0,0.0,0.0,0.0
cached,256,3.0,tile16,wallFrame,1800,2.6308136111111113,2.61685,3.04807,3.2600749999999996,2.6132
cached,256,3.0,tile16,cpuFrame,1800,2.623058777777778,2.6086,3.0407200000000003,3.2527779999999997,2.6048999999999998
cached,256,3.0,tile16,gpuFrame,1800,1.4519382755555554,1.411824,1.7451519999999998,1.84278912,1.411664
cached,256,3.0,tile16,gridLightingCpu,1800,0.002760611111111111,0.0027,0.0035,0.004500999999999999,0.0026
cached,256,3.0,tile16,gridLightingGpu,1800,0.7548567644444444,0.73536,0.9107999999999999,1.1444144,0.7359519999999999
cached,256,3.0,tile16,cacheCheckCpu,1800,0.014469111111111113,0.0139,0.0162,0.023202999999999994,0.0138
cached,256,3.0,tile16,gridBuildCpu,1800,3.3277777777777784e-05,0.0,0.0001,0.0001,0.0
cached,256,3.0,tile16,gridUploadCpu,1800,3.183333333333333e-05,0.0,0.0001,0.0001,0.0
cached,256,3.0,tile16,gridBoundsCpu,0,0.0,0.0,0.0,0.0,0.0
cached,256,3.0,tile16,gridCountCpu,0,0.0,0.0,0.0,0.0,0.0
cached,256,3.0,tile16,gridPrefixCpu,0,0.0,0.0,0.0,0.0,0.0
cached,256,3.0,tile16,gridFillCpu,0,0.0,0.0,0.0,0.0,0.0
cached,256,3.0,cluster16,wallFrame,1800,2.3223524999999996,2.2705,2.7339099999999994,2.9315200000000003,2.2705
cached,256,3.0,cluster16,cpuFrame,1800,2.314605277777778,2.2633,2.7278249999999997,2.924009,2.2633
cached,256,3.0,cluster16,gpuFrame,1800,1.2456018844444445,1.203136,1.4542864,1.6166784,1.202144
cached,256,3.0,cluster16,gridLightingCpu,1800,0.002639722222222222,0.0025,0.0032,0.0041,0.0025
cached,256,3.0,cluster16,gridLightingGpu,1800,0.5480596266666666,0.531904,0.6825008,0.9073183999999997,0.531424
cached,256,3.0,cluster16,cacheCheckCpu,1800,0.014298833333333334,0.0138,0.0162,0.022108999999999993,0.0138
cached,256,3.0,cluster16,gridBuildCpu,1800,2.9e-05,0.0,0.0001,0.0001,0.0
cached,256,3.0,cluster16,gridUploadCpu,1800,3.055555555555556e-05,0.0,0.0001,0.0001,0.0
cached,256,3.0,cluster16,gridBoundsCpu,0,0.0,0.0,0.0,0.0,0.0
cached,256,3.0,cluster16,gridCountCpu,0,0.0,0.0,0.0,0.0,0.0
cached,256,3.0,cluster16,gridPrefixCpu,0,0.0,0.0,0.0,0.0,0.0
cached,256,3.0,cluster16,gridFillCpu,0,0.0,0.0,0.0,0.0,0.0
cached,256,4.0,tile16,wallFrame,1800,3.2683869444444444,3.2602,3.694935,3.8652800000000003,3.2638
cached,256,4.0,tile16,cpuFrame,1800,3.2608007777777774,3.2527,3.6859450000000002,3.8583839999999996,3.2544
cached,256,4.0,tile16,gpuFrame,1800,2.1568767644444446,2.018992,2.5112832000000003,2.67279104,2.130864
cached,256,4.0,tile16,gridLightingCpu,1800,0.002702722222222222,0.0026,0.0034,0.004401999999999999,0.0026
cached,256,4.0,tile16,gridLightingGpu,1800,1.3727963911111112,1.315264,1.7428848,1.92089184,1.314528
cached,256,4.0,tile16,cacheCheckCpu,1800,0.014611055555555556,0.0139,0.0163,0.025101,0.0139
cached,256,4.0,tile16,gridBuildCpu,1800,3.0500000000000003e-05,0.0,0.0001,0.0001,0.0
cached,256,4.0,tile16,gridUploadCpu,1800,2.8555555555555556e-05,0.0,0.0001,0.0001,0.0
cached,256,4.0,tile16,gridBoundsCpu,0,0.0,0.0,0.0,0.0,0.0
cached,256,4.0,tile16,gridCountCpu,0,0.0,0.0,0.0,0.0,0.0
cached,256,4.0,tile16,gridPrefixCpu,0,0.0,0.0,0.0,0.0,0.0
cached,256,4.0,tile16,gridFillCpu,0,0.0,0.0,0.0,0.0,0.0
cached,256,4.0,cluster16,wallFrame,1800,2.976655888888889,2.9746,3.3759550000000003,3.567403,2.95975
cached,256,4.0,cluster16,cpuFrame,1800,2.9690429444444444,2.96725,3.368215,3.557641,2.95265
cached,256,4.0,cluster16,gpuFrame,1800,1.7804705777777776,1.7365599999999999,2.0935712,2.25654464,1.73632
cached,256,4.0,cluster16,gridLightingCpu,1800,0.002663277777777778,0.0025,0.0033049999999999954,0.0047009999999999994,0.0025
cached,256,4.0,cluster16,gridLightingGpu,1800,1.07654624,1.058464,1.2294464,1.4741449599999998,1.058048
cached,256,4.0,cluster16,cacheCheckCpu,1800,0.014303333333333333,0.0138,0.0162,0.02001099999999999,0.0138
cached,256,4.0,cluster16,gridBuildCpu,1800,3.15e-05,0.0,0.0001,0.0001,0.0
cached,256,4.0,cluster16,gridUploadCpu,1800,3.1277777777777776e-05,0.0,0.0001,0.0001,0.0
cached,256,4.0,cluster16,gridBoundsCpu,0,0.0,0.0,0.0,0.0,0.0
cached,256,4.0,cluster16,gridCountCpu,0,0.0,0.0,0.0,0.0,0.0
cached,256,4.0,cluster16,gridPrefixCpu,0,0.0,0.0,0.0,0.0,0.0
cached,256,4.0,cluster16,gridFillCpu,0,0.0,0.0,0.0,0.0,0.0
cached,256,5.0,tile16,wallFrame,1800,4.000043777777777,4.0065,4.4082099999999995,4.622965,4.00615
cached,256,5.0,tile16,cpuFrame,1800,3.9923841111111114,4.00005,4.400455,4.6150839999999995,3.99915
cached,256,5.0,tile16,gpuFrame,1800,2.894266826666667,2.893504,3.2354416,3.38378944,2.886688
cached,256,5.0,tile16,gridLightingCpu,1800,0.0028015555555555554,0.0026,0.0033,0.004501999999999998,0.0026
cached,256,5.0,tile16,gridLightingGpu,1800,2.1609120177777776,2.178768,2.5176559999999997,2.68991744,2.158416
cached,256,5.0,tile16,cacheCheckCpu,1800,0.014472444444444446,0.0139,0.0163,0.0202,0.0139
cached,256,5.0,tile16,gridBuildCpu,1800,3.188888888888889e-05,0.0,0.0001,0.0001,0.0
cached,256,5.0,tile16,gridUploadCpu,1800,3.211111111111111e-05,0.0,0.0001,0.0001,0.0
cached,256,5.0,tile16,gridBoundsCpu,0,0.0,0.0,0.0,0.0,0.0
cached,256,5.0,tile16,gridCountCpu,0,0.0,0.0,0.0,0.0,0.0
cached,256,5.0,tile16,gridPrefixCpu,0,0.0,0.0,0.0,0.0,0.0
cached,256,5.0,tile16,gridFillCpu,0,0.0,0.0,0.0,0.0,0.0
cached,256,5.0,cluster16,wallFrame,1800,3.7746885555555556,3.78155,4.219659999999999,4.391522,3.78155
cached,256,5.0,cluster16,cpuFrame,1800,3.767211555555556,3.77445,4.211565,4.386088,3.77445
cached,256,5.0,cluster16,gpuFrame,1800,2.6263315377777774,2.616,2.9824416,3.1595964800000003,2.619376
cached,256,5.0,cluster16,gridLightingCpu,1800,0.002843388888888889,0.0027,0.0036,0.0045,0.0027
cached,256,5.0,cluster16,gridLightingGpu,1800,1.8022242311111112,1.701104,2.2159056,2.41425664,1.697104
cached,256,5.0,cluster16,cacheCheckCpu,1800,0.0144665,0.0141,0.0163,0.017704999999999995,0.014
cached,256,5.0,cluster16,gridBuildCpu,1800,3.3444444444444443e-05,0.0,0.0001,0.0001,0.0
cached,256,5.0,cluster16,gridUploadCpu,1800,3.116666666666667e-05,0.0,0.0001,0.0001,0.0
cached,256,5.0,cluster16,gridBoundsCpu,0,0.0,0.0,0.0,0.0,0.0
cached,256,5.0,cluster16,gridCountCpu,0,0.0,0.0,0.0,0.0,0.0
cached,256,5.0,cluster16,gridPrefixCpu,0,0.0,0.0,0.0,0.0,0.0
cached,256,5.0,cluster16,gridFillCpu,0,0.0,0.0,0.0,0.0,0.0
cached,256,6.0,tile16,wallFrame,1800,4.720249666666667,4.71945,5.1913,5.406829999999999,4.71335
cached,256,6.0,tile16,cpuFrame,1800,4.712696833333333,4.7117,5.1847,5.403305,4.7044999999999995
cached,256,6.0,tile16,gpuFrame,1800,3.539269333333334,3.5618559999999997,3.9147344,4.09891232,3.55336
cached,256,6.0,tile16,gridLightingCpu,1800,0.002946666666666667,0.0028,0.0037,0.004800999999999999,0.0028
cached,256,6.0,tile16,gridLightingGpu,1800,2.785750968888889,2.769136,3.1520656000000002,3.28989376,2.765536
cached,256,6.0,tile16,cacheCheckCpu,1800,0.014585444444444448,0.0141,0.0165,0.0181,0.0141
cached,256,6.0,tile16,gridBuildCpu,1800,3.1722222222222224e-05,0.0,0.0001,0.0001,0.0
cached,256,6.0,tile16,gridUploadCpu,1800,3.1277777777777776e-05,0.0,0.0001,0.0001,0.0
cached,256,6.0,tile16,gridBoundsCpu,0,0.0,0.0,0.0,0.0,0.0
cached,256,6.0,tile16,gridCountCpu,0,0.0,0.0,0.0,0.0,0.0
cached,256,6.0,tile16,gridPrefixCpu,0,0.0,0.0,0.0,0.0,0.0
cached,256,6.0,tile16,gridFillCpu,0,0.0,0.0,0.0,0.0,0.0
cached,256,6.0,cluster16,wallFrame,1800,4.387580166666667,4.3919,4.82402,5.005576,4.394349999999999
cached,256,6.0,cluster16,cpuFrame,1800,4.379940722222222,4.3835,4.8168,4.997972999999999,4.3859
cached,256,6.0,cluster16,gpuFrame,1800,3.2385505422222227,3.220672,3.5726383999999998,3.73161024,3.229024
cached,256,6.0,cluster16,gridLightingCpu,1800,0.0028349444444444446,0.0027,0.0036,0.0052,0.0026
cached,256,6.0,cluster16,gridLightingGpu,1800,2.503667857777778,2.519792,2.8306592,3.0056163199999997,2.519744
cached,256,6.0,cluster16,cacheCheckCpu,1800,0.014593833333333334,0.014,0.0165,0.0245,0.014
cached,256,6.0,cluster16,gridBuildCpu,1800,3.0222222222222225e-05,0.0,0.0001,0.0001,0.0
cached,256,6.0,cluster16,gridUploadCpu,1800,3.061111111111112e-05,0.0,0.0001,0.0001,0.0
cached,256,6.0,cluster16,gridBoundsCpu,0,0.0,0.0,0.0,0.0,0.0
cached,256,6.0,cluster16,gridCountCpu,0,0.0,0.0,0.0,0.0,0.0
cached,256,6.0,cluster16,gridPrefixCpu,0,0.0,0.0,0.0,0.0,0.0
cached,256,6.0,cluster16,gridFillCpu,0,0.0,0.0,0.0,0.0,0.0
cached,256,8.0,tile16,wallFrame,1800,5.9441609444444445,5.9325,6.517855,6.769341,5.92065
cached,256,8.0,tile16,cpuFrame,1800,5.936399777777778,5.9251000000000005,6.51025,6.762641,5.91325
cached,256,8.0,tile16,gpuFrame,1800,4.6950123022222225,4.709712,5.1651856,5.3483331199999995,4.69272
cached,256,8.0,tile16,gridLightingCpu,1800,0.0031262777777777777,0.0029,0.0038,0.005900999999999999,0.0029
cached,256,8.0,tile16,gridLightingGpu,1800,3.9015028444444444,3.90016,4.3341456,4.50539808,3.888928
cached,256,8.0,tile16,cacheCheckCpu,1800,0.014722611111111112,0.0142,0.0167,0.025102,0.0142
cached,256,8.0,tile16,gridBuildCpu,1800,3.066666666666667e-05,0.0,0.0001,0.0001,0.0
cached,256,8.0,tile16,gridUploadCpu,1800,3.138888888888889e-05,0.0,0.0001,0.0001,0.0
cached,256,8.0,tile16,gridBoundsCpu,0,0.0,0.0,0.0,0.0,0.0
cached,256,8.0,tile16,gridCountCpu,0,0.0,0.0,0.0,0.0,0.0
cached,256,8.0,tile16,gridPrefixCpu,0,0.0,0.0,0.0,0.0,0.0
cached,256,8.0,tile16,gridFillCpu,0,0.0,0.0,0.0,0.0,0.0
cached,256,8.0,cluster16,wallFrame,1800,5.691479111111112,5.6828,6.2922,6.548004000000001,5.68505
cached,256,8.0,cluster16,cpuFrame,1800,5.683912222222223,5.6765,6.2836,6.54051,5.677899999999999
cached,256,8.0,cluster16,gpuFrame,1800,4.479293315555555,4.505744,4.949632,5.1028198399999996,4.495264000000001
cached,256,8.0,cluster16,gridLightingCpu,1800,0.003060611111111111,0.0029,0.0038,0.006,0.0029
cached,256,8.0,cluster16,gridLightingGpu,1800,3.681983217777778,3.692896,4.122315199999999,4.300900159999999,3.694352
cached,256,8.0,cluster16,cacheCheckCpu,1800,0.014886166666666669,0.0141,0.0166,0.033303,0.0141
cached,256,8.0,cluster16,gridBuildCpu,1800,2.8611111111111113e-05,0.0,0.0001,0.0001,0.0
cached,256,8.0,cluster16,gridUploadCpu,1800,3.316666666666667e-05,0.0,0.0001,0.0001,0.0
cached,256,8.0,cluster16,gridBoundsCpu,0,0.0,0.0,0.0,0.0,0.0
cached,256,8.0,cluster16,gridCountCpu,0,0.0,0.0,0.0,0.0,0.0
cached,256,8.0,cluster16,gridPrefixCpu,0,0.0,0.0,0.0,0.0,0.0
cached,256,8.0,cluster16,gridFillCpu,0,0.0,0.0,0.0,0.0,0.0
cached,256,10.0,tile16,wallFrame,1800,6.661488722222223,6.640700000000001,7.208234999999999,7.507947000000001,6.65255
cached,256,10.0,tile16,cpuFrame,1800,6.654171944444444,6.6333,7.199295,7.501734999999999,6.6448
cached,256,10.0,tile16,gpuFrame,1800,5.470410435555556,5.450416000000001,5.956632,6.15166976,5.450592
cached,256,10.0,tile16,gridLightingCpu,1800,0.003123666666666667,0.003,0.0038,0.0047009999999999994,0.003
cached,256,10.0,tile16,gridLightingGpu,1800,4.602570879999999,4.6332,5.0333456,5.26989152,4.626192
cached,256,10.0,tile16,cacheCheckCpu,1800,0.014818555555555555,0.0142,0.0167,0.025301999999999998,0.0142
cached,256,10.0,tile16,gridBuildCpu,1800,3.266666666666667e-05,0.0,0.0001,0.0001,0.0
cached,256,10.0,tile16,gridUploadCpu,1800,3.0388888888888887e-05,0.0,0.0001,0.0001,0.0
cached,256,10.0,tile16,gridBoundsCpu,0,0.0,0.0,0.0,0.0,0.0
cached,256,10.0,tile16,gridCountCpu,0,0.0,0.0,0.0,0.0,0.0
cached,256,10.0,tile16,gridPrefixCpu,0,0.0,0.0,0.0,0.0,0.0
cached,256,10.0,tile16,gridFillCpu,0,0.0,0.0,0.0,0.0,0.0
cached,256,10.0,cluster16,wallFrame,1800,6.5008246666666665,6.4722,7.083065,7.378466,6.48545
cached,256,10.0,cluster16,cpuFrame,1800,6.493179166666667,6.46435,7.07471,7.364758,6.4784
cached,256,10.0,cluster16,gpuFrame,1800,5.297670986666668,5.274512,5.7825375999999995,5.9949148800000005,5.274512
cached,256,10.0,cluster16,gridLightingCpu,1800,0.0029375555555555552,0.0028,0.0035,0.0047,0.0028
cached,256,10.0,cluster16,gridLightingGpu,1800,4.45693296,4.496896,4.8954128,5.12005344,4.494144
cached,256,10.0,cluster16,cacheCheckCpu,1800,0.014810944444444444,0.0141,0.0166,0.030204999999999996,0.0141
cached,256,10.0,cluster16,gridBuildCpu,1800,3.0000000000000004e-05,0.0,0.0001,0.0001,0.0
cached,256,10.0,cluster16,gridUploadCpu,1800,3.85e-05,0.0,0.0001,0.0001,0.0
cached,256,10.0,cluster16,gridBoundsCpu,0,0.0,0.0,0.0,0.0,0.0
cached,256,10.0,cluster16,gridCountCpu,0,0.0,0.0,0.0,0.0,0.0
cached,256,10.0,cluster16,gridPrefixCpu,0,0.0,0.0,0.0,0.0,0.0
cached,256,10.0,cluster16,gridFillCpu,0,0.0,0.0,0.0,0.0,0.0
cached,256,12.0,tile16,wallFrame,1800,7.143388333333333,7.1119,7.734285000000001,8.028863000000001,7.1121
cached,256,12.0,tile16,cpuFrame,1800,7.13581311111111,7.104,7.727329999999999,8.026231,7.10155
cached,256,12.0,tile16,gpuFrame,1800,5.97373304888889,5.924303999999999,6.456048,6.65315264,5.92368
cached,256,12.0,tile16,gridLightingCpu,1800,0.0030616111111111113,0.0029,0.0037,0.0059,0.0029
cached,256,12.0,tile16,gridLightingGpu,1800,5.0792877333333335,5.099552,5.5241184,5.72749888,5.1008960000000005
cached,256,12.0,tile16,cacheCheckCpu,1800,0.014748,0.0142,0.0167,0.026602999999999995,0.0142
cached,256,12.0,tile16,gridBuildCpu,1800,3.777777777777778e-05,0.0,0.0001,0.0001,0.0
cached,256,12.0,tile16,gridUploadCpu,1800,3.105555555555556e-05,0.0,0.0001,0.0001,0.0
cached,256,12.0,tile16,gridBoundsCpu,0,0.0,0.0,0.0,0.0,0.0
cached,256,12.0,tile16,gridCountCpu,0,0.0,0.0,0.0,0.0,0.0
cached,256,12.0,tile16,gridPrefixCpu,0,0.0,0.0,0.0,0.0,0.0
cached,256,12.0,tile16,gridFillCpu,0,0.0,0.0,0.0,0.0,0.0
cached,256,12.0,cluster16,wallFrame,1800,7.024826111111112,6.995100000000001,7.64493,7.917702,6.99575
cached,256,12.0,cluster16,cpuFrame,1800,7.017054333333333,6.988250000000001,7.635909999999999,7.9110119999999995,6.98865
cached,256,12.0,cluster16,gpuFrame,1800,5.851115253333333,5.810511999999999,6.329139199999999,6.5463455999999995,5.809424
cached,256,12.0,cluster16,gridLightingCpu,1800,0.0029978333333333337,0.0029,0.0036,0.0051039999999999966,0.0029
cached,256,12.0,cluster16,gridLightingGpu,1800,4.963413635555555,4.992192,5.402448,5.616927039999999,5.0007839999999995
cached,256,12.0,cluster16,cacheCheckCpu,1800,0.01455288888888889,0.0141,0.0165,0.0202,0.0141
cached,256,12.0,cluster16,gridBuildCpu,1800,2.9555555555555553e-05,0.0,0.0001,0.0001,0.0
cached,256,12.0,cluster16,gridUploadCpu,1800,2.966666666666667e-05,0.0,0.0001,0.0001,0.0
cached,256,12.0,cluster16,gridBoundsCpu,0,0.0,0.0,0.0,0.0,0.0
cached,256,12.0,cluster16,gridCountCpu,0,0.0,0.0,0.0,0.0,0.0
cached,256,12.0,cluster16,gridPrefixCpu,0,0.0,0.0,0.0,0.0,0.0
cached,256,12.0,cluster16,gridFillCpu,0,0.0,0.0,0.0,0.0,0.0
cached,512,1.5,tile16,wallFrame,1800,2.170367611111111,2.13805,2.5658749999999997,2.753667,2.1239
cached,512,1.5,tile16,cpuFrame,1800,2.162454,2.13015,2.557955,2.742153,2.1159999999999997
cached,512,1.5,tile16,gpuFrame,1800,1.09426368,1.055744,1.2792624,1.5160665599999998,1.055792
cached,512,1.5,tile16,gridLightingCpu,1800,0.002706722222222222,0.0025,0.0037,0.005600999999999999,0.0024
cached,512,1.5,tile16,gridLightingGpu,1800,0.3991998577777778,0.385632,0.5311424,0.7303523199999997,0.385568
cached,512,1.5,tile16,cacheCheckCpu,1800,0.028679944444444445,0.0275,0.0322,0.04361499999999999,0.0275
cached,512,1.5,tile16,gridBuildCpu,1800,3.188888888888889e-05,0.0,0.0001,0.0001,0.0
cached,512,1.5,tile16,gridUploadCpu,1800,3.1222222222222225e-05,0.0,0.0001,0.0001,0.0
cached,512,1.5,tile16,gridBoundsCpu,0,0.0,0.0,0.0,0.0,0.0
cached,512,1.5,tile16,gridCountCpu,0,0.0,0.0,0.0,0.0,0.0
cached,512,1.5,tile16,gridPrefixCpu,0,0.0,0.0,0.0,0.0,0.0
cached,512,1.5,tile16,gridFillCpu,0,0.0,0.0,0.0,0.0,0.0
cached,512,1.5,cluster16,wallFrame,1800,1.9952237777777777,1.9675,2.339735,2.5274219999999996,1.9635500000000001
cached,512,1.5,cluster16,cpuFrame,1800,1.9873648888888888,1.95945,2.3332450000000002,2.5254749999999997,1.95645
cached,512,1.5,cluster16,gpuFrame,1800,0.916393048888889,0.891296,1.0627727999999999,1.26119072,0.891136
cached,512,1.5,cluster16,gridLightingCpu,1800,0.0027075,0.0026,0.0036,0.005000999999999999,0.00255
cached,512,1.5,cluster16,gridLightingGpu,1800,0.22451912888888886,0.21904,0.2216,0.39440031999999997,0.21904
cached,512,1.5,cluster16,cacheCheckCpu,1800,0.028414277777777774,0.0274,0.0321,0.04300199999999999,0.0274
cached,512,1.5,cluster16,gridBuildCpu,1800,3.0722222222222227e-05,0.0,0.0001,0.0001,0.0
cached,512,1.5,cluster16,gridUploadCpu,1800,2.9277777777777775e-05,0.0,0.0001,0.0001,0.0
cached,512,1.5,cluster16,gridBoundsCpu,0,0.0,0.0,0.0,0.0,0.0
cached,512,1.5,cluster16,gridCountCpu,0,0.0,0.0,0.0,0.0,0.0
cached,512,1.5,cluster16,gridPrefixCpu,0,0.0,0.0,0.0,0.0,0.0
cached,512,1.5,cluster16,gridFillCpu,0,0.0,0.0,0.0,0.0,0.0
cached,512,2.0,tile16,wallFrame,1800,2.442102333333333,2.3781,2.8729449999999996,3.104535,2.3804999999999996
cached,512,2.0,tile16,cpuFrame,1800,2.4341942222222226,2.37025,2.86679,3.099106,2.37235
cached,512,2.0,tile16,gpuFrame,1800,1.3543879466666668,1.30288,1.6378928,1.7838032,1.30264
cached,512,2.0,tile16,gridLightingCpu,1800,0.002611777777777778,0.0025,0.0033,0.004701999999999999,0.0025
cached,512,2.0,tile16,gridLightingGpu,1800,0.6515274488888889,0.629376,0.8045488,1.04494112,0.629264
cached,512,2.0,tile16,cacheCheckCpu,1800,0.028361277777777773,0.0275,0.0321,0.04070999999999999,0.0274
cached,512,2.0,tile16,gridBuildCpu,1800,3.1611111111111115e-05,0.0,0.0001,0.0001,0.0
cached,512,2.0,tile16,gridUploadCpu,1800,3.155555555555556e-05,0.0,0.0001,0.0001,0.0
cached,512,2.0,tile16,gridBoundsCpu,0,0.0,0.0,0.0,0.0,0.0
cached,512,2.0,tile16,gridCountCpu,0,0.0,0.0,0.0,0.0,0.0
cached,512,2.0,tile16,gridPrefixCpu,0,0.0,0.0,0.0,0.0,0.0
cached,512,2.0,tile16,gridFillCpu,0,0.0,0.0,0.0,0.0,0.0
cached,512,2.0,cluster16,wallFrame,1800,2.1530933333333335,2.11525,2.51669,2.722401,2.115
cached,512,2.0,cluster16,cpuFrame,1800,2.145335333333333,2.107,2.511135,2.716706,2.1062
cached,512,2.0,cluster16,gpuFrame,1800,1.0999262044444444,1.062816,1.283368,1.46344384,1.062976
cached,512,2.0,cluster16,gridLightingCpu,1800,0.002705833333333333,0.0025,0.0035,0.0055,0.0025
cached,512,2.0,cluster16,gridLightingGpu,1800,0.4034473244444444,0.392288,0.397416,0.72886464,0.39232
cached,512,2.0,cluster16,cacheCheckCpu,1800,0.028494000000000002,0.0275,0.0322,0.04411199999999999,0.0275
cached,512,2.0,cluster16,gridBuildCpu,1800,3.0111111111111113e-05,0.0,0.0001,0.0001,0.0
cached,512,2.0,cluster16,gridUploadCpu,1800,3.0500000000000003e-05,0.0,0.0001,0.0001,0.0
cached,512,2.0,cluster16,gridBoundsCpu,0,0.0,0.0,0.0,0.0,0.0
cached,512,2.0,cluster16,gridCountCpu,0,0.0,0.0,0.0,0.0,0.0
cached,512,2.0,cluster16,gridPrefixCpu,0,0.0,0.0,0.0,0.0,0.0
cached,512,2.0,cluster16,gridFillCpu,0,0.0,0.0,0.0,0.0,0.0
cached,512,2.5,tile16,wallFrame,1800,2.921161277777778,2.9169,3.32837,3.50134,2.91495
cached,512,2.5,tile16,cpuFrame,1800,2.9133307222222227,2.9099500000000003,3.31933,3.493055,2.9078999999999997
cached,512,2.5,tile16,gpuFrame,1800,1.7255545422222223,1.664768,2.0569887999999996,2.29235456,1.664336
cached,512,2.5,tile16,gridLightingCpu,1800,0.0028925,0.0027,0.0037,0.005200999999999999,0.0027
cached,512,2.5,tile16,gridLightingGpu,1800,1.0139513066666666,0.98656,1.2286,1.4704444799999998,0.986336
cached,512,2.5,tile16,cacheCheckCpu,1800,0.028271944444444443,0.0276,0.032,0.037801,0.0277
cached,512,2.5,tile16,gridBuildCpu,1800,3.227777777777778e-05,0.0,0.0001,0.0001,0.0
cached,512,2.5,tile16,gridUploadCpu,1800,3.2444444444444446e-05,0.0,0.0001,0.0001,0.0
cached,512,2.5,tile16,gridBoundsCpu,0,0.0,0.0,0.0,0.0,0.0
cached,512,2.5,tile16,gridCountCpu,0,0.0,0.0,0.0,0.0,0.0
cached,512,2.5,tile16,gridPrefixCpu,0,0.0,0.0,0.0,0.0,0.0
cached,512,2.5,tile16,gridFillCpu,0,0.0,0.0,0.0,0.0,0.0
cached,512,2.5,cluster16,wallFrame,1800,2.487452888888889,2.4314,2.936235,3.1392349999999998,2.43675
cached,512,2.5,cluster16,cpuFrame,1800,2.479495277777778,2.42445,2.9299299999999997,3.1330279999999995,2.42915
cached,512,2.5,cluster16,gpuFrame,1800,1.3817517866666664,1.330112,1.6678864,1.82548736,1.330448
cached,512,2.5,cluster16,gridLightingCpu,1800,0.002699888888888889,0.0025,0.0033,0.0049,0.0025
cached,512,2.5,cluster16,gridLightingGpu,1800,0.6787791822222222,0.65648,0.8308032,1.07881024,0.65632
cached,512,2.5,cluster16,cacheCheckCpu,1800,0.028417666666666667,0.0276,0.0321,0.03523699999999997,0.0276
cached,512,2.5,cluster16,gridBuildCpu,1800,3.233333333333333e-05,0.0,0.0001,0.0001,0.0
cached,512,2.5,cluster16,gridUploadCpu,1800,3.705555555555556e-05,0.0,0.0001,0.0001,0.0
cached,512,2.5,cluster16,gridBoundsCpu,0,0.0,0.0,0.0,0.0,0.0
cached,512,2.5,cluster16,gridCountCpu,0,0.0,0.0,0.0,0.0,0.0
cached,512,2.5,cluster16,gridPrefixCpu,0,0.0,0.0,0.0,0.0,0.0
cached,512,2.5,cluster16,gridFillCpu,0,0.0,0.0,0.0,0.0,0.0
cached,512,3.0,tile16,wallFrame,1800,3.405848444444444,3.40225,3.8475,4.035331,3.4028
cached,512,3.0,tile16,cpuFrame,1800,3.398058,3.39535,3.84034,4.027842,3.396
cached,512,3.0,tile16,gpuFrame,1800,2.314277048888889,2.279808,2.6827616,2.8690672,2.281552
cached,512,3.0,tile16,gridLightingCpu,1800,0.0027363888888888885,0.0026,0.0034,0.004200999999999999,0.0026
cached,512,3.0,tile16,gridLightingGpu,1800,1.4875699733333334,1.423392,1.8902687999999999,2.1453968000000003,1.422896
cached,512,3.0,tile16,cacheCheckCpu,1800,0.028076444444444442,0.0276,0.0311,0.033,0.0275
cached,512,3.0,tile16,gridBuildCpu,1800,3.2166666666666665e-05,0.0,0.0001,0.0001,0.0
cached,512,3.0,tile16,gridUploadCpu,1800,3.188888888888889e-05,0.0,0.0001,0.0001,0.0
cached,512,3.0,tile16,gridBoundsCpu,0,0.0,0.0,0.0,0.0,0.0
cached,512,3.0,tile16,gridCountCpu,0,0.0,0.0,0.0,0.0,0.0
cached,512,3.0,tile16,gridPrefixCpu,0,0.0,0.0,0.0,0.0,0.0
cached,512,3.0,tile16,gridFillCpu,0,0.0,0.0,0.0,0.0,0.0
cached,512,3.0,cluster16,wallFrame,1800,2.9753749999999997,2.9714,3.3612100000000003,3.5478140000000002,2.9762
cached,512,3.0,cluster16,cpuFrame,1800,2.9676945,2.9638,3.353525,3.5407010000000003,2.96785
cached,512,3.0,cluster16,gpuFrame,1800,1.7739769422222222,1.71872,2.1021072,2.3338572799999997,1.71928
cached,512,3.0,cluster16,gridLightingCpu,1800,0.0027605,0.0026,0.0034,0.0044,0.0026
cached,512,3.0,cluster16,gridLightingGpu,1800,1.061298471111111,1.039904,1.2290767999999999,1.48186336,1.039552
cached,512,3.0,cluster16,cacheCheckCpu,1800,0.028273555555555552,0.0276,0.032,0.033302,0.0276
cached,512,3.0,cluster16,gridBuildCpu,1800,3.222222222222222e-05,0.0,0.0001,0.0001,0.0
cached,512,3.0,cluster16,gridUploadCpu,1800,2.9277777777777785e-05,0.0,0.0001,0.0001,0.0
cached,512,3.0,cluster16,gridBoundsCpu,0,0.0,0.0,0.0,0.0,0.0
cached,512,3.0,cluster16,gridCountCpu,0,0.0,0.0,0.0,0.0,0.0
cached,512,3.0,cluster16,gridPrefixCpu,0,0.0,0.0,0.0,0.0,0.0
cached,512,3.0,cluster16,gridFillCpu,0,0.0,0.0,0.0,0.0,0.0
cached,512,4.0,tile16,wallFrame,1800,4.821986055555556,4.820600000000001,5.27813,5.5014579999999995,4.80945
cached,512,4.0,tile16,cpuFrame,1800,4.814338111111112,4.8134,5.267149999999999,5.493166,4.80245
cached,512,4.0,tile16,gpuFrame,1800,3.638662382222222,3.654096,4.0000608,4.18088192,3.644288
cached,512,4.0,tile16,gridLightingCpu,1800,0.0030851111111111114,0.0029,0.004,0.005500999999999999,0.0029
cached,512,4.0,tile16,gridLightingGpu,1800,2.8756105955555555,2.860336,3.2312608,3.38599072,2.856448
cached,512,4.0,tile16,cacheCheckCpu,1800,0.02868311111111111,0.0278,0.032205,0.041502,0.0279
cached,512,4.0,tile16,gridBuildCpu,1800,3.316666666666667e-05,0.0,0.0001,0.0001,0.0
cached,512,4.0,tile16,gridUploadCpu,1800,3.0944444444444444e-05,0.0,0.0001,0.0001,0.0
cached,512,4.0,tile16,gridBoundsCpu,0,0.0,0.0,0.0,0.0,0.0
cached,512,4.0,tile16,gridCountCpu,0,0.0,0.0,0.0,0.0,0.0
cached,512,4.0,tile16,gridPrefixCpu,0,0.0,0.0,0.0,0.0,0.0
cached,512,4.0,tile16,gridFillCpu,0,0.0,0.0,0.0,0.0,0.0
cached,512,4.0,cluster16,wallFrame,1800,4.134139555555556,4.1480999999999995,4.550315,4.722416,4.14955
cached,512,4.0,cluster16,cpuFrame,1800,4.126391722222222,4.1406,4.54162,4.711852,4.142049999999999
cached,512,4.0,cluster16,gpuFrame,1800,3.0179369244444447,3.004912,3.3428367999999997,3.51923776,3.0022080000000004
cached,512,4.0,cluster16,gridLightingCpu,1800,0.0028682777777777778,0.0027,0.0034,0.0057,0.0027
cached,512,4.0,cluster16,gridLightingGpu,1800,2.286282257777778,2.305056,2.6234736,2.7984063999999997,2.30192
cached,512,4.0,cluster16,cacheCheckCpu,1800,0.028773222222222224,0.0277,0.0324,0.0535,0.0278
cached,512,4.0,cluster16,gridBuildCpu,1800,3.0333333333333333e-05,0.0,0.0001,0.0001,0.0
cached,512,4.0,cluster16,gridUploadCpu,1800,3.1722222222222224e-05,0.0,0.0001,0.0001,0.0
cached,512,4.0,cluster16,gridBoundsCpu,0,0.0,0.0,0.0,0.0,0.0
cached,512,4.0,cluster16,gridCountCpu,0,0.0,0.0,0.0,0.0,0.0
cached,512,4.0,cluster16,gridPrefixCpu,0,0.0,0.0,0.0,0.0,0.0
cached,512,4.0,cluster16,gridFillCpu,0,0.0,0.0,0.0,0.0,0.0
cached,512,5.0,tile16,wallFrame,1800,6.520885555555556,6.49385,7.123205,7.4301449999999996,6.49095
cached,512,5.0,tile16,cpuFrame,1800,6.513455944444444,6.48635,7.11621,7.422950999999999,6.482100000000001
cached,512,5.0,tile16,gpuFrame,1800,5.287993155555555,5.287984,5.7559024,5.995227519999999,5.277504
cached,512,5.0,tile16,gridLightingCpu,1800,0.0031855555555555556,0.003,0.004,0.006201999999999998,0.0029
cached,512,5.0,tile16,gridLightingGpu,1800,4.456760071111111,4.491664,4.8909872000000005,5.06856992,4.475392
cached,512,5.0,tile16,cacheCheckCpu,1800,0.029126444444444444,0.0282,0.0328,0.053801,0.0282
cached,512,5.0,tile16,gridBuildCpu,1800,3.1611111111111115e-05,0.0,0.0001,0.0001,0.0
cached,512,5.0,tile16,gridUploadCpu,1800,3.194444444444445e-05,0.0,0.0001,0.0001,0.0
cached,512,5.0,tile16,gridBoundsCpu,0,0.0,0.0,0.0,0.0,0.0
cached,512,5.0,tile16,gridCountCpu,0,0.0,0.0,0.0,0.0,0.0
cached,512,5.0,tile16,gridPrefixCpu,0,0.0,0.0,0.0,0.0,0.0
cached,512,5.0,tile16,gridFillCpu,0,0.0,0.0,0.0,0.0,0.0
cached,512,5.0,cluster16,wallFrame,1800,5.7732213888888895,5.75295,6.362805,6.584592,5.75215
cached,512,5.0,cluster16,cpuFrame,1800,5.76564311111111,5.744300000000001,6.354875,6.575008,5.7431
cached,512,5.0,cluster16,gpuFrame,1800,4.588366346666666,4.6118559999999995,5.0592288,5.24592672,4.61936
cached,512,5.0,cluster16,gridLightingCpu,1800,0.0030550555555555556,0.0029,0.0037,0.006401,0.0029
cached,512,5.0,cluster16,gridLightingGpu,1800,3.7830931022222223,3.782624,4.204852799999999,4.414329919999999,3.779696
cached,512,5.0,cluster16,cacheCheckCpu,1800,0.02924622222222222,0.0279,0.0325,0.05531499999999999,0.0279
cached,512,5.0,cluster16,gridBuildCpu,1800,3.2111111111111114e-05,0.0,0.0001,0.0001,0.0
cached,512,5.0,cluster16,gridUploadCpu,1800,2.9833333333333335e-05,0.0,0.0001,0.0001,0.0
cached,512,5.0,cluster16,gridBoundsCpu,0,0.0,0.0,0.0,0.0,0.0
cached,512,5.0,cluster16,gridCountCpu,0,0.0,0.0,0.0,0.0,0.0
cached,512,5.0,cluster16,gridPrefixCpu,0,0.0,0.0,0.0,0.0,0.0
cached,512,5.0,cluster16,gridFillCpu,0,0.0,0.0,0.0,0.0,0.0
cached,512,6.0,tile16,wallFrame,1800,7.8143788333333335,7.780200000000001,8.440315,8.715707,7.79715
cached,512,6.0,tile16,cpuFrame,1800,7.80671288888889,7.77145,8.433605,8.709112,7.7905
cached,512,6.0,tile16,gpuFrame,1800,6.638025742222223,6.587567999999999,7.149838399999999,7.42387744,6.595152000000001
cached,512,6.0,tile16,gridLightingCpu,1800,0.00319,0.003,0.0038,0.006000999999999999,0.0029
cached,512,6.0,tile16,gridLightingGpu,1800,5.717044639999999,5.69376,6.171632,6.5329711999999995,5.695152
cached,512,6.0,tile16,cacheCheckCpu,1800,0.028807444444444445,0.028,0.0319,0.04404099999999996,0.028
cached,512,6.0,tile16,gridBuildCpu,1800,2.961111111111111e-05,0.0,0.0001,0.0001,0.0
cached,512,6.0,tile16,gridUploadCpu,1800,3.0444444444444445e-05,0.0,0.0001,0.0001,0.0
cached,512,6.0,tile16,gridBoundsCpu,0,0.0,0.0,0.0,0.0,0.0
cached,512,6.0,tile16,gridCountCpu,0,0.0,0.0,0.0,0.0,0.0
cached,512,6.0,tile16,gridPrefixCpu,0,0.0,0.0,0.0,0.0,0.0
cached,512,6.0,tile16,gridFillCpu,0,0.0,0.0,0.0,0.0,0.0
cached,512,6.0,cluster16,wallFrame,1800,7.1780331111111115,7.152,7.74843,8.041846,7.1575500000000005
cached,512,6.0,cluster16,cpuFrame,1800,7.170413444444445,7.145,7.74214,8.035641,7.1515
cached,512,6.0,cluster16,gpuFrame,1800,6.002721155555555,5.96344,6.444991999999999,6.66703296,5.973488
cached,512,6.0,cluster16,gridLightingCpu,1800,0.003306333333333333,0.003,0.0038,0.006500999999999999,0.0031
cached,512,6.0,cluster16,gridLightingGpu,1800,5.098954897777779,5.113376,5.5422272,5.71572064,5.11384
cached,512,6.0,cluster16,cacheCheckCpu,1800,0.028829555555555556,0.028,0.032005,0.049704,0.028
cached,512,6.0,cluster16,gridBuildCpu,1800,2.9111111111111112e-05,0.0,0.0001,0.0001,0.0
cached,512,6.0,cluster16,gridUploadCpu,1800,3.0722222222222227e-05,0.0,0.0001,0.0001,0.0
cached,512,6.0,cluster16,gridBoundsCpu,0,0.0,0.0,0.0,0.0,0.0
cached,512,6.0,cluster16,gridCountCpu,0,0.0,0.0,0.0,0.0,0.0
cached,512,6.0,cluster16,gridPrefixCpu,0,0.0,0.0,0.0,0.0,0.0
cached,512,6.0,cluster16,gridFillCpu,0,0.0,0.0,0.0,0.0,0.0
cached,512,8.0,tile16,wallFrame,1800,9.950172833333333,9.9256,10.702919999999999,11.040888,9.94105
cached,512,8.0,tile16,cpuFrame,1800,9.942567944444447,9.9173,10.695345,11.033383,9.93295
cached,512,8.0,tile16,gpuFrame,1800,8.75568497777778,8.725888,9.465784,9.789571200000001,8.745712000000001
cached,512,8.0,tile16,gridLightingCpu,1800,0.003337388888888889,0.0032,0.004,0.006401,0.0031
cached,512,8.0,tile16,gridLightingGpu,1800,7.88293512888889,7.796768,8.6473952,8.98165728,7.822736
cached,512,8.0,tile16,cacheCheckCpu,1800,0.028900222222222223,0.028,0.031305,0.0528,0.028
cached,512,8.0,tile16,gridBuildCpu,1800,3.1333333333333334e-05,0.0,0.0001,0.0001,0.0
cached,512,8.0,tile16,gridUploadCpu,1800,3.111111111111111e-05,0.0,0.0001,0.0001,0.0
cached,512,8.0,tile16,gridBoundsCpu,0,0.0,0.0,0.0,0.0,0.0
cached,512,8.0,tile16,gridCountCpu,0,0.0,0.0,0.0,0.0,0.0
cached,512,8.0,tile16,gridPrefixCpu,0,0.0,0.0,0.0,0.0,0.0
cached,512,8.0,tile16,gridFillCpu,0,0.0,0.0,0.0,0.0,0.0
cached,512,8.0,cluster16,wallFrame,1800,9.301842444444445,9.267,10.04487,10.446447000000001,9.25835
cached,512,8.0,cluster16,cpuFrame,1800,9.294063444444445,9.25915,10.038079999999999,10.43974,9.250900000000001
cached,512,8.0,cluster16,gpuFrame,1800,8.123609404444444,8.079087999999999,8.8141712,9.19537856,8.078192000000001
cached,512,8.0,cluster16,gridLightingCpu,1800,0.0032482222222222222,0.0031,0.0039,0.0063,0.0031
cached,512,8.0,cluster16,gridLightingGpu,1800,7.161907911111111,7.049824,7.864595199999999,8.34383712,7.050800000000001
cached,512,8.0,cluster16,cacheCheckCpu,1800,0.029062777777777778,0.028,0.0328,0.054601000000000004,0.028
cached,512,8.0,cluster16,gridBuildCpu,1800,3.011111111111111e-05,0.0,0.0001,0.0001,0.0
cached,512,8.0,cluster16,gridUploadCpu,1800,3.1e-05,0.0,0.0001,0.0001,0.0
cached,512,8.0,cluster16,gridBoundsCpu,0,0.0,0.0,0.0,0.0,0.0
cached,512,8.0,cluster16,gridCountCpu,0,0.0,0.0,0.0,0.0,0.0
cached,512,8.0,cluster16,gridPrefixCpu,0,0.0,0.0,0.0,0.0,0.0
cached,512,8.0,cluster16,gridFillCpu,0,0.0,0.0,0.0,0.0,0.0
cached,512,10.0,tile16,wallFrame,1800,11.372456944444444,11.334,12.20261,12.648852,11.344000000000001
cached,512,10.0,tile16,cpuFrame,1800,11.364629166666667,11.325849999999999,12.195215,12.641748,11.33735
cached,512,10.0,tile16,gpuFrame,1800,10.154007093333334,10.116736,10.8844304,11.362565440000001,10.117296
cached,512,10.0,tile16,gridLightingCpu,1800,0.003249722222222222,0.003,0.004,0.006800999999999999,0.0031
cached,512,10.0,tile16,gridLightingGpu,1800,9.272503857777778,9.233024,10.0110592,10.42055424,9.22904
cached,512,10.0,tile16,cacheCheckCpu,1800,0.02904316666666667,0.0281,0.0319,0.042601999999999994,0.0281
cached,512,10.0,tile16,gridBuildCpu,1800,3.077777777777778e-05,0.0,0.0001,0.0001,0.0
cached,512,10.0,tile16,gridUploadCpu,1800,2.8666666666666668e-05,0.0,0.0001,0.0001,0.0
cached,512,10.0,tile16,gridBoundsCpu,0,0.0,0.0,0.0,0.0,0.0
cached,512,10.0,tile16,gridCountCpu,0,0.0,0.0,0.0,0.0,0.0
cached,512,10.0,tile16,gridPrefixCpu,0,0.0,0.0,0.0,0.0,0.0
cached,512,10.0,tile16,gridFillCpu,0,0.0,0.0,0.0,0.0,0.0
cached,512,10.0,cluster16,wallFrame,1800,10.911052555555555,10.89935,11.694535,12.03423,10.89115
cached,512,10.0,cluster16,cpuFrame,1800,10.90310527777778,10.891200000000001,11.68683,12.025533999999999,10.8838
cached,512,10.0,cluster16,gpuFrame,1800,9.710862702222222,9.663184000000001,10.4092416,10.800536639999999,9.643792000000001
cached,512,10.0,cluster16,gridLightingCpu,1800,0.0031941666666666668,0.003,0.0038,0.0056,0.0031
cached,512,10.0,cluster16,gridLightingGpu,1800,8.846062435555556,8.808143999999999,9.5750912,9.900697599999999,8.784064
cached,512,10.0,cluster16,cacheCheckCpu,1800,0.028792666666666664,0.028,0.030604999999999993,0.051019999999999975,0.028
cached,512,10.0,cluster16,gridBuildCpu,1800,5.555555555555556e-05,0.0,0.0001,0.0001,0.0
cached,512,10.0,cluster16,gridUploadCpu,1800,3.2e-05,0.0,0.0001,0.0001,0.0
cached,512,10.0,cluster16,gridBoundsCpu,0,0.0,0.0,0.0,0.0,0.0
cached,512,10.0,cluster16,gridCountCpu,0,0.0,0.0,0.0,0.0,0.0
cached,512,10.0,cluster16,gridPrefixCpu,0,0.0,0.0,0.0,0.0,0.0
cached,512,10.0,cluster16,gridFillCpu,0,0.0,0.0,0.0,0.0,0.0
cached,512,12.0,tile16,wallFrame,1800,12.419459111111113,12.3967,13.317335,13.886735,12.3997
cached,512,12.0,tile16,cpuFrame,1800,12.411706833333334,12.389399999999998,13.302985,13.880925000000001,12.39335
cached,512,12.0,tile16,gpuFrame,1800,11.161585973333333,11.116672000000001,11.994856,12.50834528,11.10696
cached,512,12.0,tile16,gridLightingCpu,1800,0.0033703333333333333,0.0032,0.0039,0.006201999999999998,0.0031
cached,512,12.0,tile16,gridLightingGpu,1800,10.280179342222223,10.224384,11.146655999999998,11.676930559999999,10.211776
cached,512,12.0,tile16,cacheCheckCpu,1800,0.028866555555555555,0.028,0.030904999999999995,0.043604,0.028
cached,512,12.0,tile16,gridBuildCpu,1800,3.216666666666667e-05,0.0,0.0001,0.0001,0.0
cached,512,12.0,tile16,gridUploadCpu,1800,3.055555555555556e-05,0.0,0.0001,0.0001,0.0
cached,512,12.0,tile16,gridBoundsCpu,0,0.0,0.0,0.0,0.0,0.0
cached,512,12.0,tile16,gridCountCpu,0,0.0,0.0,0.0,0.0,0.0
cached,512,12.0,tile16,gridPrefixCpu,0,0.0,0.0,0.0,0.0,0.0
cached,512,12.0,tile16,gridFillCpu,0,0.0,0.0,0.0,0.0,0.0
cached,512,12.0,cluster16,wallFrame,1800,12.186438444444446,12.145299999999999,13.048919999999999,13.582016000000001,12.12065
cached,512,12.0,cluster16,cpuFrame,1800,12.178840333333333,12.13885,13.038095,13.575308,12.1129
cached,512,12.0,cluster16,gpuFrame,1800,10.94287488,10.893376,11.709011199999999,12.162984,10.88312
cached,512,12.0,cluster16,gridLightingCpu,1800,0.0032975,0.0031,0.004,0.0068,0.0031
cached,512,12.0,cluster16,gridLightingGpu,1800,10.073410008888889,10.018016,10.8165328,11.304994559999999,10.016816
cached,512,12.0,cluster16,cacheCheckCpu,1800,0.02923477777777778,0.0282,0.0319,0.04642399999999997,0.0282
cached,512,12.0,cluster16,gridBuildCpu,1800,3.0444444444444445e-05,0.0,0.0001,0.0001,0.0
cached,512,12.0,cluster16,gridUploadCpu,1800,2.6944444444444445e-05,0.0,0.0001,0.0001,0.0
cached,512,12.0,cluster16,gridBoundsCpu,0,0.0,0.0,0.0,0.0,0.0
cached,512,12.0,cluster16,gridCountCpu,0,0.0,0.0,0.0,0.0,0.0
cached,512,12.0,cluster16,gridPrefixCpu,0,0.0,0.0,0.0,0.0,0.0
cached,512,12.0,cluster16,gridFillCpu,0,0.0,0.0,0.0,0.0,0.0
rebuild,32,1.5,tile16,wallFrame,1800,2.272851722222222,2.2285,2.696745,2.9705489999999997,2.2311
rebuild,32,1.5,tile16,cpuFrame,1800,2.2655591666666663,2.22105,2.68976,2.963657,2.22445
rebuild,32,1.5,tile16,gpuFrame,1800,1.1556229866666667,1.111664,1.4156703999999998,1.6153980799999998,1.1152959999999998
rebuild,32,1.5,tile16,gridLightingCpu,1800,0.004258333333333334,0.0036,0.0072,0.008901,0.0035
rebuild,32,1.5,tile16,gridLightingGpu,1800,0.08856444444444445,0.085312,0.08883839999999998,0.23705407999999997,0.085312
rebuild,32,1.5,tile16,cacheCheckCpu,1800,0.0019722777777777777,0.0019,0.0023,0.0027,0.0019
rebuild,32,1.5,tile16,gridBuildCpu,1800,1.3697596666666667,1.3517,1.6843399999999997,1.883754,1.34925
rebuild,32,1.5,tile16,gridUploadCpu,1800,0.005463333333333333,0.0051,0.0076,0.011904999999999995,0.0051
rebuild,32,1.5,tile16,gridBoundsCpu,1800,0.5434378888888889,0.53415,0.6059849999999999,0.719901,0.5285
rebuild,32,1.5,tile16,gridCountCpu,1800,0.012474055555555554,0.012,0.0137,0.0243,0.0119
rebuild,32,1.5,tile16,gridPrefixCpu,1800,0.010549999999999999,0.0102,0.0116,0.016900999999999996,0.0102
rebuild,32,1.5,tile16,gridFillCpu,1800,0.027738444444444444,0.0269,0.0305,0.04541299999999999,0.0269
rebuild,32,1.5,cluster16,wallFrame,1800,3.918826722222222,3.8724,4.32075,4.60564,3.8656499999999996
rebuild,32,1.5,cluster16,cpuFrame,1800,3.911649833333333,3.8654,4.3115,4.600130999999999,3.8588500000000003
rebuild,32,1.5,cluster16,gpuFrame,1800,2.7704768533333333,2.734064,3.0547264,3.27583456,2.735008
rebuild,32,1.5,cluster16,gridLightingCpu,1800,0.006194611111111112,0.0061,0.0094,0.012001,0.0062
rebuild,32,1.5,cluster16,gridLightingGpu,1800,0.08228471111111112,0.079424,0.0837136,0.22560032,0.079472
rebuild,32,1.5,cluster16,cacheCheckCpu,1800,0.002018222222222222,0.0019,0.0024,0.003,0.0019
rebuild,32,1.5,cluster16,gridBuildCpu,1800,2.855873222222222,2.8192500000000003,3.187045,3.393605,2.82135
rebuild,32,1.5,cluster16,gridUploadCpu,1800,0.05087627777777778,0.0478,0.07221,0.10793099999999997,0.0473
rebuild,32,1.5,cluster16,gridBoundsCpu,1800,0.5482980555555556,0.5352,0.620315,0.717455,0.5294
rebuild,32,1.5,cluster16,gridCountCpu,1800,0.05484972222222222,0.0515,0.06681,0.10733499999999997,0.0515
rebuild,32,1.5,cluster16,gridPrefixCpu,1800,0.17503272222222221,0.1691,0.20642,0.29151799999999994,0.1689
rebuild,32,1.5,cluster16,gridFillCpu,1800,0.15156222222222224,0.1451,0.19491999999999998,0.267508,0.14495
rebuild,32,3.0,tile16,wallFrame,1800,3.8248954444444445,3.7786999999999997,4.260745,4.593825,3.7977
rebuild,32,3.0,tile16,cpuFrame,1800,3.817544055555555,3.7718,4.253435,4.587617,3.7904999999999998
rebuild,32,3.0,tile16,gpuFrame,1800,2.6834966044444446,2.65504,2.9727471999999997,3.18139488,2.663056
rebuild,32,3.0,tile16,gridLightingCpu,1800,0.006080444444444444,0.0058,0.0093,0.012702999999999997,0.0058
rebuild,32,3.0,tile16,gridLightingGpu,1800,0.16592403555555557,0.161888,0.1649952,0.32448288,0.161824
rebuild,32,3.0,tile16,cacheCheckCpu,1800,0.0020614444444444443,0.0019,0.0023,0.0028009999999999992,0.0019
rebuild,32,3.0,tile16,gridBuildCpu,1800,2.8069991666666665,2.7916499999999997,3.1560099999999998,3.352511,2.786
rebuild,32,3.0,tile16,gridUploadCpu,1800,0.01730788888888889,0.0152,0.0291,0.041504,0.0152
rebuild,32,3.0,tile16,gridBoundsCpu,1800,1.3836514444444443,1.3619,1.5165,1.6750749999999999,1.3503500000000002
rebuild,32,3.0,tile16,gridCountCpu,1800,0.05977572222222222,0.0573,0.069,0.11251799999999999,0.0572
rebuild,32,3.0,tile16,gridPrefixCpu,1800,0.010051166666666668,0.0097,0.0112,0.0185,0.0097
rebuild,32,3.0,tile16,gridFillCpu,1800,0.2233686111111111,0.2174,0.26081999999999994,0.33974699999999997,0.2178
rebuild,32,3.0,cluster16,wallFrame,1800,9.057847666666667,9.02665,9.576475,9.925799000000001,9.02785
rebuild,32,3.0,cluster16,cpuFrame,1800,9.050616944444444,9.0199,9.569665,9.920988999999999,9.0216
rebuild,32,3.0,cluster16,gpuFrame,1800,7.882094382222221,7.8424320000000005,8.3231472,8.6455072,7.8396
rebuild,32,3.0,cluster16,gridLightingCpu,1800,0.009513555555555555,0.0093,0.0113,0.019606999999999992,0.0093
rebuild,32,3.0,cluster16,gridLightingGpu,1800,0.1477081955555556,0.142944,0.15568320000000002,0.30476928,0.142656
rebuild,32,3.0,cluster16,cacheCheckCpu,1800,0.0022105000000000002,0.002,0.0027,0.0036,0.0021
rebuild,32,3.0,cluster16,gridBuildCpu,1800,7.112190944444444,7.08845,7.5370349999999995,7.768375,7.08135
rebuild,32,3.0,cluster16,gridUploadCpu,1800,0.41897294444444444,0.4066,0.526515,0.6257469999999999,0.40725
rebuild,32,3.0,cluster16,gridBoundsCpu,1800,1.3870330555555554,1.3656,1.5281,1.6803569999999999,1.35235
rebuild,32,3.0,cluster16,gridCountCpu,1800,0.36781355555555556,0.3577,0.429405,0.522183,0.3572
rebuild,32,3.0,cluster16,gridPrefixCpu,1800,0.16804088888888888,0.1635,0.198705,0.28424099999999997,0.1647
rebuild,32,3.0,cluster16,gridFillCpu,1800,1.1862817777777777,1.1709,1.3171249999999999,1.457009,1.17355
rebuild,32,6.0,tile16,wallFrame,1800,5.550861333333334,5.52195,5.932849999999999,6.233619,5.5098
rebuild,32,6.0,tile16,cpuFrame,1800,5.5436782777777776,5.51515,5.926435,6.2260290000000005,5.50215
rebuild,32,6.0,tile16,gpuFrame,1800,4.4319469866666665,4.405488,4.7521824,5.00887904,4.400608
rebuild,32,6.0,tile16,gridLightingCpu,1800,0.007083000000000001,0.0068,0.0098,0.01390899999999999,0.007
rebuild,32,6.0,tile16,gridLightingGpu,1800,0.3578853155555556,0.347488,0.353096,0.6793340800000001,0.347456
rebuild,32,6.0,tile16,cacheCheckCpu,1800,0.002060666666666667,0.0019,0.0025,0.0031,0.0019
rebuild,32,6.0,tile16,gridBuildCpu,1800,4.488778277777778,4.4884,4.85535,5.1165210000000005,4.4966
rebuild,32,6.0,tile16,gridUploadCpu,1800,0.029251222222222224,0.0256,0.046704999999999997,0.074304,0.0258
rebuild,32,6.0,tile16,gridBoundsCpu,1800,2.249602111111111,2.22335,2.4271649999999996,2.583615,2.2112499999999997
rebuild,32,6.0,tile16,gridCountCpu,1800,0.11054444444444446,0.1071,0.12311,0.19002199999999997,0.107
rebuild,32,6.0,tile16,gridPrefixCpu,1800,0.009788777777777776,0.0096,0.0107,0.015801,0.0096
rebuild,32,6.0,tile16,gridFillCpu,1800,0.4761666111111111,0.4644,0.5490050000000001,0.659825,0.46505
rebuild,32,6.0,cluster16,wallFrame,1800,17.979533777777778,17.9555,18.691760000000002,19.048905,17.90305
rebuild,32,6.0,cluster16,cpuFrame,1800,17.97213027777778,17.9483,18.68389,19.042107,17.89665
rebuild,32,6.0,cluster16,gpuFrame,1800,16.840646524444445,16.812256,17.4868128,17.88329152,16.774528
rebuild,32,6.0,cluster16,gridLightingCpu,1800,0.011414111111111111,0.0103,0.0138,0.0388,0.0104
rebuild,32,6.0,cluster16,gridLightingGpu,1800,0.3327932444444444,0.323552,0.3363055999999999,0.56565344,0.323744
rebuild,32,6.0,cluster16,cacheCheckCpu,1800,0.0021397777777777773,0.002,0.0027,0.0035,0.002
rebuild,32,6.0,cluster16,gridBuildCpu,1800,14.990651611111112,14.9768,15.55851,15.888288999999999,14.942350000000001
rebuild,32,6.0,cluster16,gridUploadCpu,1800,0.9694603888888889,0.93425,1.206915,1.377229,0.9237500000000001
rebuild,32,6.0,cluster16,gridBoundsCpu,1800,2.224414833333333,2.1936,2.366955,2.5312360000000003,2.19345
rebuild,32,6.0,cluster16,gridCountCpu,1800,0.8880339444444444,0.8573,1.029745,1.1679089999999999,0.8542
rebuild,32,6.0,cluster16,gridPrefixCpu,1800,0.18069505555555557,0.17,0.239415,0.29793,0.1694
rebuild,32,6.0,cluster16,gridFillCpu,1800,4.264798777777778,4.23415,4.551915,4.774494,4.22955
rebuild,32,12.0,tile16,wallFrame,1800,6.698085611111111,6.662050000000001,7.11128,7.491725,6.6587
rebuild,32,12.0,tile16,cpuFrame,1800,6.6910126666666665,6.6552500000000006,7.1041549999999996,7.485423,6.65105
rebuild,32,12.0,tile16,gpuFrame,1800,5.5616112,5.532032,5.8884656,6.25608448,5.51816
rebuild,32,12.0,tile16,gridLightingCpu,1800,0.008462944444444445,0.0081,0.011504999999999994,0.019711999999999986,0.0084
rebuild,32,12.0,tile16,gridLightingGpu,1800,0.579818311111111,0.566368,0.7009423999999996,0.90576672,0.566432
rebuild,32,12.0,tile16,cacheCheckCpu,1800,0.002069722222222222,0.0019,0.0025,0.0032,0.002
rebuild,32,12.0,tile16,gridBuildCpu,1800,5.567083388888889,5.582649999999999,5.9844349999999995,6.27562,5.5899
rebuild,32,12.0,tile16,gridUploadCpu,1800,0.037906611111111106,0.034,0.06000999999999999,0.092706,0.03465
rebuild,32,12.0,tile16,gridBoundsCpu,1800,2.776591611111111,2.74505,2.95905,3.22261,2.7442
rebuild,32,12.0,tile16,gridCountCpu,1800,0.14101066666666667,0.1354,0.16931,0.23634999999999998,0.1349
rebuild,32,12.0,tile16,gridPrefixCpu,1800,0.010247611111111112,0.0099,0.0113,0.017902999999999995,0.0101
rebuild,32,12.0,tile16,gridFillCpu,1800,0.6025391666666668,0.5866,0.71052,0.818828,0.5848
rebuild,32,12.0,cluster16,wallFrame,1800,31.621558499999995,31.5054,32.819849999999995,33.798106,31.48655
rebuild,32,12.0,cluster16,cpuFrame,1800,31.614167166666665,31.4984,32.811535,33.791008999999995,31.479
rebuild,32,12.0,cluster16,gpuFrame,1800,30.445391804444444,30.334336,31.51268,32.58118464,30.309296
rebuild,32,12.0,cluster16,gridLightingCpu,1800,0.010351722222222222,0.0099,0.0118,0.022119999999999983,0.01
rebuild,32,12.0,cluster16,gridLightingGpu,1800,0.5934279288888888,0.570336,0.7273328,0.90418176,0.5707679999999999
rebuild,32,12.0,cluster16,cacheCheckCpu,1800,0.002117611111111111,0.002,0.0027,0.003400999999999999,0.002
rebuild,32,12.0,cluster16,gridBuildCpu,1800,27.303567777777783,27.22215,28.269435,29.108386,27.188049999999997
rebuild,32,12.0,cluster16,gridUploadCpu,1800,1.7402507222222223,1.7006000000000001,1.97292,2.199057,1.7066
rebuild,32,12.0,cluster16,gridBoundsCpu,1800,2.7946756666666666,2.7627,2.9952,3.177931,2.7645
rebuild,32,12.0,cluster16,gridCountCpu,1800,1.6071180555555555,1.5738,1.7708,1.896971,1.57295
rebuild,32,12.0,cluster16,gridPrefixCpu,1800,0.17366788888888887,0.1684,0.210505,0.281021,0.16945
rebuild,32,12.0,cluster16,gridFillCpu,1800,10.143566722222221,10.0566,10.928904999999999,11.795527,10.081
rebuild,64,1.5,tile16,wallFrame,1800,3.0347102222222224,2.9791499999999997,3.57969,4.110494,2.9755000000000003
rebuild,64,1.5,tile16,cpuFrame,1800,3.027386777777778,2.97175,3.57316,4.103501,2.9696499999999997
rebuild,64,1.5,tile16,gpuFrame,1800,1.8844167644444443,1.8460800000000002,2.1909759999999996,2.4122252800000004,1.839152
rebuild,64,1.5,tile16,gridLightingCpu,1800,0.005245444444444444,0.0048,0.009,0.013101,0.0047
rebuild,64,1.5,tile16,gridLightingGpu,1800,0.11332634666666665,0.10768,0.11309119999999999,0.27228991999999996,0.10768
rebuild,64,1.5,tile16,cacheCheckCpu,1800,0.0037589444444444445,0.0036,0.0042,0.004800999999999999,0.0036
rebuild,64,1.5,tile16,gridBuildCpu,1800,2.047052611111111,2.03635,2.3497149999999998,2.549118,2.032
rebuild,64,1.5,tile16,gridUploadCpu,1800,0.009764444444444445,0.0084,0.016104999999999994,0.0302,0.0084
rebuild,64,1.5,tile16,gridBoundsCpu,1800,1.0484977777777778,1.0284,1.156415,1.28684,1.0279
rebuild,64,1.5,tile16,gridCountCpu,1800,0.02846311111111111,0.0267,0.03431999999999998,0.061409,0.0267
rebuild,64,1.5,tile16,gridPrefixCpu,1800,0.009900555555555555,0.0095,0.0115,0.017301999999999998,0.0097
rebuild,64,1.5,tile16,gridFillCpu,1800,0.07486055555555556,0.0719,0.09301,0.12670700000000001,0.0724
rebuild,64,1.5,cluster16,wallFrame,1800,5.182414166666667,5.1392500000000005,5.609859999999999,5.9423770000000005,5.135949999999999
rebuild,64,1.5,cluster16,cpuFrame,1800,5.175234833333333,5.13195,5.604325,5.936958,5.12955
rebuild,64,1.5,cluster16,gpuFrame,1800,4.035872977777777,4.019311999999999,4.3244608,4.50717952,4.017232
rebuild,64,1.5,cluster16,gridLightingCpu,1800,0.007121166666666667,0.007,0.0098,0.012601,0.007
rebuild,64,1.5,cluster16,gridLightingGpu,1800,0.10298563555555555,0.099808,0.1047408,0.245248,0.100048
rebuild,64,1.5,cluster16,cacheCheckCpu,1800,0.003922722222222222,0.0037,0.0045,0.0054009999999999996,0.0037
rebuild,64,1.5,cluster16,gridBuildCpu,1800,4.038837777777777,4.01905,4.359485,4.576436999999999,4.0136
rebuild,64,1.5,cluster16,gridUploadCpu,1800,0.07104822222222222,0.0678,0.10411,0.145718,0.0686
rebuild,64,1.5,cluster16,gridBoundsCpu,1800,1.0576043333333334,1.0420500000000001,1.142505,1.277804,1.0437500000000002
rebuild,64,1.5,cluster16,gridCountCpu,1800,0.12797344444444445,0.123,0.155705,0.22093,0.1228
rebuild,64,1.5,cluster16,gridPrefixCpu,1800,0.15968055555555552,0.1554,0.1887,0.240917,0.1563
rebuild,64,1.5,cluster16,gridFillCpu,1800,0.3047903333333333,0.298,0.365405,0.4558,0.3002
rebuild,64,3.0,tile16,wallFrame,1800,5.6966688888888894,5.66005,6.132524999999999,6.416542,5.6574
rebuild,64,3.0,tile16,cpuFrame,1800,5.689299666666666,5.652749999999999,6.125235,6.408852,5.64975
rebuild,64,3.0,tile16,gpuFrame,1800,4.557642453333333,4.531968,4.8589392,5.1329081599999995,4.531791999999999
rebuild,64,3.0,tile16,gridLightingCpu,1800,0.007348944444444444,0.0071,0.01,0.014907999999999992,0.0072
rebuild,64,3.0,tile16,gridLightingGpu,1800,0.25531452444444447,0.248608,0.25415999999999994,0.42949472,0.248704
rebuild,64,3.0,tile16,cacheCheckCpu,1800,0.00391,0.0037,0.0045,0.0051,0.0037
rebuild,64,3.0,tile16,gridBuildCpu,1800,4.599534888888889,4.59165,4.960715,5.233402,4.5808
rebuild,64,3.0,tile16,gridUploadCpu,1800,0.029015500000000003,0.0252,0.0486,0.077502,0.0254
rebuild,64,3.0,tile16,gridBoundsCpu,1800,2.523022222222222,2.49195,2.69307,2.881613,2.4905999999999997
rebuild,64,3.0,tile16,gridCountCpu,1800,0.10852722222222222,0.1056,0.12121499999999999,0.17872799999999997,0.1052
rebuild,64,3.0,tile16,gridPrefixCpu,1800,0.009824499999999998,0.0096,0.010704999999999996,0.016006999999999993,0.0096
rebuild,64,3.0,tile16,gridFillCpu,1800,0.46026738888888885,0.44855,0.5340050000000001,0.634918,0.4486
rebuild,64,3.0,cluster16,wallFrame,1800,14.487330166666666,14.43385,15.153815,15.52751,14.44915
rebuild,64,3.0,cluster16,cpuFrame,1800,14.479839888888888,14.4267,15.146825,15.520313,14.44125
rebuild,64,3.0,cluster16,gpuFrame,1800,13.297225279999997,13.252224,13.863185600000001,14.15945696,13.23872
rebuild,64,3.0,cluster16,gridLightingCpu,1800,0.010371777777777778,0.01,0.0119,0.019200999999999996,0.0101
rebuild,64,3.0,cluster16,gridLightingGpu,1800,0.21655155555555552,0.204704,0.3150063999999998,0.43835584,0.204864
rebuild,64,3.0,cluster16,cacheCheckCpu,1800,0.004075166666666667,0.0038,0.0046,0.005600999999999999,0.0038
rebuild,64,3.0,cluster16,gridBuildCpu,1800,11.998438666666665,11.98465,12.50927,12.906817,11.99005
rebuild,64,3.0,cluster16,gridUploadCpu,1800,0.6910300555555555,0.6709,0.833635,0.9933029999999999,0.674
rebuild,64,3.0,cluster16,gridBoundsCpu,1800,2.548173166666667,2.5225,2.721815,2.875407,2.5077
rebuild,64,3.0,cluster16,gridCountCpu,1800,0.640178,0.6224,0.735815,0.867901,0.6231
rebuild,64,3.0,cluster16,gridPrefixCpu,1800,0.17550844444444447,0.1704,0.21100999999999998,0.257827,0.17055
rebuild,64,3.0,cluster16,gridFillCpu,1800,2.8059295555555552,2.7739,3.0345649999999997,3.228656,2.7849000000000004
rebuild,64,6.0,tile16,wallFrame,1800,10.137674722222222,10.11085,10.606135,10.851166000000001,10.0646
rebuild,64,6.0,tile16,cpuFrame,1800,10.130625888888888,10.10365,10.60474,10.844271,10.05695
rebuild,64,6.0,tile16,gpuFrame,1800,9.001285013333334,8.96952,9.404544,9.67628064,8.925584
rebuild,64,6.0,tile16,gridLightingCpu,1800,0.009271833333333333,0.0091,0.011,0.016303999999999996,0.0089
rebuild,64,6.0,tile16,gridLightingGpu,1800,0.6896901333333334,0.674976,0.8270448,1.00745888,0.675008
rebuild,64,6.0,tile16,cacheCheckCpu,1800,0.0038553333333333334,0.0037,0.0044,0.005300999999999999,0.0036
rebuild,64,6.0,tile16,gridBuildCpu,1800,8.604683111111111,8.611650000000001,9.088205,9.304635000000001,8.55985
rebuild,64,6.0,tile16,gridUploadCpu,1800,0.22737944444444444,0.2208,0.26980499999999996,0.33632199999999995,0.2216
rebuild,64,6.0,tile16,gridBoundsCpu,1800,4.500699555555556,4.4709,4.73952,4.92694,4.4434000000000005
rebuild,64,6.0,tile16,gridCountCpu,1800,0.23279288888888888,0.2259,0.27580499999999997,0.366235,0.2275
rebuild,64,6.0,tile16,gridPrefixCpu,1800,0.010608333333333332,0.0104,0.0115,0.018205999999999996,0.0105
rebuild,64,6.0,tile16,gridFillCpu,1800,1.0931612222222222,1.0665,1.261645,1.468179,1.0585499999999999
rebuild,64,6.0,cluster16,wallFrame,1800,38.62258994444445,38.3438,39.673965,41.015387000000004,38.34035
rebuild,64,6.0,cluster16,cpuFrame,1800,38.6151995,38.3369,39.664604999999995,41.011151999999996,38.332499999999996
rebuild,64,6.0,cluster16,gpuFrame,1800,37.28849015111112,37.191056,38.4396336,39.423074559999996,37.189792
rebuild,64,6.0,cluster16,gridLightingCpu,1800,0.01022988888888889,0.0097,0.0115,0.027000999999999997,0.0097
rebuild,64,6.0,cluster16,gridLightingGpu,1800,0.6546418311111112,0.630752,0.8027743999999999,0.97981248,0.630752
rebuild,64,6.0,cluster16,cacheCheckCpu,1800,0.004095722222222222,0.0037,0.0047,0.0056,0.0037
rebuild,64,6.0,cluster16,gridBuildCpu,1800,33.868633555555554,33.62675,34.733875000000005,35.591175,33.6342
rebuild,64,6.0,cluster16,gridUploadCpu,1800,1.9742646666666668,1.9386,2.233645,2.4221,1.94075
rebuild,64,6.0,cluster16,gridBoundsCpu,1800,4.533096166666667,4.50445,4.753234999999999,4.981643999999999,4.47925
rebuild,64,6.0,cluster16,gridCountCpu,1800,1.865504,1.8301,2.032215,2.1891559999999997,1.8253499999999998
rebuild,64,6.0,cluster16,gridPrefixCpu,1800,0.1744038333333333,0.1699,0.20901499999999998,0.271115,0.1722
rebuild,64,6.0,cluster16,gridFillCpu,1800,12.946455555555557,12.8559,13.799245,14.57636,12.8491
rebuild,64,12.0,tile16,wallFrame,1800,12.432545611111111,12.3999,13.001685,13.359779,12.442350000000001
rebuild,64,12.0,tile16,cpuFrame,1800,12.425250944444443,12.3926,12.994715,13.353175,12.434650000000001
rebuild,64,12.0,tile16,gpuFrame,1800,11.21492920888889,11.170128,11.655348799999999,12.0921104,11.189344
rebuild,64,12.0,tile16,gridLightingCpu,1800,0.010236666666666668,0.0099,0.011704999999999995,0.02052099999999998,0.01
rebuild,64,12.0,tile16,gridLightingGpu,1800,1.0864657244444444,1.065408,1.2413456,1.47323776,1.065472
rebuild,64,12.0,tile16,cacheCheckCpu,1800,0.003883444444444444,0.0037,0.0044,0.0052,0.0037
rebuild,64,12.0,tile16,gridBuildCpu,1800,10.75887,10.7659,11.266905,11.64597,10.774750000000001
rebuild,64,12.0,tile16,gridUploadCpu,1800,0.2841772777777778,0.27495,0.349,0.42825199999999997,0.2758
rebuild,64,12.0,tile16,gridBoundsCpu,1800,5.56340111111111,5.523350000000001,5.8223,6.11288,5.53045
rebuild,64,12.0,tile16,gridCountCpu,1800,0.2878505,0.2791,0.34391999999999995,0.45154799999999995,0.2824
rebuild,64,12.0,tile16,gridPrefixCpu,1800,0.010789500000000002,0.0105,0.0115,0.0159,0.0105
rebuild,64,12.0,tile16,gridFillCpu,1800,1.281383777777778,1.2481499999999999,1.4733100000000001,1.6705240000000001,1.2483499999999998
rebuild,64,12.0,cluster16,wallFrame,1800,69.91694316666667,69.42835,72.74272,76.159876,69.43475000000001
rebuild,64,12.0,cluster16,cpuFrame,1800,69.90957666666667,69.42054999999999,72.73561000000001,76.153071,69.42785
rebuild,64,12.0,cluster16,gpuFrame,1800,68.52924268444444,68.197904,71.4584,74.55027584,68.224064
rebuild,64,12.0,cluster16,gridLightingCpu,1800,0.010531777777777779,0.0101,0.0121,0.019402,0.01
rebuild,64,12.0,cluster16,gridLightingGpu,1800,1.09587216,1.0622880000000001,1.2883407999999998,1.49443488,1.062096
rebuild,64,12.0,cluster16,cacheCheckCpu,1800,0.0038922222222222223,0.0037,0.0043,0.005,0.0037
rebuild,64,12.0,cluster16,gridBuildCpu,1800,62.73434377777778,62.3093,65.209825,68.330928,62.3294
rebuild,64,12.0,cluster16,gridUploadCpu,1800,3.3495061111111117,3.31145,3.688615,3.991826,3.3166
rebuild,64,12.0,cluster16,gridBoundsCpu,1800,5.618872666666667,5.59,5.891125,6.1242350000000005,5.612500000000001
rebuild,64,12.0,cluster16,gridCountCpu,1800,3.1765789444444446,3.1453,3.392525,3.578219,3.14845
rebuild,64,12.0,cluster16,gridPrefixCpu,1800,0.17063455555555557,0.1638,0.2094,0.27765199999999995,0.164
rebuild,64,12.0,cluster16,gridFillCpu,1800,30.18276211111111,29.907600000000002,32.840775,35.700258999999996,29.9307
rebuild,128,1.5,tile16,wallFrame,1800,4.8020763888888895,4.7677499999999995,5.21247,5.475405,4.77
rebuild,128,1.5,tile16,cpuFrame,1800,4.794800111111112,4.76075,5.2066,5.468353,4.7629
rebuild,128,1.5,tile16,gpuFrame,1800,3.6617322311111113,3.6415360000000003,3.963688,4.1260528,3.643024
rebuild,128,1.5,tile16,gridLightingCpu,1800,0.006246388888888888,0.0061,0.0091,0.011801999999999998,0.0063
rebuild,128,1.5,tile16,gridLightingGpu,1800,0.14514111999999998,0.14112,0.144584,0.30260032000000003,0.141216
rebuild,128,1.5,tile16,cacheCheckCpu,1800,0.007410055555555556,0.007,0.0083,0.014805999999999995,0.007
rebuild,128,1.5,tile16,gridBuildCpu,1800,3.763682888888889,3.74895,4.08401,4.250566999999999,3.75225
rebuild,128,1.5,tile16,gridUploadCpu,1800,0.015617888888888888,0.0139,0.0254,0.03731599999999999,0.014
rebuild,128,1.5,tile16,gridBoundsCpu,1800,2.483108944444445,2.44975,2.6660299999999997,2.796119,2.4532499999999997
rebuild,128,1.5,tile16,gridCountCpu,1800,0.05232977777777778,0.0504,0.060504999999999996,0.08220399999999999,0.0506
rebuild,128,1.5,tile16,gridPrefixCpu,1800,0.010364333333333333,0.01,0.0111,0.017704999999999995,0.0101
rebuild,128,1.5,tile16,gridFillCpu,1800,0.18260738888888886,0.1767,0.2172,0.32081099999999996,0.1771
rebuild,128,1.5,cluster16,wallFrame,1800,8.197932833333333,8.16785,8.716109999999999,9.020340000000001,8.14795
rebuild,128,1.5,cluster16,cpuFrame,1800,8.190721388888889,8.16175,8.70988,9.013345999999999,8.140699999999999
rebuild,128,1.5,cluster16,gpuFrame,1800,6.981321582222223,6.946592,7.37936,7.64157376,6.9488
rebuild,128,1.5,cluster16,gridLightingCpu,1800,0.009284722222222222,0.0091,0.0113,0.015937999999999966,0.0091
rebuild,128,1.5,cluster16,gridLightingGpu,1800,0.12168151111111111,0.116544,0.1309472,0.27675616,0.11664
rebuild,128,1.5,cluster16,cacheCheckCpu,1800,0.007589277777777778,0.0072,0.0085,0.013607999999999992,0.0072
rebuild,128,1.5,cluster16,gridBuildCpu,1800,6.545880722222222,6.52805,6.936015,7.134412,6.53115
rebuild,128,1.5,cluster16,gridUploadCpu,1800,0.26749883333333335,0.2587,0.335515,0.41073499999999996,0.25845
rebuild,128,1.5,cluster16,gridBoundsCpu,1800,2.5345505555555556,2.5057,2.709235,2.831302,2.5048
rebuild,128,1.5,cluster16,gridCountCpu,1800,0.22943933333333336,0.2218,0.270505,0.39280499999999996,0.2219
rebuild,128,1.5,cluster16,gridPrefixCpu,1800,0.16892755555555555,0.1641,0.2019,0.275125,0.1637
rebuild,128,1.5,cluster16,gridFillCpu,1800,0.6298600555555556,0.61465,0.738835,0.8475010000000001,0.61565
rebuild,128,3.0,tile16,wallFrame,1800,10.224680777777778,10.18485,10.753779999999999,11.021733999999999,10.1629
rebuild,128,3.0,tile16,cpuFrame,1800,10.217556499999999,10.1789,10.74648,11.014549,10.1554
rebuild,128,3.0,tile16,gpuFrame,1800,9.08639056,9.05576,9.4906336,9.80366656,9.033904
rebuild,128,3.0,tile16,gridLightingCpu,1800,0.009378500000000001,0.0092,0.0112,0.014101999999999998,0.00935
rebuild,128,3.0,tile16,gridLightingGpu,1800,0.42088199111111113,0.406848,0.5526752,0.6621513599999997,0.406784
rebuild,128,3.0,tile16,cacheCheckCpu,1800,0.007743666666666667,0.0073,0.0087,0.015406999999999994,0.0073
rebuild,128,3.0,tile16,gridBuildCpu,1800,8.701706166666668,8.68995,9.191609999999999,9.520659,8.66595
rebuild,128,3.0,tile16,gridUploadCpu,1800,0.2104412777777778,0.20315,0.25523999999999997,0.35066699999999995,0.2022
rebuild,128,3.0,tile16,gridBoundsCpu,1800,5.17845861111111,5.1468,5.434785000000001,5.74993,5.11325
rebuild,128,3.0,tile16,gridCountCpu,1800,0.21014083333333336,0.2025,0.25624499999999995,0.356327,0.2032
rebuild,128,3.0,tile16,gridPrefixCpu,1800,0.010714722222222223,0.0104,0.0114,0.018106999999999995,0.0104
rebuild,128,3.0,tile16,gridFillCpu,1800,0.9673118333333334,0.93715,1.12422,1.376658,0.9352
rebuild,128,3.0,cluster16,wallFrame,1800,27.04511177777778,26.9867,27.88576,28.36677,26.974449999999997
rebuild,128,3.0,cluster16,cpuFrame,1800,27.037977166666668,26.98035,27.878439999999998,28.359872,26.967799999999997
rebuild,128,3.0,cluster16,gpuFrame,1800,25.875768106666662,25.810864000000002,26.729283199999998,27.19007968,25.816192
rebuild,128,3.0,cluster16,gridLightingCpu,1800,0.010414555555555557,0.0099,0.0119,0.027603999999999997,0.0098
rebuild,128,3.0,cluster16,gridLightingGpu,1800,0.3383002133333333,0.320576,0.4661488,0.6572143999999999,0.320576
rebuild,128,3.0,cluster16,cacheCheckCpu,1800,0.00813888888888889,0.0074,0.0089,0.022719999999999983,0.0075
rebuild,128,3.0,cluster16,gridBuildCpu,1800,23.47799422222222,23.43985,24.15889,24.544032,23.4379
rebuild,128,3.0,cluster16,gridUploadCpu,1800,1.3084445555555555,1.2734,1.537725,1.732305,1.2745
rebuild,128,3.0,cluster16,gridBoundsCpu,1800,5.180587388888889,5.15315,5.4434499999999995,5.6358299999999995,5.1228
rebuild,128,3.0,cluster16,gridCountCpu,1800,1.2379952222222221,1.2108,1.38502,1.5431149999999998,1.2068500000000002
rebuild,128,3.0,cluster16,gridPrefixCpu,1800,0.17388666666666666,0.1666,0.21272,0.280516,0.1668
rebuild,128,3.0,cluster16,gridFillCpu,1800,7.2374905,7.1953499999999995,7.68122,7.961431,7.1949000000000005
rebuild,128,6.0,tile16,wallFrame,1800,19.21471666666667,19.162399999999998,19.91912,20.36582,19.148899999999998
rebuild,128,6.0,tile16,cpuFrame,1800,19.207376611111112,19.1548,19.90994,20.358604,19.14225
rebuild,128,6.0,tile16,gpuFrame,1800,17.980161671111112,17.916511999999997,18.57796,18.95154464,17.890672000000002
rebuild,128,6.0,tile16,gridLightingCpu,1800,0.010453277777777777,0.0101,0.011604999999999996,0.020408999999999993,0.0101
rebuild,128,6.0,tile16,gridLightingGpu,1800,1.3174465066666667,1.291936,1.5132223999999999,1.6972143999999998,1.292096
rebuild,128,6.0,tile16,cacheCheckCpu,1800,0.007659388888888889,0.0072,0.0085,0.010901,0.0072
rebuild,128,6.0,tile16,gridBuildCpu,1800,17.21471372222222,17.1945,17.831065,18.305456999999997,17.1688
rebuild,128,6.0,tile16,gridUploadCpu,1800,0.45863305555555556,0.44315,0.5688099999999999,0.676605,0.4426
rebuild,128,6.0,tile16,gridBoundsCpu,1800,9.182973833333332,9.1556,9.516025,9.704898,9.10505
rebuild,128,6.0,tile16,gridCountCpu,1800,0.47095250000000005,0.459,0.5516749999999999,0.676054,0.45645
rebuild,128,6.0,tile16,gridPrefixCpu,1800,0.010821166666666665,0.0105,0.0115,0.019100999999999996,0.0106
rebuild,128,6.0,tile16,gridFillCpu,1800,2.4234394444444445,2.37305,2.75647,3.0926699999999996,2.3761
rebuild,128,6.0,cluster16,wallFrame,1800,83.62783277777778,83.1026,86.812505,90.288517,83.01814999999999
rebuild,128,6.0,cluster16,cpuFrame,1800,83.62018327777778,83.09595,86.80668999999999,90.281775,83.01225
rebuild,128,6.0,cluster16,gpuFrame,1800,82.22453692444445,81.863392,85.5201984,88.68785824000001,81.76084800000001
rebuild,128,6.0,cluster16,gridLightingCpu,1800,0.010038055555555555,0.0097,0.0115,0.01892099999999998,0.0097
rebuild,128,6.0,cluster16,gridLightingGpu,1800,1.2494698311111112,1.20976,1.4619088,1.67510944,1.209424
rebuild,128,6.0,cluster16,cacheCheckCpu,1800,0.007552444444444445,0.0073,0.0085,0.010101999999999998,0.0073
rebuild,128,6.0,cluster16,gridBuildCpu,1800,75.40190844444444,74.93125,78.14854999999999,81.558533,74.85589999999999
rebuild,128,6.0,cluster16,gridUploadCpu,1800,3.9337189444444447,3.8902,4.306455,4.626809000000001,3.8856
rebuild,128,6.0,cluster16,gridBoundsCpu,1800,9.173989055555555,9.1405,9.534730000000001,9.831024,9.08155
rebuild,128,6.0,cluster16,gridCountCpu,1800,3.7499413888888893,3.7151,3.985445,4.270526,3.7150499999999997
rebuild,128,6.0,cluster16,gridPrefixCpu,1800,0.17488938888888889,0.1708,0.21613499999999997,0.2900309999999999,0.1707
rebuild,128,6.0,cluster16,gridFillCpu,1800,34.88724083333334,34.5449,37.584179999999996,40.534041,34.62715
rebuild,128,12.0,tile16,wallFrame,1800,23.676803277777775,23.6179,24.468339999999998,25.068835,23.7012
rebuild,128,12.0,tile16,cpuFrame,1800,23.669374444444443,23.611449999999998,24.461705000000002,25.061639,23.69385
rebuild,128,12.0,tile16,gpuFrame,1800,22.50722456888889,22.460528,23.2216512,23.73961472,22.538415999999998
rebuild,128,12.0,tile16,gridLightingCpu,1800,0.01058961111111111,0.0102,0.0119,0.017711999999999988,0.0102
rebuild,128,12.0,tile16,gridLightingGpu,1800,2.3066655644444443,2.31808,2.6876591999999997,2.8685462399999997,2.316464
rebuild,128,12.0,tile16,cacheCheckCpu,1800,0.007631277777777778,0.0072,0.0085,0.01111099999999999,0.0072
rebuild,128,12.0,tile16,gridBuildCpu,1800,21.466821888888887,21.4491,22.223860000000002,22.677032,21.5051
rebuild,128,12.0,tile16,gridUploadCpu,1800,0.5656781666666667,0.5464,0.68932,0.821527,0.54755
rebuild,128,12.0,tile16,gridBoundsCpu,1800,11.200906,11.17015,11.607785,11.936741,11.12115
rebuild,128,12.0,tile16,gridCountCpu,1800,0.5812016666666667,0.5636,0.711415,0.8348629999999999,0.5609
rebuild,128,12.0,tile16,gridPrefixCpu,1800,0.010925222222222222,0.0106,0.0116,0.022604999999999993,0.0106
rebuild,128,12.0,tile16,gridFillCpu,1800,2.8963880555555552,2.8550000000000004,3.237615,3.505757,2.8611
rebuild,128,12.0,cluster16,wallFrame,1800,122.89091755555556,122.5893,125.5274,128.545884,122.83885000000001
rebuild,128,12.0,cluster16,cpuFrame,1800,122.88347294444445,122.58109999999999,125.51837499999999,128.538276,122.8322
rebuild,128,12.0,cluster16,gpuFrame,1800,121.71456803555554,121.45304,124.349408,127.38974368,121.659312
rebuild,128,12.0,cluster16,gridLightingCpu,1800,0.010611611111111112,0.0101,0.012,0.024303999999999996,0.01
rebuild,128,12.0,cluster16,gridLightingGpu,1800,2.1723558755555556,2.0724,2.6089728,2.85665312,2.073728
rebuild,128,12.0,cluster16,cacheCheckCpu,1800,0.007551833333333333,0.0073,0.0085,0.010801999999999999,0.0072499999999999995
rebuild,128,12.0,cluster16,gridBuildCpu,1800,109.95555144444444,109.7365,112.2034,114.712681,109.90275
rebuild,128,12.0,cluster16,gridUploadCpu,1800,6.553350222222222,6.50535,7.01433,7.311765,6.52095
rebuild,128,12.0,cluster16,gridBoundsCpu,1800,11.261075277777778,11.2332,11.636714999999999,12.004116,11.273299999999999
rebuild,128,12.0,cluster16,gridCountCpu,1800,6.332306944444444,6.28395,6.630095,7.002868999999999,6.27775
rebuild,128,12.0,cluster16,gridPrefixCpu,1800,0.17058466666666666,0.16425,0.20700999999999997,0.278226,0.1629
rebuild,128,12.0,cluster16,gridFillCpu,1800,47.065165611111105,46.84955,49.21174,51.822595,46.97305
rebuild,256,1.5,tile16,wallFrame,1800,7.768337222222222,7.72805,8.20575,8.501223000000001,7.73785
rebuild,256,1.5,tile16,cpuFrame,1800,7.761311166666666,7.7216000000000005,8.200115,8.493727,7.7311499999999995
rebuild,256,1.5,tile16,gpuFrame,1800,6.625889173333334,6.5904799999999994,6.9492096,7.2085264,6.587631999999999
rebuild,256,1.5,tile16,gridLightingCpu,1800,0.008267888888888889,0.008,0.0106,0.0147,0.0081
rebuild,256,1.5,tile16,gridLightingGpu,1800,0.22127879111111112,0.217344,0.22032159999999998,0.36727136,0.217504
rebuild,256,1.5,tile16,cacheCheckCpu,1800,0.014858166666666667,0.0141,0.017,0.030304999999999995,0.0141
rebuild,256,1.5,tile16,gridBuildCpu,1800,6.632603666666666,6.60835,7.019745,7.310076,6.5959
rebuild,256,1.5,tile16,gridUploadCpu,1800,0.02769811111111111,0.0245,0.045,0.0752,0.0247
rebuild,256,1.5,tile16,gridBoundsCpu,1800,4.68947161111111,4.65965,4.906809999999999,5.065293,4.65915
rebuild,256,1.5,tile16,gridCountCpu,1800,0.10199844444444443,0.0981,0.12732,0.17294999999999996,0.0978
rebuild,256,1.5,tile16,gridPrefixCpu,1800,0.010307833333333334,0.01,0.0111,0.015902,0.01
rebuild,256,1.5,tile16,gridFillCpu,1800,0.4320811666666667,0.41915,0.5281049999999999,0.632346,0.40854999999999997
rebuild,256,1.5,cluster16,wallFrame,1800,13.057138055555555,12.99035,13.681669999999999,14.068833999999999,12.96245
rebuild,256,1.5,cluster16,cpuFrame,1800,13.050090666666668,12.98455,13.676505,14.063416,12.956199999999999
rebuild,256,1.5,cluster16,gpuFrame,1800,11.887787573333332,11.847104,12.3071152,12.66831008,11.823472
rebuild,256,1.5,cluster16,gridLightingCpu,1800,0.00974127777777778,0.0095,0.0112,0.014806999999999994,0.0095
rebuild,256,1.5,cluster16,gridLightingGpu,1800,0.15863036444444445,0.153792,0.16550720000000002,0.31885536000000003,0.15377600000000002
rebuild,256,1.5,cluster16,cacheCheckCpu,1800,0.015027944444444444,0.0143,0.016804999999999994,0.03410599999999999,0.0143
rebuild,256,1.5,cluster16,gridBuildCpu,1800,11.033095611111111,11.004249999999999,11.492495,11.9022,10.982099999999999
rebuild,256,1.5,cluster16,gridUploadCpu,1800,0.449203,0.43735,0.5473,0.65504,0.43735
rebuild,256,1.5,cluster16,gridBoundsCpu,1800,4.715722777777778,4.69095,4.950855,5.146176,4.661149999999999
rebuild,256,1.5,cluster16,gridCountCpu,1800,0.41604961111111116,0.4055,0.4735749999999999,0.579261,0.4052
rebuild,256,1.5,cluster16,gridPrefixCpu,1800,0.17537883333333332,0.1703,0.20530500000000002,0.25116399999999994,0.1696
rebuild,256,1.5,cluster16,gridFillCpu,1800,1.5019203888888888,1.4745499999999998,1.6595199999999999,1.8396239999999997,1.4779
rebuild,256,3.0,tile16,wallFrame,1800,18.115456333333334,18.0795,18.633945,19.008273,18.0767
rebuild,256,3.0,tile16,cpuFrame,1800,18.10807122222222,18.073,18.6257,19.002235,18.06895
rebuild,256,3.0,tile16,gpuFrame,1800,16.939569155555557,16.914288,17.4177008,17.736025920000003,16.866976
rebuild,256,3.0,tile16,gridLightingCpu,1800,0.010620277777777779,0.01,0.0125,0.024318999999999983,0.0101
rebuild,256,3.0,tile16,gridLightingGpu,1800,0.7270588622222223,0.710304,0.8713455999999999,1.06397824,0.710176
rebuild,256,3.0,tile16,cacheCheckCpu,1800,0.014923722222222222,0.0142,0.0168,0.02702099999999998,0.0142
rebuild,256,3.0,tile16,gridBuildCpu,1800,16.163915944444444,16.16505,16.710905,17.052750999999997,16.18105
rebuild,256,3.0,tile16,gridUploadCpu,1800,0.39812572222222214,0.3815,0.51542,0.59672,0.38615
rebuild,256,3.0,tile16,gridBoundsCpu,1800,9.734321777777778,9.70625,10.03095,10.327001,9.69775
rebuild,256,3.0,tile16,gridCountCpu,1800,0.3969373888888889,0.3871,0.47205499999999995,0.5730209999999999,0.3876
rebuild,256,3.0,tile16,gridPrefixCpu,1800,0.010913833333333333,0.0105,0.0117,0.019905999999999997,0.0105
rebuild,256,3.0,tile16,gridFillCpu,1800,2.122930444444444,2.0955,2.32638,2.519754,2.08555
rebuild,256,3.0,cluster16,wallFrame,1800,52.75333216666667,52.451350000000005,54.22942,55.757014999999996,52.371300000000005
rebuild,256,3.0,cluster16,cpuFrame,1800,52.74582027777778,52.44225,54.222675,55.749405,52.363150000000005
rebuild,256,3.0,cluster16,gpuFrame,1800,51.42622602666667,51.289488000000006,53.027624,54.29251968,51.212336
rebuild,256,3.0,cluster16,gridLightingCpu,1800,0.01031738888888889,0.0097,0.0117,0.024901999999999997,0.0097
rebuild,256,3.0,cluster16,gridLightingGpu,1800,0.5688219377777778,0.539232,0.7326863999999998,0.9487430399999999,0.539232
rebuild,256,3.0,cluster16,cacheCheckCpu,1800,0.015384777777777777,0.0146,0.017304999999999994,0.028323999999999978,0.0146
rebuild,256,3.0,cluster16,gridBuildCpu,1800,47.27605950000001,47.0107,48.5726,49.881023,46.943799999999996
rebuild,256,3.0,cluster16,gridUploadCpu,1800,2.3649199999999997,2.3293999999999997,2.6454299999999997,2.8479389999999998,2.336
rebuild,256,3.0,cluster16,gridBoundsCpu,1800,9.698309055555557,9.67245,10.044514999999999,10.308901,9.622
rebuild,256,3.0,cluster16,gridCountCpu,1800,2.252590666666667,2.2205,2.443825,2.573519,2.21915
rebuild,256,3.0,cluster16,gridPrefixCpu,1800,0.17411377777777778,0.1701,0.201705,0.251903,0.1709
rebuild,256,3.0,cluster16,gridFillCpu,1800,18.470207555555557,18.3229,19.75093,20.822978,18.28765
rebuild,256,6.0,tile16,wallFrame,1800,36.10752155555555,35.84245,36.94212,37.633088,35.797650000000004
rebuild,256,6.0,tile16,cpuFrame,1800,36.10003461111111,35.8349,36.936455,37.625597,35.78975
rebuild,256,6.0,tile16,gpuFrame,1800,34.756268,34.698432,35.7384256,36.38341056,34.649168
rebuild,256,6.0,tile16,gridLightingCpu,1800,0.010805444444444444,0.0102,0.0122,0.022503999999999996,0.0102
rebuild,256,6.0,tile16,gridLightingGpu,1800,2.6583393244444444,2.661936,3.0064992,3.2001968,2.662336
rebuild,256,6.0,tile16,cacheCheckCpu,1800,0.015057777777777778,0.0143,0.0169,0.026102,0.0143
rebuild,256,6.0,tile16,gridBuildCpu,1800,33.19668411111111,32.96335,33.997985,34.646237,32.93615
rebuild,256,6.0,tile16,gridUploadCpu,1800,0.9324126666666666,0.9025,1.1041400000000001,1.2749309999999998,0.9033
rebuild,256,6.0,tile16,gridBoundsCpu,1800,18.212956555555554,18.153750000000002,18.71464,19.22621,18.1387
rebuild,256,6.0,tile16,gridCountCpu,1800,0.9400638888888889,0.9132,1.094835,1.2624669999999998,0.91365
rebuild,256,6.0,tile16,gridPrefixCpu,1800,0.011206,0.0108,0.0118,0.020205999999999995,0.0108
rebuild,256,6.0,tile16,gridFillCpu,1800,4.552276444444444,4.499499999999999,5.03736,5.394012,4.5019
rebuild,256,6.0,cluster16,wallFrame,1800,155.52046955555554,154.97084999999998,160.58966999999998,165.23644000000002,154.865
rebuild,256,6.0,cluster16,cpuFrame,1800,155.51280055555557,154.96255000000002,160.58043,165.228655,154.85525
rebuild,256,6.0,cluster16,gpuFrame,1800,154.34771733333332,153.768448,159.2564688,163.98172576000002,153.695312
rebuild,256,6.0,cluster16,gridLightingCpu,1800,0.010415666666666665,0.01,0.0122,0.021,0.01
rebuild,256,6.0,cluster16,gridLightingGpu,1800,2.3001035022222216,2.21304,2.7176944,2.9271878399999998,2.2124639999999998
rebuild,256,6.0,cluster16,cacheCheckCpu,1800,0.014825833333333335,0.0143,0.0165,0.026801,0.0143
rebuild,256,6.0,cluster16,gridBuildCpu,1800,140.95812033333334,140.46965,145.41660000000002,149.645459,140.4454
rebuild,256,6.0,cluster16,gridUploadCpu,1800,7.481365444444444,7.43215,8.005785,8.339004000000001,7.4171
rebuild,256,6.0,cluster16,gridBoundsCpu,1800,18.184666333333336,18.134149999999998,18.6617,19.105669,18.13785
rebuild,256,6.0,cluster16,gridCountCpu,1800,7.2533761666666665,7.20125,7.637829999999999,8.039287999999999,7.2033000000000005
rebuild,256,6.0,cluster16,gridPrefixCpu,1800,0.17020722222222226,0.1632,0.209905,0.26830099999999996,0.16365000000000002
rebuild,256,6.0,cluster16,gridFillCpu,1800,64.13188016666668,63.59995,68.36762,71.786655,63.55525
rebuild,256,12.0,tile16,wallFrame,1800,46.050498,45.8517,46.941285,47.532106999999996,45.7419
rebuild,256,12.0,tile16,cpuFrame,1800,46.042898777777786,45.843900000000005,46.933704999999996,47.524392999999996,45.7321
rebuild,256,12.0,tile16,gpuFrame,1800,44.67661187555555,44.629664000000005,45.700182399999996,46.23214368,44.52632
rebuild,256,12.0,tile16,gridLightingCpu,1800,0.010473666666666666,0.0101,0.0116,0.020705999999999995,0.01
rebuild,256,12.0,tile16,gridLightingGpu,1800,4.484173813333333,4.526944,4.900422399999999,5.07996928,4.52816
rebuild,256,12.0,tile16,cacheCheckCpu,1800,0.014665444444444446,0.0142,0.0166,0.026302999999999997,0.0142
rebuild,256,12.0,tile16,gridBuildCpu,1800,42.78821766666666,42.605000000000004,43.658705,44.22871,42.48175
rebuild,256,12.0,tile16,gridUploadCpu,1800,1.1539030555555556,1.1191499999999999,1.354335,1.5451089999999998,1.1161500000000002
rebuild,256,12.0,tile16,gridBoundsCpu,1800,22.38823466666667,22.343049999999998,23.014795,23.311453999999998,22.21465
rebuild,256,12.0,tile16,gridCountCpu,1800,1.1768117777777778,1.1437,1.36623,1.535747,1.1377
rebuild,256,12.0,tile16,gridPrefixCpu,1800,0.011098833333333332,0.0106,0.011804999999999996,0.024,0.0105
rebuild,256,12.0,tile16,gridFillCpu,1800,6.5196805555555555,6.4577,7.00814,7.391488,6.4649
rebuild,256,12.0,cluster16,wallFrame,1800,241.38947372222222,240.8649,246.992595,253.302333,240.0464
rebuild,256,12.0,cluster16,cpuFrame,1800,241.38147144444446,240.85815,246.98495499999999,253.297595,240.0387
rebuild,256,12.0,cluster16,gpuFrame,1800,240.1621107377778,239.576912,245.65340959999997,252.0040944,238.842096
rebuild,256,12.0,cluster16,gridLightingCpu,1800,0.010356166666666668,0.01,0.0118,0.018515999999999984,0.01
rebuild,256,12.0,cluster16,gridLightingGpu,1800,4.43061136,4.4653279999999995,4.8206032,5.016056,4.466304
rebuild,256,12.0,cluster16,cacheCheckCpu,1800,0.014799611111111112,0.0143,0.0166,0.025903999999999996,0.0143
rebuild,256,12.0,cluster16,gridBuildCpu,1800,217.03013972222223,216.4848,221.68615499999999,225.869792,215.97965
rebuild,256,12.0,cluster16,gridUploadCpu,1800,13.017571111111112,12.894649999999999,13.85553,15.002657,12.8611
rebuild,256,12.0,cluster16,gridBoundsCpu,1800,22.421738444444443,22.3738,23.113139999999998,23.497168000000002,22.25325
rebuild,256,12.0,cluster16,gridCountCpu,1800,12.540609055555556,12.478950000000001,13.008945,13.496717,12.47105
rebuild,256,12.0,cluster16,gridPrefixCpu,1800,0.1720968888888889,0.164,0.21505499999999994,0.29410299999999995,0.1638
rebuild,256,12.0,cluster16,gridFillCpu,1800,93.41308527777777,92.85655,97.61781500000001,101.587141,92.5633
rebuild,512,1.5,tile16,wallFrame,1800,13.954714555555555,13.911249999999999,14.497304999999999,14.78673,13.894300000000001
rebuild,512,1.5,tile16,cpuFrame,1800,13.947142277777775,13.9027,14.490425,14.778242,13.88665
rebuild,512,1.5,tile16,gpuFrame,1800,12.807743413333332,12.776064,13.174816,13.48459712,12.771776
rebuild,512,1.5,tile16,gridLightingCpu,1800,0.010019777777777778,0.0096,0.0112,0.01750999999999999,0.0096
rebuild,512,1.5,tile16,gridLightingGpu,1800,0.3775180266666667,0.373504,0.3785616,0.52733408,0.373408
rebuild,512,1.5,tile16,cacheCheckCpu,1800,0.02935238888888889,0.0282,0.032404999999999996,0.052726999999999975,0.0282
rebuild,512,1.5,tile16,gridBuildCpu,1800,12.372757555555555,12.3707,12.853135,13.144262,12.3618
rebuild,512,1.5,tile16,gridUploadCpu,1800,0.2183126111111111,0.21045,0.27441,0.3588399999999999,0.2104
rebuild,512,1.5,tile16,gridBoundsCpu,1800,8.867978888888889,8.84105,9.153625,9.372219999999999,8.83085
rebuild,512,1.5,tile16,gridCountCpu,1800,0.21747072222222222,0.2101,0.265625,0.35253699999999993,0.2088
rebuild,512,1.5,tile16,gridPrefixCpu,1800,0.010839444444444443,0.0105,0.0114,0.019404999999999995,0.0106
rebuild,512,1.5,tile16,gridFillCpu,1800,0.9955681111111111,0.9636,1.1584400000000001,1.3226109999999998,0.96345
rebuild,512,1.5,cluster16,wallFrame,1800,24.041553500000003,24.0071,24.83581,25.288071000000002,24.0764
rebuild,512,1.5,cluster16,cpuFrame,1800,24.03421638888889,23.99965,24.829235,25.281347,24.06995
rebuild,512,1.5,cluster16,gpuFrame,1800,22.87853104,22.838448,23.659705600000002,24.07248256,22.860528
rebuild,512,1.5,cluster16,gridLightingCpu,1800,0.010849833333333333,0.01,0.012504999999999995,0.03631099999999999,0.0099
rebuild,512,1.5,cluster16,gridLightingGpu,1800,0.23695584,0.226016,0.2833119999999996,0.4602710399999999,0.225936
rebuild,512,1.5,cluster16,cacheCheckCpu,1800,0.029713333333333335,0.0283,0.033305,0.064007,0.0283
rebuild,512,1.5,cluster16,gridBuildCpu,1800,21.157663499999998,21.1137,21.92856,22.381807,21.08635
rebuild,512,1.5,cluster16,gridUploadCpu,1800,0.8907997777777777,0.855,1.09321,1.245012,0.86145
rebuild,512,1.5,cluster16,gridBoundsCpu,1800,8.938512722222223,8.88,9.403545,9.618473999999999,8.82835
rebuild,512,1.5,cluster16,gridCountCpu,1800,0.8536286666666667,0.8223,1.0001349999999998,1.205793,0.8234
rebuild,512,1.5,cluster16,gridPrefixCpu,1800,0.17879550000000002,0.1741,0.21802999999999997,0.273738,0.176
rebuild,512,1.5,cluster16,gridFillCpu,1800,4.218926611111111,4.1839,4.513795,4.693621,4.188750000000001
rebuild,512,3.0,tile16,wallFrame,1800,33.62583083333334,33.42085,34.38181,34.950513,33.4279
rebuild,512,3.0,tile16,cpuFrame,1800,33.61876961111111,33.414199999999994,34.37398,34.943232,33.4199
rebuild,512,3.0,tile16,gpuFrame,1800,32.29755029333333,32.254976,33.1291664,33.65213984,32.282688
rebuild,512,3.0,tile16,gridLightingCpu,1800,0.010908222222222222,0.0101,0.0123,0.029001,0.0101
rebuild,512,3.0,tile16,gridLightingGpu,1800,1.4253468977777777,1.36272,1.7947536,1.9808687999999999,1.362496
rebuild,512,3.0,tile16,cacheCheckCpu,1800,0.02923238888888889,0.0281,0.0321,0.05370199999999999,0.0282
rebuild,512,3.0,tile16,gridBuildCpu,1800,31.064248722222224,30.874200000000002,31.80068,32.311904999999996,30.8936
rebuild,512,3.0,tile16,gridUploadCpu,1800,0.7484990555555555,0.7227,0.906105,1.062437,0.7216
rebuild,512,3.0,tile16,gridBoundsCpu,1800,19.18307138888889,19.15865,19.71831,20.080237,19.2027
rebuild,512,3.0,tile16,gridCountCpu,1800,0.7579458888888889,0.7321,0.905115,1.074063,0.7309
rebuild,512,3.0,tile16,gridPrefixCpu,1800,0.011163111111111111,0.0109,0.0119,0.020807999999999993,0.0109
rebuild,512,3.0,tile16,gridFillCpu,1800,3.9358405555555556,3.88705,4.3529,4.77652,3.8843
rebuild,512,3.0,cluster16,wallFrame,1800,104.99834855555555,104.7236,108.061945,111.059032,104.56524999999999
rebuild,512,3.0,cluster16,cpuFrame,1800,104.9905505,104.71645000000001,108.053665,111.05174099999999,104.5569
rebuild,512,3.0,cluster16,gpuFrame,1800,103.78743941333335,103.496064,106.88439360000001,109.77134688000001,103.394064
rebuild,512,3.0,cluster16,gridLightingCpu,1800,0.010458333333333332,0.01,0.0118,0.022300999999999998,0.01
rebuild,512,3.0,cluster16,gridLightingGpu,1800,1.063893368888889,1.030032,1.2489344,1.4684604799999998,1.03024
rebuild,512,3.0,cluster16,cacheCheckCpu,1800,0.0293045,0.0283,0.031805,0.04835699999999995,0.0283
rebuild,512,3.0,cluster16,gridBuildCpu,1800,95.89176988888889,95.6435,98.66634,101.570472,95.59190000000001
rebuild,512,3.0,cluster16,gridUploadCpu,1800,4.410645611111112,4.372999999999999,4.7495899999999995,5.036814000000001,4.35885
rebuild,512,3.0,cluster16,gridBoundsCpu,1800,19.016747666666667,18.9785,19.532805000000003,19.817556,18.87995
rebuild,512,3.0,cluster16,gridCountCpu,1800,4.2729825,4.23885,4.53435,4.812564,4.23895
rebuild,512,3.0,cluster16,gridPrefixCpu,1800,0.17416644444444443,0.167,0.2118,0.2815579999999999,0.1652
rebuild,512,3.0,cluster16,gridFillCpu,1800,42.225912888888885,42.0007,44.978625,47.337726999999994,41.827
rebuild,512,6.0,tile16,wallFrame,1800,66.98174783333333,66.74435,68.18045500000001,69.279861,66.6474
rebuild,512,6.0,tile16,cpuFrame,1800,66.97419000000001,66.736,68.17646500000001,69.27385899999999,66.64080000000001
rebuild,512,6.0,tile16,gpuFrame,1800,65.6110620088889,65.526464,66.9103216,67.91401632,65.42248000000001
rebuild,512,6.0,tile16,gridLightingCpu,1800,0.010537444444444443,0.0102,0.0123,0.01982299999999998,0.0101
rebuild,512,6.0,tile16,gridLightingGpu,1800,5.02420032,5.054208,5.4601536,5.70454784,5.054128
rebuild,512,6.0,tile16,cacheCheckCpu,1800,0.029058722222222222,0.0281,0.031305,0.05150899999999999,0.0281
rebuild,512,6.0,tile16,gridBuildCpu,1800,62.425855388888884,62.21215,63.51163,64.545813,62.166399999999996
rebuild,512,6.0,tile16,gridUploadCpu,1800,1.853463888888889,1.8115999999999999,2.10727,2.398269,1.8127499999999999
rebuild,512,6.0,tile16,gridBoundsCpu,1800,35.90759311111111,35.84455,36.599759999999996,37.30961799999999,35.8397
rebuild,512,6.0,tile16,gridCountCpu,1800,1.8411612777777777,1.7988,2.0850299999999997,2.3206450000000003,1.8033
rebuild,512,6.0,tile16,gridPrefixCpu,1800,0.0113115,0.011,0.0119,0.021102,0.011
rebuild,512,6.0,tile16,gridFillCpu,1800,7.074249111111111,6.99075,7.7554799999999995,8.383207,6.96915
rebuild,512,6.0,cluster16,wallFrame,1800,302.1062715,300.3443,315.09585000000004,325.384476,299.22415
rebuild,512,6.0,cluster16,cpuFrame,1800,302.09831794444443,300.33785,315.08680999999996,325.37709,299.21915
rebuild,512,6.0,cluster16,gpuFrame,1800,300.8506231111111,299.154528,313.5717216,324.06389504,297.968992
rebuild,512,6.0,cluster16,gridLightingCpu,1800,0.010187000000000002,0.0098,0.0117,0.018805999999999996,0.0098
rebuild,512,6.0,cluster16,gridLightingGpu,1800,4.510475466666667,4.545328,4.8920208,5.053902079999999,4.544112
rebuild,512,6.0,cluster16,cacheCheckCpu,1800,0.029169277777777777,0.0283,0.0314,0.054401,0.0284
rebuild,512,6.0,cluster16,gridBuildCpu,1800,274.73507744444447,273.34385,285.17005,292.68244400000003,272.5843
rebuild,512,6.0,cluster16,gridUploadCpu,1800,14.688733333333333,14.412700000000001,16.08817,20.061038,14.35105
rebuild,512,6.0,cluster16,gridBoundsCpu,1800,35.94858577777778,35.85165,36.71591,37.510129,35.81245
rebuild,512,6.0,cluster16,gridCountCpu,1800,14.099189833333332,14.024799999999999,14.683875,15.347918,14.02525
rebuild,512,6.0,cluster16,gridPrefixCpu,1800,0.169379,0.1619,0.2122,0.276908,0.16144999999999998
rebuild,512,6.0,cluster16,gridFillCpu,1800,126.50893905555554,125.03855,136.152535,141.79478600000002,124.42075
rebuild,512,12.0,tile16,wallFrame,1800,93.19196194444443,92.97585000000001,94.89855999999999,96.22053,92.87065
rebuild,512,12.0,tile16,cpuFrame,1800,93.18441122222222,92.9686,94.89298,96.211245,92.86335
rebuild,512,12.0,tile16,gpuFrame,1800,91.82247788444442,91.728944,93.5745568,94.79197696,91.648096
rebuild,512,12.0,tile16,gridLightingCpu,1800,0.010315222222222222,0.0099,0.0118,0.02320699999999999,0.0099
rebuild,512,12.0,tile16,gridLightingGpu,1800,9.01527431111111,8.948576,9.7869056,10.04520288,8.940688000000002
rebuild,512,12.0,tile16,cacheCheckCpu,1800,0.029371666666666667,0.0282,0.031904999999999996,0.05590799999999999,0.0283
rebuild,512,12.0,tile16,gridBuildCpu,1800,87.8618628888889,87.63855000000001,89.406005,90.706211,87.5175
rebuild,512,12.0,tile16,gridUploadCpu,1800,2.300159222222222,2.2569,2.5884899999999997,2.82867,2.2592499999999998
rebuild,512,12.0,tile16,gridBoundsCpu,1800,44.781927277777775,44.7271,45.726725,46.270681,44.5175
rebuild,512,12.0,tile16,gridCountCpu,1800,2.3263343888888888,2.2935499999999998,2.649685,2.908017,2.27715
rebuild,512,12.0,tile16,gridPrefixCpu,1800,0.011329444444444444,0.0109,0.0118,0.0261,0.0109
rebuild,512,12.0,tile16,gridFillCpu,1800,16.26771383333333,16.1717,17.10977,17.871329000000003,16.159100000000002
rebuild,512,12.0,cluster16,wallFrame,1800,479.01410144444446,478.1837,489.337705,496.89458099999996,478.09000000000003
rebuild,512,12.0,cluster16,cpuFrame,1800,479.0056377222222,478.17539999999997,489.33017,496.885692,478.08515
rebuild,512,12.0,cluster16,gpuFrame,1800,477.7902844444444,476.92592,487.9802112,495.43351072,476.86136
rebuild,512,12.0,cluster16,gridLightingCpu,1800,0.010265611111111109,0.0099,0.0117,0.017918999999999984,0.0099
rebuild,512,12.0,cluster16,gridLightingGpu,1800,8.82063927111111,8.744144,9.5840096,9.826498879999999,8.746448000000001
rebuild,512,12.0,cluster16,cacheCheckCpu,1800,0.029211277777777777,0.0284,0.0315,0.053101,0.0282
rebuild,512,12.0,cluster16,gridBuildCpu,1800,432.13357327777777,431.28835,441.58090000000004,448.396662,431.07515
rebuild,512,12.0,cluster16,gridUploadCpu,1800,25.769377499999997,25.56975,27.382775000000002,28.554750000000002,25.68015
rebuild,512,12.0,cluster16,gridBoundsCpu,1800,44.78685388888889,44.688,45.950725,46.689429,44.398250000000004
rebuild,512,12.0,cluster16,gridCountCpu,1800,24.84539561111111,24.76285,25.587880000000002,26.479064,24.70495
rebuild,512,12.0,cluster16,gridPrefixCpu,1800,0.1716075,0.1642,0.213005,0.286812,0.163
rebuild,512,12.0,cluster16,gridFillCpu,1800,188.76622488888887,187.8268,196.90608999999998,203.84993,188.07335
